// =============================================================================
// ATKINSON_HEADING BITMAP FONT
// =============================================================================
// Generated by tools/gen_font.py from AtkinsonHyperlegible-Bold.ttf at 42 px, the size that gives the
// large face its 29 px capital. Do not edit; rerun the generator instead.
#pragma once

#include "ui/font.h"

static const uint8_t atkinson_heading_bitmap[] = {
    0x00, 0x00, 0x00, 0x00, 0x00, 0x00, 0x00, 0x00, 0x00, 0x00, 0x00, 0x00, 0x00, 0x00, 0x00, 0x00,
    0x00, 0x00, 0x00, 0x00, 0x00, 0x00, 0x00, 0x00, 0x00, 0x00, 0x00, 0x00, 0x00, 0x00, 0x00, 0x00,
    0x00, 0x00, 0x00, 0x00, 0x00, 0x00, 0x00, 0x00, 0x00, 0x00, 0x00, 0x00, 0x00, 0x00, 0x00, 0x00,
    0x00, 0x00, 0x00, 0x00, 0x00, 0x00, 0x00, 0x00, 0x00, 0x00, 0x00, 0x00, 0x00, 0x00, 0x00, 0x00,
    0x00, 0x00, 0x00, 0x00, 0x00, 0x00, 0x00, 0x00, 0x00, 0x00, 0x00, 0x00, 0x00, 0x00, 0x00, 0x00,
    0x00, 0x00, 0x00, 0x00, 0x00, 0x00, 0x00, 0x00, 0x00, 0x00, 0x00, 0x00, 0x00, 0x00, 0x00, 0x00,
    0x00, 0x00, 0x00, 0x00, 0x00, 0x00, 0x00, 0x00, 0x00, 0x00, 0x00, 0x00, 0x00, 0x00, 0x00, 0x00,
    0x00, 0x00, 0x00, 0x00, 0x00, 0x00, 0x00, 0x00, 0x3F, 0xC0, 0x3F, 0xC0, 0x3F, 0xC0, 0x3F, 0xC0,
    0x3F, 0xC0, 0x3F, 0xC0, 0x3F, 0xC0, 0x3F, 0xC0, 0x3F, 0xC0, 0x3F, 0xC0, 0x3F, 0xC0, 0x3F, 0x80,
    0x1F, 0x80, 0x1F, 0x80, 0x1F, 0x80, 0x1F, 0x80, 0x1F, 0x80, 0x1F, 0x00, 0x00, 0x00, 0x00, 0x00,
    0x00, 0x00, 0x00, 0x00, 0x1F, 0x80, 0x3F, 0xC0, 0x3F, 0xC0, 0x3F, 0xC0, 0x3F, 0xC0, 0x3F, 0x80,
    0x1F, 0x80, 0x00, 0x00, 0x00, 0x00, 0x00, 0x00, 0x00, 0x00, 0x00, 0x00, 0x00, 0x00, 0x00, 0x00,
    0x00, 0x00, 0x00, 0x00, 0x00, 0x00, 0x00, 0x00, 0x00, 0x00, 0x00, 0x00, 0x00, 0x00, 0x00, 0x00,
    0x00, 0x00, 0x00, 0x00, 0x00, 0x00, 0x00, 0x00, 0x00, 0x00, 0x00, 0x00, 0x00, 0x00, 0x00, 0x00,
    0x00, 0x00, 0x00, 0x00, 0x00, 0x00, 0x3F, 0x3F, 0x00, 0x3F, 0x3E, 0x00, 0x3F, 0x3E, 0x00, 0x3E,
    0x3E, 0x00, 0x3E, 0x3E, 0x00, 0x3E, 0x3E, 0x00, 0x3E, 0x3E, 0x00, 0x3E, 0x3E, 0x00, 0x3E, 0x3E,
    0x00, 0x3E, 0x3E, 0x00, 0x00, 0x00, 0x00, 0x00, 0x00, 0x00, 0x00, 0x00, 0x00, 0x00, 0x00, 0x00,
    0x00, 0x00, 0x00, 0x00, 0x00, 0x00, 0x00, 0x00, 0x00, 0x00, 0x00, 0x00, 0x00, 0x00, 0x00, 0x00,
    0x00, 0x00, 0x00, 0x00, 0x00, 0x00, 0x00, 0x00, 0x00, 0x00, 0x00, 0x00, 0x00, 0x00, 0x00, 0x00,
    0x00, 0x00, 0x00, 0x00, 0x00, 0x00, 0x00, 0x00, 0x00, 0x00, 0x00, 0x00, 0x00, 0x00, 0x00, 0x00,
    0x00, 0x00, 0x00, 0x00, 0x00, 0x00, 0x00, 0x00, 0x00, 0x00, 0x00, 0x00, 0x00, 0x00, 0x00, 0x00,
    0x00, 0x00, 0x00, 0x00, 0x00, 0x00, 0x00, 0x00, 0x00, 0x00, 0x00, 0x00, 0x00, 0x00, 0x00, 0x00,
    0x00, 0x00, 0x00, 0x00, 0x00, 0x00, 0x00, 0x00, 0x00, 0x00, 0x00, 0x00, 0x00, 0x00, 0x00, 0x00,
    0x00, 0x00, 0x00, 0x00, 0x00, 0x00, 0x00, 0x00, 0x00, 0x00, 0x00, 0x00, 0x00, 0x00, 0x00, 0x00,
    0x00, 0x00, 0x00, 0x00, 0x00, 0x00, 0x00, 0x00, 0x00, 0x00, 0x00, 0x00, 0x00, 0x00, 0x00, 0x00,
    0x00, 0x3F, 0x07, 0xE0, 0x00, 0x00, 0x7E, 0x07, 0xE0, 0x00, 0x00, 0x7E, 0x07, 0xE0, 0x00, 0x00,
    0x7E, 0x07, 0xE0, 0x00, 0x00, 0x7E, 0x07, 0xE0, 0x00, 0x00, 0x7E, 0x07, 0xE0, 0x00, 0x1F, 0xFF,
    0xFF, 0xFF, 0x00, 0x1F, 0xFF, 0xFF, 0xFF, 0x00, 0x1F, 0xFF, 0xFF, 0xFF, 0x00, 0x1F, 0xFF, 0xFF,
    0xFE, 0x00, 0x1F, 0xFF, 0xFF, 0xFE, 0x00, 0x1F, 0xFF, 0xFF, 0xFE, 0x00, 0x00, 0xFC, 0x0F, 0xC0,
    0x00, 0x00, 0xFC, 0x1F, 0x80, 0x00, 0x00, 0xFC, 0x1F, 0x80, 0x00, 0x00, 0xFC, 0x1F, 0x80, 0x00,
    0x01, 0xF8, 0x1F, 0x80, 0x00, 0x01, 0xF8, 0x1F, 0x80, 0x00, 0x3F, 0xFF, 0xFF, 0xFC, 0x00, 0x3F,
    0xFF, 0xFF, 0xFC, 0x00, 0x7F, 0xFF, 0xFF, 0xFC, 0x00, 0x7F, 0xFF, 0xFF, 0xFC, 0x00, 0x7F, 0xFF,
    0xFF, 0xFC, 0x00, 0x7F, 0xFF, 0xFF, 0xF8, 0x00, 0x03, 0xF0, 0x3F, 0x00, 0x00, 0x03, 0xF0, 0x3F,
    0x00, 0x00, 0x03, 0xF0, 0x3F, 0x00, 0x00, 0x03, 0xF0, 0x7E, 0x00, 0x00, 0x03, 0xF0, 0x7E, 0x00,
    0x00, 0x00, 0x00, 0x00, 0x00, 0x00, 0x00, 0x00, 0x00, 0x00, 0x00, 0x00, 0x00, 0x00, 0x00, 0x00,
    0x00, 0x00, 0x00, 0x00, 0x00, 0x00, 0x00, 0x00, 0x00, 0x00, 0x00, 0x00, 0x00, 0x00, 0x00, 0x00,
    0x00, 0x00, 0x00, 0x00, 0x00, 0x00, 0x00, 0x00, 0x00, 0x00, 0x00, 0x00, 0x00, 0x00, 0x00, 0x00,
    0x00, 0x00, 0x00, 0x00, 0x00, 0x00, 0x00, 0x00, 0x00, 0x00, 0x00, 0x00, 0x00, 0x00, 0x00, 0x00,
    0x00, 0x00, 0x00, 0x00, 0x00, 0x00, 0x00, 0x00, 0x00, 0x00, 0x00, 0x00, 0x00, 0x00, 0x00, 0x00,
    0x00, 0x00, 0x00, 0x00, 0x00, 0x1E, 0x00, 0x00, 0x00, 0x1E, 0x00, 0x00, 0x00, 0x1E, 0x00, 0x00,
    0x00, 0x7F, 0x80, 0x00, 0x03, 0xFF, 0xF0, 0x00, 0x0F, 0xFF, 0xF8, 0x00, 0x1F, 0xFF, 0xFC, 0x00,
    0x3F, 0xFF, 0xFE, 0x00, 0x3F, 0xFF, 0xFF, 0x00, 0x7F, 0x9E, 0xFE, 0x00, 0x7F, 0x1E, 0x70, 0x00,
    0x7F, 0x1E, 0x00, 0x00, 0x7F, 0x1E, 0x00, 0x00, 0x7F, 0xDE, 0x00, 0x00, 0x3F, 0xFE, 0x00, 0x00,
    0x3F, 0xFF, 0xC0, 0x00, 0x1F, 0xFF, 0xF0, 0x00, 0x0F, 0xFF, 0xFC, 0x00, 0x03, 0xFF, 0xFE, 0x00,
    0x00, 0xFF, 0xFF, 0x00, 0x00, 0x1F, 0xFF, 0x80, 0x00, 0x1E, 0xFF, 0x80, 0x00, 0x1E, 0x7F, 0x80,
    0x02, 0x1E, 0x3F, 0x80, 0x0F, 0x1E, 0x3F, 0x80, 0x7F, 0x1E, 0x3F, 0x80, 0x7F, 0xDE, 0x7F, 0x00,
    0x3F, 0xFF, 0xFF, 0x00, 0x1F, 0xFF, 0xFE, 0x00, 0x0F, 0xFF, 0xFC, 0x00, 0x07, 0xFF, 0xF8, 0x00,
    0x01, 0xFF, 0xE0, 0x00, 0x00, 0x3F, 0x00, 0x00, 0x00, 0x1E, 0x00, 0x00, 0x00, 0x1E, 0x00, 0x00,
    0x00, 0x1E, 0x00, 0x00, 0x00, 0x00, 0x00, 0x00, 0x00, 0x00, 0x00, 0x00, 0x00, 0x00, 0x00, 0x00,
    0x00, 0x00, 0x00, 0x00, 0x00, 0x00, 0x00, 0x00, 0x00, 0x00, 0x00, 0x00, 0x00, 0x00, 0x00, 0x00,
    0x00, 0x00, 0x00, 0x00, 0x00, 0x00, 0x00, 0x00, 0x00, 0x00, 0x00, 0x00, 0x00, 0x00, 0x00, 0x00,
    0x00, 0x00, 0x00, 0x00, 0x00, 0x00, 0x00, 0x00, 0x00, 0x00, 0x00, 0x00, 0x00, 0x00, 0x00, 0x00,
    0x00, 0x00, 0x00, 0x00, 0x00, 0x00, 0x00, 0x00, 0x00, 0x00, 0x00, 0x00, 0x00, 0x00, 0x00, 0x00,
    0x00, 0x00, 0x00, 0x00, 0x00, 0x00, 0x00, 0x40, 0x00, 0x00, 0x00, 0x00, 0x07, 0xF8, 0x00, 0x1F,
    0x80, 0x00, 0x0F, 0xFC, 0x00, 0x1F, 0x00, 0x00, 0x1F, 0xFE, 0x00, 0x3E, 0x00, 0x00, 0x3F, 0xFF,
    0x00, 0x7E, 0x00, 0x00, 0x3F, 0xFF, 0x80, 0x7C, 0x00, 0x00, 0x7E, 0x1F, 0x80, 0xF8, 0x00, 0x00,
    0x7C, 0x0F, 0x81, 0xF8, 0x00, 0x00, 0x7C, 0x0F, 0xC1, 0xF0, 0x00, 0x00, 0x7C, 0x07, 0xC3, 0xE0,
    0x00, 0x00, 0x7C, 0x0F, 0xC7, 0xE0, 0x00, 0x00, 0x7E, 0x0F, 0x87, 0xC0, 0x00, 0x00, 0x3F, 0x1F,
    0x8F, 0x80, 0x00, 0x00, 0x3F, 0xFF, 0x9F, 0x80, 0x00, 0x00, 0x1F, 0xFF, 0x1F, 0x07, 0xE0, 0x00,
    0x0F, 0xFE, 0x3E, 0x1F, 0xF8, 0x00, 0x07, 0xFC, 0x7E, 0x3F, 0xFC, 0x00, 0x03, 0xF0, 0xFC, 0x7F,
    0xFE, 0x00, 0x00, 0x00, 0xF8, 0xFF, 0xFE, 0x00, 0x00, 0x01, 0xF8, 0xFC, 0x7F, 0x00, 0x00, 0x03,
    0xF0, 0xF8, 0x3F, 0x00, 0x00, 0x03, 0xE1, 0xF8, 0x1F, 0x00, 0x00, 0x07, 0xC1, 0xF8, 0x1F, 0x00,
    0x00, 0x0F, 0xC0, 0xF8, 0x1F, 0x00, 0x00, 0x0F, 0x80, 0xFC, 0x3F, 0x00, 0x00, 0x1F, 0x00, 0xFF,
    0xFE, 0x00, 0x00, 0x3F, 0x00, 0x7F, 0xFE, 0x00, 0x00, 0x3E, 0x00, 0x7F, 0xFC, 0x00, 0x00, 0x7C,
    0x00, 0x3F, 0xF8, 0x00, 0x00, 0xFC, 0x00, 0x0F, 0xF0, 0x00, 0x00, 0x00, 0x00, 0x01, 0x00, 0x00,
    0x00, 0x00, 0x00, 0x00, 0x00, 0x00, 0x00, 0x00, 0x00, 0x00, 0x00, 0x00, 0x00, 0x00, 0x00, 0x00,
    0x00, 0x00, 0x00, 0x00, 0x00, 0x00, 0x00, 0x00, 0x00, 0x00, 0x00, 0x00, 0x00, 0x00, 0x00, 0x00,
    0x00, 0x00, 0x00, 0x00, 0x00, 0x00, 0x00, 0x00, 0x00, 0x00, 0x00, 0x00, 0x00, 0x00, 0x00, 0x00,
    0x00, 0x00, 0x00, 0x00, 0x00, 0x00, 0x00, 0x00, 0x00, 0x00, 0x00, 0x00, 0x00, 0x00, 0x00, 0x00,
    0x00, 0x00, 0x00, 0x00, 0x00, 0x00, 0x00, 0x00, 0x00, 0x00, 0x00, 0x00, 0x00, 0x00, 0x00, 0x00,
    0x00, 0x00, 0x00, 0x00, 0x00, 0x00, 0x00, 0x00, 0x00, 0x00, 0x00, 0x00, 0x00, 0x3F, 0x80, 0x00,
    0x00, 0xFF, 0xC0, 0x00, 0x01, 0xFF, 0xF0, 0x00, 0x03, 0xFF, 0xF0, 0x00, 0x03, 0xFF, 0xF8, 0x00,
    0x07, 0xF1, 0xFC, 0x00, 0x07, 0xE0, 0xFC, 0x00, 0x07, 0xE0, 0xFC, 0x00, 0x07, 0xE0, 0xFC, 0x00,
    0x07, 0xF0, 0xFC, 0x00, 0x03, 0xF9, 0xF8, 0x00, 0x03, 0xFF, 0xF8, 0x00, 0x03, 0xFF, 0xF0, 0x00,
    0x01, 0xFF, 0xE0, 0x00, 0x01, 0xFF, 0xC1, 0xF0, 0x07, 0xFF, 0x81, 0xF0, 0x0F, 0xFF, 0x83, 0xF0,
    0x1F, 0xFF, 0xC3, 0xF0, 0x3F, 0xFF, 0xE3, 0xE0, 0x3F, 0x8F, 0xF7, 0xE0, 0x7F, 0x07, 0xFF, 0xC0,
    0x7F, 0x03, 0xFF, 0xC0, 0x7F, 0x03, 0xFF, 0xC0, 0x7F, 0x01, 0xFF, 0x80, 0x7F, 0x00, 0xFF, 0x00,
    0x3F, 0x81, 0xFF, 0x80, 0x3F, 0xFF, 0xFF, 0x80, 0x1F, 0xFF, 0xFF, 0xC0, 0x0F, 0xFF, 0xFF, 0xE0,
    0x07, 0xFF, 0xE7, 0xF0, 0x03, 0xFF, 0x87, 0xF8, 0x00, 0x10, 0x00, 0x00, 0x00, 0x00, 0x00, 0x00,
    0x00, 0x00, 0x00, 0x00, 0x00, 0x00, 0x00, 0x00, 0x00, 0x00, 0x00, 0x00, 0x00, 0x00, 0x00, 0x00,
    0x00, 0x00, 0x00, 0x00, 0x00, 0x00, 0x00, 0x00, 0x00, 0x00, 0x00, 0x00, 0x00, 0x00, 0x00, 0x00,
    0x00, 0x00, 0x00, 0x00, 0x00, 0x00, 0x00, 0x00, 0x00, 0x00, 0x00, 0x00, 0x00, 0x00, 0x00, 0x00,
    0x00, 0x00, 0x00, 0x00, 0x00, 0x00, 0x00, 0x00, 0x3F, 0x00, 0x3F, 0x00, 0x3F, 0x00, 0x3E, 0x00,
    0x3E, 0x00, 0x3E, 0x00, 0x3E, 0x00, 0x3E, 0x00, 0x3E, 0x00, 0x3E, 0x00, 0x00, 0x00, 0x00, 0x00,
    0x00, 0x00, 0x00, 0x00, 0x00, 0x00, 0x00, 0x00, 0x00, 0x00, 0x00, 0x00, 0x00, 0x00, 0x00, 0x00,
    0x00, 0x00, 0x00, 0x00, 0x00, 0x00, 0x00, 0x00, 0x00, 0x00, 0x00, 0x00, 0x00, 0x00, 0x00, 0x00,
    0x00, 0x00, 0x00, 0x00, 0x00, 0x00, 0x00, 0x00, 0x00, 0x00, 0x00, 0x00, 0x00, 0x00, 0x00, 0x00,
    0x00, 0x00, 0x00, 0x00, 0x00, 0x00, 0x00, 0x00, 0x00, 0x00, 0x00, 0x00, 0x00, 0x00, 0x00, 0x00,
    0x00, 0x00, 0x00, 0x00, 0x00, 0x00, 0x00, 0x00, 0x00, 0x00, 0x00, 0x00, 0x03, 0xF0, 0x07, 0xE0,
    0x07, 0xE0, 0x0F, 0xC0, 0x0F, 0xC0, 0x0F, 0x80, 0x1F, 0x80, 0x1F, 0x80, 0x1F, 0x00, 0x3F, 0x00,
    0x3F, 0x00, 0x3F, 0x00, 0x3F, 0x00, 0x3F, 0x00, 0x3F, 0x00, 0x7E, 0x00, 0x7E, 0x00, 0x7E, 0x00,
    0x7E, 0x00, 0x3F, 0x00, 0x3F, 0x00, 0x3F, 0x00, 0x3F, 0x00, 0x3F, 0x00, 0x3F, 0x00, 0x1F, 0x80,
    0x1F, 0x80, 0x1F, 0x80, 0x0F, 0xC0, 0x0F, 0xC0, 0x0F, 0xE0, 0x07, 0xE0, 0x07, 0xF0, 0x03, 0xF0,
    0x01, 0xF8, 0x01, 0xFC, 0x00, 0x00, 0x00, 0x00, 0x00, 0x00, 0x00, 0x00, 0x00, 0x00, 0x00, 0x00,
    0x00, 0x00, 0x00, 0x00, 0x00, 0x00, 0x00, 0x00, 0x00, 0x00, 0x00, 0x00, 0x00, 0x00, 0x00, 0x00,
    0x1F, 0xC0, 0x0F, 0xC0, 0x07, 0xE0, 0x07, 0xE0, 0x03, 0xF0, 0x03, 0xF0, 0x03, 0xF0, 0x01, 0xF8,
    0x01, 0xF8, 0x01, 0xF8, 0x01, 0xF8, 0x00, 0xF8, 0x00, 0xFC, 0x00, 0xFC, 0x00, 0xFC, 0x00, 0xFC,
    0x00, 0xFC, 0x00, 0xFC, 0x00, 0xFC, 0x00, 0xFC, 0x00, 0xFC, 0x00, 0xFC, 0x01, 0xF8, 0x01, 0xF8,
    0x01, 0xF8, 0x01, 0xF8, 0x03, 0xF0, 0x03, 0xF0, 0x07, 0xF0, 0x07, 0xE0, 0x07, 0xE0, 0x0F, 0xC0,
    0x0F, 0xC0, 0x1F, 0x80, 0x3F, 0x80, 0x3F, 0x00, 0x00, 0x00, 0x00, 0x00, 0x00, 0x00, 0x00, 0x00,
    0x00, 0x00, 0x00, 0x00, 0x00, 0x00, 0x00, 0x00, 0x00, 0x00, 0x00, 0x00, 0x00, 0x00, 0x00, 0x00,
    0x00, 0x00, 0x00, 0x00, 0x00, 0x00, 0x00, 0x00, 0x00, 0x00, 0x00, 0x00, 0x00, 0x00, 0x01, 0xE0,
    0x00, 0x01, 0xE0, 0x00, 0x01, 0xE0, 0x00, 0x19, 0xE6, 0x00, 0x1F, 0xFE, 0x00, 0x3F, 0xFF, 0x00,
    0x3F, 0xFF, 0x00, 0x07, 0xFC, 0x00, 0x03, 0xF8, 0x00, 0x07, 0xF8, 0x00, 0x0F, 0xFC, 0x00, 0x0F,
    0x3C, 0x00, 0x06, 0x18, 0x00, 0x00, 0x00, 0x00, 0x00, 0x00, 0x00, 0x00, 0x00, 0x00, 0x00, 0x00,
    0x00, 0x00, 0x00, 0x00, 0x00, 0x00, 0x00, 0x00, 0x00, 0x00, 0x00, 0x00, 0x00, 0x00, 0x00, 0x00,
    0x00, 0x00, 0x00, 0x00, 0x00, 0x00, 0x00, 0x00, 0x00, 0x00, 0x00, 0x00, 0x00, 0x00, 0x00, 0x00,
    0x00, 0x00, 0x00, 0x00, 0x00, 0x00, 0x00, 0x00, 0x00, 0x00, 0x00, 0x00, 0x00, 0x00, 0x00, 0x00,
    0x00, 0x00, 0x00, 0x00, 0x00, 0x00, 0x00, 0x00, 0x00, 0x00, 0x00, 0x00, 0x00, 0x00, 0x00, 0x00,
    0x00, 0x00, 0x00, 0x00, 0x00, 0x00, 0x00, 0x00, 0x00, 0x00, 0x00, 0x00, 0x00, 0x00, 0x00, 0x00,
    0x00, 0x00, 0x00, 0x00, 0x00, 0x00, 0x00, 0x00, 0x00, 0x00, 0x00, 0x00, 0x00, 0x00, 0x00, 0x00,
    0x00, 0x00, 0x00, 0x00, 0x00, 0x00, 0x00, 0x00, 0x00, 0x00, 0x00, 0x00, 0x00, 0x00, 0x00, 0x00,
    0x00, 0x00, 0x00, 0x00, 0x00, 0x00, 0x00, 0x00, 0x00, 0x00, 0x00, 0x00, 0x00, 0x00, 0x00, 0x00,
    0x00, 0x00, 0x00, 0x00, 0x00, 0x00, 0x00, 0x00, 0x00, 0x00, 0x00, 0x00, 0x00, 0x00, 0x00, 0x3F,
    0x00, 0x00, 0x00, 0x3F, 0x00, 0x00, 0x00, 0x3F, 0x00, 0x00, 0x00, 0x3F, 0x00, 0x00, 0x00, 0x3F,
    0x00, 0x00, 0x00, 0x3F, 0x00, 0x00, 0x00, 0x3F, 0x00, 0x00, 0x00, 0x3F, 0x00, 0x00, 0x3F, 0xFF,
    0xFF, 0x00, 0x3F, 0xFF, 0xFF, 0x00, 0x3F, 0xFF, 0xFF, 0x00, 0x3F, 0xFF, 0xFF, 0x00, 0x3F, 0xFF,
    0xFF, 0x00, 0x00, 0x3F, 0x00, 0x00, 0x00, 0x3F, 0x00, 0x00, 0x00, 0x3F, 0x00, 0x00, 0x00, 0x3F,
    0x00, 0x00, 0x00, 0x3F, 0x00, 0x00, 0x00, 0x3F, 0x00, 0x00, 0x00, 0x3F, 0x00, 0x00, 0x00, 0x3F,
    0x00, 0x00, 0x00, 0x00, 0x00, 0x00, 0x00, 0x00, 0x00, 0x00, 0x00, 0x00, 0x00, 0x00, 0x00, 0x00,
    0x00, 0x00, 0x00, 0x00, 0x00, 0x00, 0x00, 0x00, 0x00, 0x00, 0x00, 0x00, 0x00, 0x00, 0x00, 0x00,
    0x00, 0x00, 0x00, 0x00, 0x00, 0x00, 0x00, 0x00, 0x00, 0x00, 0x00, 0x00, 0x00, 0x00, 0x00, 0x00,
    0x00, 0x00, 0x00, 0x00, 0x00, 0x00, 0x00, 0x00, 0x00, 0x00, 0x00, 0x00, 0x00, 0x00, 0x00, 0x00,
    0x00, 0x00, 0x00, 0x00, 0x00, 0x00, 0x00, 0x00, 0x00, 0x00, 0x00, 0x00, 0x00, 0x00, 0x00, 0x00,
    0x00, 0x00, 0x00, 0x00, 0x00, 0x00, 0x00, 0x00, 0x00, 0x00, 0x00, 0x00, 0x00, 0x00, 0x00, 0x00,
    0x00, 0x00, 0x00, 0x00, 0x00, 0x00, 0x00, 0x00, 0x00, 0x00, 0x00, 0x00, 0x1E, 0x00, 0x3F, 0x00,
    0x7F, 0x80, 0x7F, 0x80, 0x7F, 0x80, 0x7F, 0x80, 0x3F, 0x80, 0x1F, 0x00, 0x0F, 0x00, 0x0E, 0x00,
    0x1E, 0x00, 0x1E, 0x00, 0x3C, 0x00, 0x3C, 0x00, 0x00, 0x00, 0x00, 0x00, 0x00, 0x00, 0x00, 0x00,
    0x00, 0x00, 0x00, 0x00, 0x00, 0x00, 0x00, 0x00, 0x00, 0x00, 0x00, 0x00, 0x00, 0x00, 0x00, 0x00,
    0x00, 0x00, 0x00, 0x00, 0x00, 0x00, 0x00, 0x00, 0x00, 0x00, 0x00, 0x00, 0x00, 0x00, 0x00, 0x00,
    0x00, 0x00, 0x00, 0x00, 0x00, 0x00, 0x00, 0x00, 0x00, 0x00, 0x00, 0x00, 0x00, 0x00, 0x00, 0x00,
    0x00, 0x00, 0x00, 0x00, 0x00, 0x00, 0x7F, 0xFE, 0x7F, 0xFE, 0x7F, 0xFE, 0x7F, 0xFE, 0x7F, 0xFE,
    0x00, 0x00, 0x00, 0x00, 0x00, 0x00, 0x00, 0x00, 0x00, 0x00, 0x00, 0x00, 0x00, 0x00, 0x00, 0x00,
    0x00, 0x00, 0x00, 0x00, 0x00, 0x00, 0x00, 0x00, 0x00, 0x00, 0x00, 0x00, 0x00, 0x00, 0x00, 0x00,
    0x00, 0x00, 0x00, 0x00, 0x00, 0x00, 0x00, 0x00, 0x00, 0x00, 0x00, 0x00, 0x00, 0x00, 0x00, 0x00,
    0x00, 0x00, 0x00, 0x00, 0x00, 0x00, 0x00, 0x00, 0x00, 0x00, 0x00, 0x00, 0x00, 0x00, 0x00, 0x00,
    0x00, 0x00, 0x00, 0x00, 0x00, 0x00, 0x00, 0x00, 0x00, 0x00, 0x00, 0x00, 0x00, 0x00, 0x00, 0x00,
    0x00, 0x00, 0x00, 0x00, 0x00, 0x00, 0x00, 0x00, 0x00, 0x00, 0x00, 0x00, 0x00, 0x00, 0x00, 0x00,
    0x00, 0x00, 0x00, 0x00, 0x00, 0x00, 0x3F, 0x00, 0x3F, 0x80, 0x7F, 0x80, 0x7F, 0x80, 0x7F, 0x80,
    0x3F, 0x80, 0x3F, 0x00, 0x00, 0x00, 0x00, 0x00, 0x00, 0x00, 0x00, 0x00, 0x00, 0x00, 0x00, 0x00,
    0x00, 0x00, 0x00, 0x00, 0x00, 0x00, 0x00, 0x00, 0x00, 0x00, 0x00, 0x00, 0x00, 0x00, 0x00, 0x00,
    0x00, 0x00, 0x00, 0x00, 0x00, 0x00, 0x00, 0x00, 0x00, 0x00, 0x00, 0x00, 0x00, 0x00, 0x00, 0x00,
    0x00, 0x00, 0x00, 0x00, 0x00, 0x00, 0x00, 0x00, 0x00, 0x1F, 0xC0, 0x00, 0x1F, 0x80, 0x00, 0x1F,
    0x80, 0x00, 0x3F, 0x80, 0x00, 0x3F, 0x00, 0x00, 0x7F, 0x00, 0x00, 0x7F, 0x00, 0x00, 0x7E, 0x00,
    0x00, 0xFE, 0x00, 0x00, 0xFC, 0x00, 0x00, 0xFC, 0x00, 0x01, 0xFC, 0x00, 0x01, 0xF8, 0x00, 0x03,
    0xF8, 0x00, 0x03, 0xF8, 0x00, 0x03, 0xF0, 0x00, 0x07, 0xF0, 0x00, 0x07, 0xE0, 0x00, 0x07, 0xE0,
    0x00, 0x0F, 0xE0, 0x00, 0x0F, 0xC0, 0x00, 0x1F, 0xC0, 0x00, 0x1F, 0xC0, 0x00, 0x1F, 0x80, 0x00,
    0x3F, 0x80, 0x00, 0x3F, 0x00, 0x00, 0x3F, 0x00, 0x00, 0x7F, 0x00, 0x00, 0x7E, 0x00, 0x00, 0x00,
    0x00, 0x00, 0x00, 0x00, 0x00, 0x00, 0x00, 0x00, 0x00, 0x00, 0x00, 0x00, 0x00, 0x00, 0x00, 0x00,
    0x00, 0x00, 0x00, 0x00, 0x00, 0x00, 0x00, 0x00, 0x00, 0x00, 0x00, 0x00, 0x00, 0x00, 0x00, 0x00,
    0x00, 0x00, 0x00, 0x00, 0x00, 0x00, 0x00, 0x00, 0x00, 0x00, 0x00, 0x00, 0x00, 0x00, 0x00, 0x00,
    0x00, 0x00, 0x00, 0x00, 0x00, 0x00, 0x00, 0x00, 0x00, 0x00, 0x00, 0x00, 0x00, 0x00, 0x00, 0x00,
    0x00, 0x00, 0x00, 0x00, 0x00, 0x00, 0x00, 0x00, 0x00, 0x7F, 0xE0, 0x00, 0x01, 0xFF, 0xF8, 0x00,
    0x03, 0xFF, 0xFC, 0x00, 0x07, 0xFF, 0xFE, 0x00, 0x0F, 0xFF, 0xFF, 0x00, 0x0F, 0xE0, 0xFF, 0x00,
    0x1F, 0xE0, 0x7F, 0x80, 0x1F, 0xF0, 0x3F, 0x80, 0x1F, 0xF0, 0x1F, 0x80, 0x3F, 0xF8, 0x1F, 0x80,
    0x3F, 0xFC, 0x1F, 0xC0, 0x3F, 0xBE, 0x1F, 0xC0, 0x3F, 0xBE, 0x1F, 0xC0, 0x3F, 0x9F, 0x1F, 0xC0,
    0x3F, 0x0F, 0x9F, 0xC0, 0x3F, 0x8F, 0x9F, 0xC0, 0x3F, 0x87, 0xDF, 0xC0, 0x3F, 0x83, 0xFF, 0xC0,
    0x3F, 0x83, 0xFF, 0xC0, 0x3F, 0x81, 0xFF, 0x80, 0x1F, 0x80, 0xFF, 0x80, 0x1F, 0xC0, 0xFF, 0x80,
    0x1F, 0xC0, 0x7F, 0x80, 0x0F, 0xE0, 0x7F, 0x00, 0x0F, 0xFF, 0xFF, 0x00, 0x07, 0xFF, 0xFE, 0x00,
    0x03, 0xFF, 0xFC, 0x00, 0x01, 0xFF, 0xF8, 0x00, 0x00, 0x7F, 0xE0, 0x00, 0x00, 0x04, 0x00, 0x00,
    0x00, 0x00, 0x00, 0x00, 0x00, 0x00, 0x00, 0x00, 0x00, 0x00, 0x00, 0x00, 0x00, 0x00, 0x00, 0x00,
    0x00, 0x00, 0x00, 0x00, 0x00, 0x00, 0x00, 0x00, 0x00, 0x00, 0x00, 0x00, 0x00, 0x00, 0x00, 0x00,
    0x00, 0x00, 0x00, 0x00, 0x00, 0x00, 0x00, 0x00, 0x00, 0x00, 0x00, 0x00, 0x00, 0x00, 0x00, 0x00,
    0x00, 0x00, 0x00, 0x00, 0x00, 0x00, 0x00, 0x00, 0x00, 0x00, 0x00, 0x00, 0x00, 0x00, 0x00, 0x00,
    0x00, 0x00, 0x00, 0x00, 0x00, 0x00, 0x00, 0x3E, 0x00, 0x00, 0x7E, 0x00, 0x00, 0x7E, 0x00, 0x00,
    0xFE, 0x00, 0x03, 0xFE, 0x00, 0x3F, 0xFE, 0x00, 0x3F, 0xFE, 0x00, 0x3F, 0xFE, 0x00, 0x3F, 0xFE,
    0x00, 0x3F, 0xFE, 0x00, 0x00, 0xFE, 0x00, 0x00, 0xFE, 0x00, 0x00, 0xFE, 0x00, 0x00, 0xFE, 0x00,
    0x00, 0xFE, 0x00, 0x00, 0xFE, 0x00, 0x00, 0xFE, 0x00, 0x00, 0xFE, 0x00, 0x00, 0xFE, 0x00, 0x00,
    0xFE, 0x00, 0x00, 0xFE, 0x00, 0x00, 0xFE, 0x00, 0x00, 0xFE, 0x00, 0x00, 0xFE, 0x00, 0x00, 0xFE,
    0x00, 0x00, 0xFE, 0x00, 0x00, 0xFE, 0x00, 0x00, 0xFE, 0x00, 0x00, 0xFE, 0x00, 0x00, 0x00, 0x00,
    0x00, 0x00, 0x00, 0x00, 0x00, 0x00, 0x00, 0x00, 0x00, 0x00, 0x00, 0x00, 0x00, 0x00, 0x00, 0x00,
    0x00, 0x00, 0x00, 0x00, 0x00, 0x00, 0x00, 0x00, 0x00, 0x00, 0x00, 0x00, 0x00, 0x00, 0x00, 0x00,
    0x00, 0x00, 0x00, 0x00, 0x00, 0x00, 0x00, 0x00, 0x00, 0x00, 0x00, 0x00, 0x00, 0x00, 0x00, 0x00,
    0x00, 0x00, 0x00, 0x00, 0x00, 0x00, 0x00, 0x00, 0x00, 0x00, 0x00, 0x00, 0x00, 0x00, 0x00, 0x00,
    0x00, 0x00, 0x00, 0x08, 0x00, 0x00, 0x00, 0xFF, 0xC0, 0x00, 0x03, 0xFF, 0xF0, 0x00, 0x07, 0xFF,
    0xF8, 0x00, 0x0F, 0xFF, 0xFC, 0x00, 0x1F, 0xFF, 0xFC, 0x00, 0x1F, 0xC1, 0xFE, 0x00, 0x1F, 0x80,
    0xFE, 0x00, 0x03, 0x80, 0xFE, 0x00, 0x00, 0x00, 0xFE, 0x00, 0x00, 0x00, 0xFE, 0x00, 0x00, 0x00,
    0xFE, 0x00, 0x00, 0x01, 0xFC, 0x00, 0x00, 0x01, 0xFC, 0x00, 0x00, 0x03, 0xF8, 0x00, 0x00, 0x07,
    0xF8, 0x00, 0x00, 0x0F, 0xF0, 0x00, 0x00, 0x1F, 0xE0, 0x00, 0x00, 0x3F, 0xC0, 0x00, 0x00, 0xFF,
    0x80, 0x00, 0x01, 0xFF, 0x00, 0x00, 0x03, 0xFE, 0x00, 0x00, 0x07, 0xF8, 0x00, 0x00, 0x1F, 0xF0,
    0x00, 0x00, 0x3F, 0xC0, 0x00, 0x00, 0x7F, 0xFF, 0xFE, 0x00, 0x7F, 0xFF, 0xFE, 0x00, 0x7F, 0xFF,
    0xFE, 0x00, 0x7F, 0xFF, 0xFE, 0x00, 0x7F, 0xFF, 0xFE, 0x00, 0x00, 0x00, 0x00, 0x00, 0x00, 0x00,
    0x00, 0x00, 0x00, 0x00, 0x00, 0x00, 0x00, 0x00, 0x00, 0x00, 0x00, 0x00, 0x00, 0x00, 0x00, 0x00,
    0x00, 0x00, 0x00, 0x00, 0x00, 0x00, 0x00, 0x00, 0x00, 0x00, 0x00, 0x00, 0x00, 0x00, 0x00, 0x00,
    0x00, 0x00, 0x00, 0x00, 0x00, 0x00, 0x00, 0x00, 0x00, 0x00, 0x00, 0x00, 0x00, 0x00, 0x00, 0x00,
    0x00, 0x00, 0x00, 0x00, 0x00, 0x00, 0x00, 0x00, 0x00, 0x00, 0x00, 0x00, 0x00, 0x00, 0x00, 0x00,
    0x00, 0x00, 0x00, 0x00, 0x00, 0x00, 0x00, 0x00, 0x00, 0x00, 0x00, 0x08, 0x00, 0x00, 0x01, 0xFF,
    0xC0, 0x00, 0x07, 0xFF, 0xF0, 0x00, 0x0F, 0xFF, 0xF8, 0x00, 0x1F, 0xFF, 0xFC, 0x00, 0x3F, 0xFF,
    0xFC, 0x00, 0x3F, 0x81, 0xFE, 0x00, 0x1F, 0x00, 0xFE, 0x00, 0x07, 0x00, 0xFE, 0x00, 0x00, 0x00,
    0xFE, 0x00, 0x00, 0x00, 0xFE, 0x00, 0x00, 0x01, 0xFC, 0x00, 0x00, 0x07, 0xFC, 0x00, 0x00, 0x7F,
    0xF8, 0x00, 0x00, 0x7F, 0xF0, 0x00, 0x00, 0x7F, 0xF0, 0x00, 0x00, 0x7F, 0xF8, 0x00, 0x00, 0x7F,
    0xFC, 0x00, 0x00, 0x07, 0xFC, 0x00, 0x00, 0x01, 0xFE, 0x00, 0x00, 0x00, 0xFE, 0x00, 0x00, 0x00,
    0x7E, 0x00, 0x02, 0x00, 0x7E, 0x00, 0x1F, 0x00, 0xFE, 0x00, 0x3F, 0x81, 0xFE, 0x00, 0x3F, 0xFF,
    0xFC, 0x00, 0x1F, 0xFF, 0xFC, 0x00, 0x0F, 0xFF, 0xF8, 0x00, 0x07, 0xFF, 0xF0, 0x00, 0x01, 0xFF,
    0xC0, 0x00, 0x00, 0x08, 0x00, 0x00, 0x00, 0x00, 0x00, 0x00, 0x00, 0x00, 0x00, 0x00, 0x00, 0x00,
    0x00, 0x00, 0x00, 0x00, 0x00, 0x00, 0x00, 0x00, 0x00, 0x00, 0x00, 0x00, 0x00, 0x00, 0x00, 0x00,
    0x00, 0x00, 0x00, 0x00, 0x00, 0x00, 0x00, 0x00, 0x00, 0x00, 0x00, 0x00, 0x00, 0x00, 0x00, 0x00,
    0x00, 0x00, 0x00, 0x00, 0x00, 0x00, 0x00, 0x00, 0x00, 0x00, 0x00, 0x00, 0x00, 0x00, 0x00, 0x00,
    0x00, 0x00, 0x00, 0x00, 0x00, 0x00, 0x00, 0x00, 0x00, 0x00, 0x00, 0x00, 0x00, 0x00, 0x00, 0x00,
    0x00, 0x00, 0x00, 0x00, 0x00, 0x00, 0x00, 0x03, 0xF8, 0x00, 0x00, 0x07, 0xF8, 0x00, 0x00, 0x07,
    0xF8, 0x00, 0x00, 0x0F, 0xF8, 0x00, 0x00, 0x1F, 0xF8, 0x00, 0x00, 0x3F, 0xF8, 0x00, 0x00, 0x3F,
    0xF8, 0x00, 0x00, 0x7F, 0xF8, 0x00, 0x00, 0xFF, 0xF8, 0x00, 0x01, 0xFD, 0xF8, 0x00, 0x01, 0xF9,
    0xF8, 0x00, 0x03, 0xF1, 0xF8, 0x00, 0x07, 0xF1, 0xF8, 0x00, 0x0F, 0xE1, 0xF8, 0x00, 0x0F, 0xC1,
    0xF8, 0x00, 0x1F, 0x81, 0xF8, 0x00, 0x3F, 0x01, 0xF8, 0x00, 0x7F, 0xFF, 0xFF, 0x80, 0x7F, 0xFF,
    0xFF, 0x80, 0x7F, 0xFF, 0xFF, 0x80, 0x7F, 0xFF, 0xFF, 0x80, 0x7F, 0xFF, 0xFF, 0x80, 0x7F, 0xFF,
    0xFF, 0x80, 0x00, 0x01, 0xF8, 0x00, 0x00, 0x01, 0xF8, 0x00, 0x00, 0x01, 0xF8, 0x00, 0x00, 0x01,
    0xF8, 0x00, 0x00, 0x01, 0xF8, 0x00, 0x00, 0x01, 0xF8, 0x00, 0x00, 0x00, 0x00, 0x00, 0x00, 0x00,
    0x00, 0x00, 0x00, 0x00, 0x00, 0x00, 0x00, 0x00, 0x00, 0x00, 0x00, 0x00, 0x00, 0x00, 0x00, 0x00,
    0x00, 0x00, 0x00, 0x00, 0x00, 0x00, 0x00, 0x00, 0x00, 0x00, 0x00, 0x00, 0x00, 0x00, 0x00, 0x00,
    0x00, 0x00, 0x00, 0x00, 0x00, 0x00, 0x00, 0x00, 0x00, 0x00, 0x00, 0x00, 0x00, 0x00, 0x00, 0x00,
    0x00, 0x00, 0x00, 0x00, 0x00, 0x00, 0x00, 0x00, 0x00, 0x00, 0x00, 0x00, 0x00, 0x00, 0x00, 0x00,
    0x00, 0x00, 0x00, 0x00, 0x00, 0x00, 0x00, 0x00, 0x00, 0x00, 0x00, 0x00, 0x00, 0x00, 0x0F, 0xFF,
    0xFC, 0x00, 0x1F, 0xFF, 0xFC, 0x00, 0x1F, 0xFF, 0xFC, 0x00, 0x1F, 0xFF, 0xFC, 0x00, 0x1F, 0xFF,
    0xFC, 0x00, 0x1F, 0x80, 0x00, 0x00, 0x1F, 0x80, 0x00, 0x00, 0x1F, 0x80, 0x00, 0x00, 0x1F, 0x80,
    0x00, 0x00, 0x3F, 0x1F, 0x80, 0x00, 0x3F, 0xFF, 0xE0, 0x00, 0x3F, 0xFF, 0xF8, 0x00, 0x3F, 0xFF,
    0xFC, 0x00, 0x3F, 0xFF, 0xFC, 0x00, 0x3F, 0xC3, 0xFE, 0x00, 0x1F, 0x80, 0xFE, 0x00, 0x03, 0x00,
    0x7E, 0x00, 0x00, 0x00, 0x7F, 0x00, 0x00, 0x00, 0x7F, 0x00, 0x00, 0x00, 0x7F, 0x00, 0x00, 0x00,
    0x7F, 0x00, 0x07, 0x00, 0x7F, 0x00, 0x3F, 0x00, 0xFE, 0x00, 0x3F, 0x81, 0xFE, 0x00, 0x1F, 0xFF,
    0xFC, 0x00, 0x1F, 0xFF, 0xFC, 0x00, 0x0F, 0xFF, 0xF8, 0x00, 0x07, 0xFF, 0xF0, 0x00, 0x01, 0xFF,
    0xC0, 0x00, 0x00, 0x08, 0x00, 0x00, 0x00, 0x00, 0x00, 0x00, 0x00, 0x00, 0x00, 0x00, 0x00, 0x00,
    0x00, 0x00, 0x00, 0x00, 0x00, 0x00, 0x00, 0x00, 0x00, 0x00, 0x00, 0x00, 0x00, 0x00, 0x00, 0x00,
    0x00, 0x00, 0x00, 0x00, 0x00, 0x00, 0x00, 0x00, 0x00, 0x00, 0x00, 0x00, 0x00, 0x00, 0x00, 0x00,
    0x00, 0x00, 0x00, 0x00, 0x00, 0x00, 0x00, 0x00, 0x00, 0x00, 0x00, 0x00, 0x00, 0x00, 0x00, 0x00,
    0x00, 0x00, 0x00, 0x00, 0x00, 0x00, 0x00, 0x00, 0x00, 0x00, 0x00, 0x00, 0x00, 0x00, 0x00, 0x00,
    0x00, 0x00, 0x00, 0x02, 0x00, 0x00, 0x00, 0x7F, 0xE0, 0x00, 0x00, 0xFF, 0xF8, 0x00, 0x01, 0xFF,
    0xFC, 0x00, 0x03, 0xFF, 0xFE, 0x00, 0x07, 0xFF, 0xF8, 0x00, 0x0F, 0xE0, 0x60, 0x00, 0x0F, 0xC0,
    0x00, 0x00, 0x1F, 0x80, 0x00, 0x00, 0x1F, 0x80, 0x00, 0x00, 0x1F, 0x9F, 0xC0, 0x00, 0x1F, 0xBF,
    0xF0, 0x00, 0x3F, 0xFF, 0xF8, 0x00, 0x3F, 0xFF, 0xFC, 0x00, 0x3F, 0xFF, 0xFE, 0x00, 0x3F, 0xE1,
    0xFE, 0x00, 0x3F, 0xC0, 0x7F, 0x00, 0x3F, 0x80, 0x7F, 0x00, 0x3F, 0x80, 0x3F, 0x00, 0x3F, 0x80,
    0x3F, 0x00, 0x3F, 0x80, 0x3F, 0x00, 0x1F, 0x80, 0x3F, 0x00, 0x1F, 0x80, 0x7F, 0x00, 0x1F, 0xC0,
    0x7F, 0x00, 0x0F, 0xE0, 0xFE, 0x00, 0x0F, 0xFF, 0xFE, 0x00, 0x07, 0xFF, 0xFC, 0x00, 0x07, 0xFF,
    0xF8, 0x00, 0x01, 0xFF, 0xF0, 0x00, 0x00, 0xFF, 0xC0, 0x00, 0x00, 0x04, 0x00, 0x00, 0x00, 0x00,
    0x00, 0x00, 0x00, 0x00, 0x00, 0x00, 0x00, 0x00, 0x00, 0x00, 0x00, 0x00, 0x00, 0x00, 0x00, 0x00,
    0x00, 0x00, 0x00, 0x00, 0x00, 0x00, 0x00, 0x00, 0x00, 0x00, 0x00, 0x00, 0x00, 0x00, 0x00, 0x00,
    0x00, 0x00, 0x00, 0x00, 0x00, 0x00, 0x00, 0x00, 0x00, 0x00, 0x00, 0x00, 0x00, 0x00, 0x00, 0x00,
    0x00, 0x00, 0x00, 0x00, 0x00, 0x00, 0x00, 0x00, 0x00, 0x00, 0x00, 0x00, 0x00, 0x00, 0x00, 0x00,
    0x00, 0x00, 0x00, 0x00, 0x7F, 0xFF, 0xFC, 0x7F, 0xFF, 0xFC, 0x7F, 0xFF, 0xFC, 0x7F, 0xFF, 0xFC,
    0x7F, 0xFF, 0xFC, 0x00, 0x01, 0xF8, 0x00, 0x03, 0xF8, 0x00, 0x03, 0xF8, 0x00, 0x07, 0xF0, 0x00,
    0x07, 0xF0, 0x00, 0x0F, 0xE0, 0x00, 0x0F, 0xE0, 0x00, 0x1F, 0xC0, 0x00, 0x1F, 0xC0, 0x00, 0x3F,
    0x80, 0x00, 0x3F, 0x80, 0x00, 0x7F, 0x80, 0x00, 0x7F, 0x00, 0x00, 0xFF, 0x00, 0x00, 0xFE, 0x00,
    0x01, 0xFE, 0x00, 0x01, 0xFC, 0x00, 0x01, 0xFC, 0x00, 0x03, 0xF8, 0x00, 0x03, 0xF8, 0x00, 0x07,
    0xF0, 0x00, 0x07, 0xF0, 0x00, 0x0F, 0xF0, 0x00, 0x0F, 0xE0, 0x00, 0x00, 0x00, 0x00, 0x00, 0x00,
    0x00, 0x00, 0x00, 0x00, 0x00, 0x00, 0x00, 0x00, 0x00, 0x00, 0x00, 0x00, 0x00, 0x00, 0x00, 0x00,
    0x00, 0x00, 0x00, 0x00, 0x00, 0x00, 0x00, 0x00, 0x00, 0x00, 0x00, 0x00, 0x00, 0x00, 0x00, 0x00,
    0x00, 0x00, 0x00, 0x00, 0x00, 0x00, 0x00, 0x00, 0x00, 0x00, 0x00, 0x00, 0x00, 0x00, 0x00, 0x00,
    0x00, 0x00, 0x00, 0x00, 0x00, 0x00, 0x00, 0x00, 0x00, 0x00, 0x00, 0x00, 0x00, 0x00, 0x00, 0x00,
    0x00, 0x04, 0x00, 0x00, 0x00, 0x7F, 0x80, 0x00, 0x00, 0xFF, 0xC0, 0x00, 0x01, 0xFF, 0xE0, 0x00,
    0x03, 0xFF, 0xF0, 0x00, 0x03, 0xFF, 0xF8, 0x00, 0x07, 0xE1, 0xF8, 0x00, 0x07, 0xE0, 0xF8, 0x00,
    0x07, 0xC0, 0xF8, 0x00, 0x07, 0xC0, 0xF8, 0x00, 0x07, 0xE1, 0xF8, 0x00, 0x07, 0xF1, 0xF8, 0x00,
    0x03, 0xFF, 0xF0, 0x00, 0x03, 0xFF, 0xF0, 0x00, 0x07, 0xFF, 0xF8, 0x00, 0x0F, 0xFF, 0xFC, 0x00,
    0x1F, 0xFF, 0xFE, 0x00, 0x3F, 0xE1, 0xFF, 0x00, 0x3F, 0x80, 0x7F, 0x00, 0x3F, 0x80, 0x3F, 0x80,
    0x3F, 0x00, 0x3F, 0x80, 0x3F, 0x00, 0x3F, 0x80, 0x3F, 0x00, 0x3F, 0x80, 0x3F, 0x80, 0x7F, 0x00,
    0x3F, 0xC0, 0xFF, 0x00, 0x1F, 0xFF, 0xFF, 0x00, 0x1F, 0xFF, 0xFE, 0x00, 0x0F, 0xFF, 0xFC, 0x00,
    0x07, 0xFF, 0xF8, 0x00, 0x01, 0xFF, 0xE0, 0x00, 0x00, 0x0C, 0x00, 0x00, 0x00, 0x00, 0x00, 0x00,
    0x00, 0x00, 0x00, 0x00, 0x00, 0x00, 0x00, 0x00, 0x00, 0x00, 0x00, 0x00, 0x00, 0x00, 0x00, 0x00,
    0x00, 0x00, 0x00, 0x00, 0x00, 0x00, 0x00, 0x00, 0x00, 0x00, 0x00, 0x00, 0x00, 0x00, 0x00, 0x00,
    0x00, 0x00, 0x00, 0x00, 0x00, 0x00, 0x00, 0x00, 0x00, 0x00, 0x00, 0x00, 0x00, 0x00, 0x00, 0x00,
    0x00, 0x00, 0x00, 0x00, 0x00, 0x00, 0x00, 0x00, 0x00, 0x00, 0x00, 0x00, 0x00, 0x00, 0x00, 0x00,
    0x10, 0x00, 0x01, 0xFF, 0x00, 0x03, 0xFF, 0x80, 0x07, 0xFF, 0xE0, 0x0F, 0xFF, 0xE0, 0x1F, 0xFF,
    0xF0, 0x3F, 0xFF, 0xF8, 0x3F, 0x83, 0xF8, 0x3F, 0x01, 0xF8, 0x3F, 0x00, 0xFC, 0x3E, 0x00, 0xFC,
    0x3E, 0x00, 0xFC, 0x3E, 0x00, 0xFC, 0x3F, 0x01, 0xF8, 0x3F, 0x81, 0xF8, 0x1F, 0xC7, 0xF8, 0x1F,
    0xFF, 0xF0, 0x0F, 0xFF, 0xF0, 0x07, 0xFF, 0xE0, 0x03, 0xFF, 0xE0, 0x00, 0xFF, 0xC0, 0x00, 0x1F,
    0xC0, 0x00, 0x1F, 0x80, 0x00, 0x3F, 0x80, 0x00, 0x3F, 0x00, 0x00, 0x7F, 0x00, 0x00, 0x7F, 0x00,
    0x00, 0xFE, 0x00, 0x00, 0xFE, 0x00, 0x01, 0xFC, 0x00, 0x00, 0x00, 0x00, 0x00, 0x00, 0x00, 0x00,
    0x00, 0x00, 0x00, 0x00, 0x00, 0x00, 0x00, 0x00, 0x00, 0x00, 0x00, 0x00, 0x00, 0x00, 0x00, 0x00,
    0x00, 0x00, 0x00, 0x00, 0x00, 0x00, 0x00, 0x00, 0x00, 0x00, 0x00, 0x00, 0x00, 0x00, 0x00, 0x00,
    0x00, 0x00, 0x00, 0x00, 0x00, 0x00, 0x00, 0x00, 0x00, 0x00, 0x00, 0x00, 0x00, 0x00, 0x00, 0x00,
    0x00, 0x00, 0x00, 0x00, 0x00, 0x00, 0x00, 0x00, 0x00, 0x00, 0x00, 0x00, 0x00, 0x00, 0x3F, 0x00,
    0x3F, 0x80, 0x7F, 0x80, 0x7F, 0x80, 0x7F, 0x80, 0x3F, 0x80, 0x3F, 0x00, 0x00, 0x00, 0x00, 0x00,
    0x00, 0x00, 0x00, 0x00, 0x00, 0x00, 0x00, 0x00, 0x00, 0x00, 0x3F, 0x00, 0x3F, 0x80, 0x7F, 0x80,
    0x7F, 0x80, 0x7F, 0x80, 0x3F, 0x80, 0x3F, 0x00, 0x00, 0x00, 0x00, 0x00, 0x00, 0x00, 0x00, 0x00,
    0x00, 0x00, 0x00, 0x00, 0x00, 0x00, 0x00, 0x00, 0x00, 0x00, 0x00, 0x00, 0x00, 0x00, 0x00, 0x00,
    0x00, 0x00, 0x00, 0x00, 0x00, 0x00, 0x00, 0x00, 0x00, 0x00, 0x00, 0x00, 0x00, 0x00, 0x00, 0x00,
    0x00, 0x00, 0x00, 0x00, 0x00, 0x00, 0x00, 0x00, 0x00, 0x00, 0x00, 0x00, 0x00, 0x00, 0x00, 0x00,
    0x00, 0x00, 0x3F, 0x00, 0x3F, 0x80, 0x7F, 0x80, 0x7F, 0x80, 0x7F, 0x80, 0x3F, 0x80, 0x3F, 0x00,
    0x00, 0x00, 0x00, 0x00, 0x00, 0x00, 0x00, 0x00, 0x00, 0x00, 0x00, 0x00, 0x1E, 0x00, 0x3F, 0x00,
    0x7F, 0x80, 0x7F, 0x80, 0x7F, 0x80, 0x7F, 0x80, 0x3F, 0x80, 0x1F, 0x00, 0x0F, 0x00, 0x0E, 0x00,
    0x1E, 0x00, 0x1E, 0x00, 0x3C, 0x00, 0x3C, 0x00, 0x00, 0x00, 0x00, 0x00, 0x00, 0x00, 0x00, 0x00,
    0x00, 0x00, 0x00, 0x00, 0x00, 0x00, 0x00, 0x00, 0x00, 0x00, 0x00, 0x00, 0x00, 0x00, 0x00, 0x00,
    0x00, 0x00, 0x00, 0x00, 0x00, 0x00, 0x00, 0x00, 0x00, 0x00, 0x00, 0x00, 0x00, 0x00, 0x00, 0x00,
    0x00, 0x00, 0x00, 0x00, 0x00, 0x00, 0x00, 0x00, 0x00, 0x00, 0x00, 0x00, 0x00, 0x00, 0x00, 0x00,
    0x00, 0x00, 0x00, 0x00, 0x00, 0x00, 0x00, 0x00, 0x00, 0x00, 0x0C, 0x00, 0x00, 0x3C, 0x00, 0x01,
    0xFC, 0x00, 0x07, 0xFC, 0x00, 0x1F, 0xFC, 0x00, 0xFF, 0xFC, 0x03, 0xFF, 0xF0, 0x0F, 0xFF, 0x80,
    0x3F, 0xFC, 0x00, 0x3F, 0xF0, 0x00, 0x3F, 0xC0, 0x00, 0x3F, 0xF0, 0x00, 0x3F, 0xFC, 0x00, 0x0F,
    0xFF, 0x80, 0x03, 0xFF, 0xF0, 0x00, 0xFF, 0xFC, 0x00, 0x1F, 0xFC, 0x00, 0x07, 0xFC, 0x00, 0x01,
    0xFC, 0x00, 0x00, 0x3C, 0x00, 0x00, 0x0C, 0x00, 0x00, 0x00, 0x00, 0x00, 0x00, 0x00, 0x00, 0x00,
    0x00, 0x00, 0x00, 0x00, 0x00, 0x00, 0x00, 0x00, 0x00, 0x00, 0x00, 0x00, 0x00, 0x00, 0x00, 0x00,
    0x00, 0x00, 0x00, 0x00, 0x00, 0x00, 0x00, 0x00, 0x00, 0x00, 0x00, 0x00, 0x00, 0x00, 0x00, 0x00,
    0x00, 0x00, 0x00, 0x00, 0x00, 0x00, 0x00, 0x00, 0x00, 0x00, 0x00, 0x00, 0x00, 0x00, 0x00, 0x00,
    0x00, 0x00, 0x00, 0x00, 0x00, 0x00, 0x00, 0x00, 0x00, 0x00, 0x00, 0x00, 0x00, 0x00, 0x00, 0x00,
    0x00, 0x00, 0x00, 0x00, 0x00, 0x00, 0x00, 0x00, 0x00, 0x00, 0x00, 0x00, 0x00, 0x00, 0x00, 0x00,
    0x00, 0x00, 0x00, 0x00, 0x00, 0x00, 0x00, 0x00, 0x00, 0x00, 0x00, 0x00, 0x00, 0x00, 0x00, 0x00,
    0x00, 0x00, 0x00, 0x00, 0x00, 0x00, 0x00, 0x00, 0x00, 0x00, 0x00, 0x00, 0x00, 0x00, 0x00, 0x00,
    0x3F, 0xFF, 0xFF, 0x00, 0x3F, 0xFF, 0xFF, 0x00, 0x3F, 0xFF, 0xFF, 0x00, 0x3F, 0xFF, 0xFF, 0x00,
    0x3F, 0xFF, 0xFF, 0x00, 0x00, 0x00, 0x00, 0x00, 0x00, 0x00, 0x00, 0x00, 0x00, 0x00, 0x00, 0x00,
    0x3F, 0xFF, 0xFF, 0x00, 0x3F, 0xFF, 0xFF, 0x00, 0x3F, 0xFF, 0xFF, 0x00, 0x3F, 0xFF, 0xFF, 0x00,
    0x3F, 0xFF, 0xFF, 0x00, 0x00, 0x00, 0x00, 0x00, 0x00, 0x00, 0x00, 0x00, 0x00, 0x00, 0x00, 0x00,
    0x00, 0x00, 0x00, 0x00, 0x00, 0x00, 0x00, 0x00, 0x00, 0x00, 0x00, 0x00, 0x00, 0x00, 0x00, 0x00,
    0x00, 0x00, 0x00, 0x00, 0x00, 0x00, 0x00, 0x00, 0x00, 0x00, 0x00, 0x00, 0x00, 0x00, 0x00, 0x00,
    0x00, 0x00, 0x00, 0x00, 0x00, 0x00, 0x00, 0x00, 0x00, 0x00, 0x00, 0x00, 0x00, 0x00, 0x00, 0x00,
    0x00, 0x00, 0x00, 0x00, 0x00, 0x00, 0x00, 0x00, 0x00, 0x00, 0x00, 0x00, 0x00, 0x00, 0x00, 0x00,
    0x00, 0x00, 0x00, 0x00, 0x00, 0x00, 0x00, 0x00, 0x00, 0x00, 0x00, 0x00, 0x00, 0x00, 0x00, 0x00,
    0x00, 0x00, 0x00, 0x00, 0x00, 0x00, 0x00, 0x00, 0x00, 0x00, 0x00, 0x00, 0x00, 0x00, 0x00, 0x00,
    0x00, 0x00, 0x00, 0x00, 0x00, 0x00, 0x30, 0x00, 0x00, 0x3C, 0x00, 0x00, 0x3F, 0x80, 0x00, 0x3F,
    0xE0, 0x00, 0x3F, 0xF8, 0x00, 0x3F, 0xFF, 0x00, 0x0F, 0xFF, 0xC0, 0x01, 0xFF, 0xF0, 0x00, 0x3F,
    0xFC, 0x00, 0x0F, 0xFC, 0x00, 0x01, 0xFC, 0x00, 0x07, 0xFC, 0x00, 0x3F, 0xFC, 0x01, 0xFF, 0xF0,
    0x0F, 0xFF, 0xC0, 0x3F, 0xFF, 0x00, 0x3F, 0xF8, 0x00, 0x3F, 0xE0, 0x00, 0x3F, 0x80, 0x00, 0x3C,
    0x00, 0x00, 0x30, 0x00, 0x00, 0x00, 0x00, 0x00, 0x00, 0x00, 0x00, 0x00, 0x00, 0x00, 0x00, 0x00,
    0x00, 0x00, 0x00, 0x00, 0x00, 0x00, 0x00, 0x00, 0x00, 0x00, 0x00, 0x00, 0x00, 0x00, 0x00, 0x00,
    0x00, 0x00, 0x00, 0x00, 0x00, 0x00, 0x00, 0x00, 0x00, 0x00, 0x00, 0x00, 0x00, 0x00, 0x00, 0x00,
    0x00, 0x00, 0x00, 0x00, 0x00, 0x00, 0x00, 0x00, 0x00, 0x00, 0x00, 0x00, 0x00, 0x00, 0x00, 0x00,
    0x00, 0x00, 0x00, 0x00, 0x00, 0x00, 0x00, 0x00, 0x00, 0x00, 0x00, 0x08, 0x00, 0x00, 0x01, 0xFF,
    0xE0, 0x00, 0x07, 0xFF, 0xF8, 0x00, 0x0F, 0xFF, 0xFC, 0x00, 0x1F, 0xFF, 0xFE, 0x00, 0x3F, 0xFF,
    0xFE, 0x00, 0x3F, 0x80, 0xFF, 0x00, 0x0F, 0x00, 0x7F, 0x00, 0x03, 0x00, 0x7F, 0x00, 0x00, 0x00,
    0x7F, 0x00, 0x00, 0x01, 0xFE, 0x00, 0x00, 0x07, 0xFE, 0x00, 0x00, 0x1F, 0xFC, 0x00, 0x00, 0x3F,
    0xF8, 0x00, 0x00, 0x7F, 0xF0, 0x00, 0x00, 0x7F, 0xC0, 0x00, 0x00, 0xFF, 0x00, 0x00, 0x00, 0xFE,
    0x00, 0x00, 0x00, 0xFE, 0x00, 0x00, 0x00, 0xFC, 0x00, 0x00, 0x00, 0x00, 0x00, 0x00, 0x00, 0x00,
    0x00, 0x00, 0x00, 0x00, 0x00, 0x00, 0x00, 0xFC, 0x00, 0x00, 0x00, 0xFE, 0x00, 0x00, 0x01, 0xFE,
    0x00, 0x00, 0x01, 0xFE, 0x00, 0x00, 0x01, 0xFE, 0x00, 0x00, 0x00, 0xFE, 0x00, 0x00, 0x00, 0xFC,
    0x00, 0x00, 0x00, 0x00, 0x00, 0x00, 0x00, 0x00, 0x00, 0x00, 0x00, 0x00, 0x00, 0x00, 0x00, 0x00,
    0x00, 0x00, 0x00, 0x00, 0x00, 0x00, 0x00, 0x00, 0x00, 0x00, 0x00, 0x00, 0x00, 0x00, 0x00, 0x00,
    0x00, 0x00, 0x00, 0x00, 0x00, 0x00, 0x00, 0x00, 0x00, 0x00, 0x00, 0x00, 0x00, 0x00, 0x00, 0x00,
    0x00, 0x00, 0x00, 0x00, 0x00, 0x00, 0x00, 0x00, 0x00, 0x00, 0x00, 0x00, 0x00, 0x00, 0x00, 0x00,
    0x00, 0x00, 0x00, 0x00, 0x00, 0x00, 0x00, 0x00, 0x00, 0x00, 0x00, 0x00, 0x00, 0x00, 0x00, 0x00,
    0x00, 0x00, 0x00, 0x01, 0x80, 0x00, 0x00, 0x1F, 0xF8, 0x00, 0x00, 0x7F, 0xFE, 0x00, 0x01, 0xFF,
    0xFF, 0x80, 0x03, 0xE0, 0x0F, 0xC0, 0x07, 0xC0, 0x03, 0xE0, 0x0F, 0x00, 0x01, 0xE0, 0x0E, 0x00,
    0x00, 0xF0, 0x1E, 0x00, 0x80, 0x78, 0x1C, 0x0F, 0xF8, 0x38, 0x38, 0x1F, 0xFC, 0x38, 0x38, 0x3F,
    0xFC, 0x3C, 0x38, 0x7F, 0xFC, 0x1C, 0x38, 0x7C, 0x3C, 0x1C, 0x70, 0x78, 0x3C, 0x1C, 0x70, 0xF8,
    0x3C, 0x1C, 0x70, 0xF8, 0x3C, 0x1C, 0x38, 0xF8, 0x7C, 0x3C, 0x38, 0x78, 0x7C, 0x3C, 0x38, 0x7C,
    0xFE, 0x78, 0x38, 0x7F, 0xFF, 0xF8, 0x1C, 0x3F, 0xFF, 0xF0, 0x1E, 0x3F, 0xCF, 0xE0, 0x0E, 0x0F,
    0x07, 0xC0, 0x0F, 0x00, 0x00, 0x00, 0x07, 0xC0, 0x00, 0x00, 0x03, 0xE0, 0x00, 0x00, 0x01, 0xFF,
    0xFC, 0x00, 0x00, 0x7F, 0xFC, 0x00, 0x00, 0x1F, 0xF8, 0x00, 0x00, 0x01, 0x80, 0x00, 0x00, 0x00,
    0x00, 0x00, 0x00, 0x00, 0x00, 0x00, 0x00, 0x00, 0x00, 0x00, 0x00, 0x00, 0x00, 0x00, 0x00, 0x00,
    0x00, 0x00, 0x00, 0x00, 0x00, 0x00, 0x00, 0x00, 0x00, 0x00, 0x00, 0x00, 0x00, 0x00, 0x00, 0x00,
    0x00, 0x00, 0x00, 0x00, 0x00, 0x00, 0x00, 0x00, 0x00, 0x00, 0x00, 0x00, 0x00, 0x00, 0x00, 0x00,
    0x00, 0x00, 0x00, 0x00, 0x00, 0x00, 0x00, 0x00, 0x00, 0x00, 0x00, 0x00, 0x00, 0x00, 0x00, 0x00,
    0x00, 0x00, 0x00, 0x00, 0x00, 0x00, 0x00, 0x00, 0x00, 0x00, 0x00, 0x00, 0x00, 0x00, 0x00, 0x1F,
    0xC0, 0x00, 0x00, 0x3F, 0xE0, 0x00, 0x00, 0x3F, 0xE0, 0x00, 0x00, 0x3F, 0xE0, 0x00, 0x00, 0x7F,
    0xF0, 0x00, 0x00, 0x7F, 0xF0, 0x00, 0x00, 0xFF, 0xF8, 0x00, 0x00, 0xFF, 0xF8, 0x00, 0x00, 0xFD,
    0xF8, 0x00, 0x01, 0xFD, 0xFC, 0x00, 0x01, 0xFD, 0xFC, 0x00, 0x01, 0xF8, 0xFC, 0x00, 0x03, 0xF8,
    0xFE, 0x00, 0x03, 0xF8, 0xFE, 0x00, 0x07, 0xF0, 0x7E, 0x00, 0x07, 0xF0, 0x7F, 0x00, 0x07, 0xF0,
    0x7F, 0x00, 0x0F, 0xE0, 0x3F, 0x80, 0x0F, 0xE0, 0x3F, 0x80, 0x0F, 0xFF, 0xFF, 0x80, 0x1F, 0xFF,
    0xFF, 0xC0, 0x1F, 0xFF, 0xFF, 0xC0, 0x1F, 0xFF, 0xFF, 0xC0, 0x3F, 0xFF, 0xFF, 0xE0, 0x3F, 0x80,
    0x0F, 0xE0, 0x7F, 0x80, 0x0F, 0xF0, 0x7F, 0x00, 0x07, 0xF0, 0x7F, 0x00, 0x07, 0xF0, 0xFF, 0x00,
    0x07, 0xF8, 0x00, 0x00, 0x00, 0x00, 0x00, 0x00, 0x00, 0x00, 0x00, 0x00, 0x00, 0x00, 0x00, 0x00,
    0x00, 0x00, 0x00, 0x00, 0x00, 0x00, 0x00, 0x00, 0x00, 0x00, 0x00, 0x00, 0x00, 0x00, 0x00, 0x00,
    0x00, 0x00, 0x00, 0x00, 0x00, 0x00, 0x00, 0x00, 0x00, 0x00, 0x00, 0x00, 0x00, 0x00, 0x00, 0x00,
    0x00, 0x00, 0x00, 0x00, 0x00, 0x00, 0x00, 0x00, 0x00, 0x00, 0x00, 0x00, 0x00, 0x00, 0x00, 0x00,
    0x00, 0x00, 0x00, 0x00, 0x00, 0x00, 0x00, 0x00, 0x00, 0x00, 0x00, 0x00, 0x00, 0x00, 0x00, 0x00,
    0x00, 0x00, 0x00, 0x00, 0x00, 0x00, 0x3F, 0xFF, 0xE0, 0x00, 0x3F, 0xFF, 0xFC, 0x00, 0x3F, 0xFF,
    0xFE, 0x00, 0x3F, 0xFF, 0xFF, 0x00, 0x3F, 0xFF, 0xFF, 0x00, 0x3F, 0x80, 0xFF, 0x80, 0x3F, 0x80,
    0x7F, 0x80, 0x3F, 0x80, 0x3F, 0x80, 0x3F, 0x80, 0x3F, 0x80, 0x3F, 0x80, 0x3F, 0x80, 0x3F, 0x80,
    0x7F, 0x00, 0x3F, 0x80, 0xFF, 0x00, 0x3F, 0xFF, 0xFE, 0x00, 0x3F, 0xFF, 0xFC, 0x00, 0x3F, 0xFF,
    0xFE, 0x00, 0x3F, 0xFF, 0xFF, 0x00, 0x3F, 0xFF, 0xFF, 0x80, 0x3F, 0x80, 0x7F, 0x80, 0x3F, 0x80,
    0x3F, 0xC0, 0x3F, 0x80, 0x1F, 0xC0, 0x3F, 0x80, 0x1F, 0xC0, 0x3F, 0x80, 0x1F, 0xC0, 0x3F, 0x80,
    0x3F, 0xC0, 0x3F, 0x80, 0x7F, 0x80, 0x3F, 0xFF, 0xFF, 0x80, 0x3F, 0xFF, 0xFF, 0x00, 0x3F, 0xFF,
    0xFE, 0x00, 0x3F, 0xFF, 0xFC, 0x00, 0x3F, 0xFF, 0xE0, 0x00, 0x00, 0x00, 0x00, 0x00, 0x00, 0x00,
    0x00, 0x00, 0x00, 0x00, 0x00, 0x00, 0x00, 0x00, 0x00, 0x00, 0x00, 0x00, 0x00, 0x00, 0x00, 0x00,
    0x00, 0x00, 0x00, 0x00, 0x00, 0x00, 0x00, 0x00, 0x00, 0x00, 0x00, 0x00, 0x00, 0x00, 0x00, 0x00,
    0x00, 0x00, 0x00, 0x00, 0x00, 0x00, 0x00, 0x00, 0x00, 0x00, 0x00, 0x00, 0x00, 0x00, 0x00, 0x00,
    0x00, 0x00, 0x00, 0x00, 0x00, 0x00, 0x00, 0x00, 0x00, 0x00, 0x00, 0x00, 0x00, 0x00, 0x00, 0x00,
    0x00, 0x00, 0x00, 0x00, 0x00, 0x00, 0x00, 0x00, 0x00, 0x00, 0x00, 0x01, 0x00, 0x00, 0x00, 0x3F,
    0xF8, 0x00, 0x00, 0xFF, 0xFE, 0x00, 0x03, 0xFF, 0xFF, 0x00, 0x07, 0xFF, 0xFF, 0xC0, 0x07, 0xFF,
    0xFF, 0xC0, 0x0F, 0xF0, 0x1F, 0xE0, 0x1F, 0xE0, 0x0F, 0x80, 0x1F, 0xC0, 0x06, 0x00, 0x3F, 0xC0,
    0x00, 0x00, 0x3F, 0x80, 0x00, 0x00, 0x3F, 0x80, 0x00, 0x00, 0x3F, 0x80, 0x00, 0x00, 0x3F, 0x80,
    0x00, 0x00, 0x7F, 0x80, 0x00, 0x00, 0x7F, 0x80, 0x00, 0x00, 0x7F, 0x80, 0x00, 0x00, 0x3F, 0x80,
    0x00, 0x00, 0x3F, 0x80, 0x00, 0x00, 0x3F, 0x80, 0x00, 0x00, 0x3F, 0x80, 0x00, 0x00, 0x3F, 0xC0,
    0x00, 0x00, 0x1F, 0xC0, 0x06, 0x00, 0x1F, 0xE0, 0x0F, 0x80, 0x0F, 0xF0, 0x1F, 0xE0, 0x0F, 0xFF,
    0xFF, 0xE0, 0x07, 0xFF, 0xFF, 0xC0, 0x03, 0xFF, 0xFF, 0x80, 0x00, 0xFF, 0xFE, 0x00, 0x00, 0x3F,
    0xF8, 0x00, 0x00, 0x01, 0x00, 0x00, 0x00, 0x00, 0x00, 0x00, 0x00, 0x00, 0x00, 0x00, 0x00, 0x00,
    0x00, 0x00, 0x00, 0x00, 0x00, 0x00, 0x00, 0x00, 0x00, 0x00, 0x00, 0x00, 0x00, 0x00, 0x00, 0x00,
    0x00, 0x00, 0x00, 0x00, 0x00, 0x00, 0x00, 0x00, 0x00, 0x00, 0x00, 0x00, 0x00, 0x00, 0x00, 0x00,
    0x00, 0x00, 0x00, 0x00, 0x00, 0x00, 0x00, 0x00, 0x00, 0x00, 0x00, 0x00, 0x00, 0x00, 0x00, 0x00,
    0x00, 0x00, 0x00, 0x00, 0x00, 0x00, 0x00, 0x00, 0x00, 0x00, 0x00, 0x00, 0x00, 0x00, 0x00, 0x00,
    0x00, 0x00, 0x00, 0x00, 0x00, 0x00, 0x3F, 0xFF, 0x00, 0x00, 0x3F, 0xFF, 0xF0, 0x00, 0x3F, 0xFF,
    0xFC, 0x00, 0x3F, 0xFF, 0xFE, 0x00, 0x3F, 0xFF, 0xFF, 0x00, 0x3F, 0x81, 0xFF, 0x80, 0x3F, 0x80,
    0x7F, 0xC0, 0x3F, 0x80, 0x3F, 0xC0, 0x3F, 0x80, 0x1F, 0xC0, 0x3F, 0x80, 0x0F, 0xE0, 0x3F, 0x80,
    0x0F, 0xE0, 0x3F, 0x80, 0x0F, 0xE0, 0x3F, 0x80, 0x0F, 0xE0, 0x3F, 0x80, 0x0F, 0xE0, 0x3F, 0x80,
    0x0F, 0xE0, 0x3F, 0x80, 0x0F, 0xE0, 0x3F, 0x80, 0x0F, 0xE0, 0x3F, 0x80, 0x0F, 0xE0, 0x3F, 0x80,
    0x0F, 0xE0, 0x3F, 0x80, 0x1F, 0xE0, 0x3F, 0x80, 0x1F, 0xC0, 0x3F, 0x80, 0x7F, 0xC0, 0x3F, 0x81,
    0xFF, 0xC0, 0x3F, 0xFF, 0xFF, 0x80, 0x3F, 0xFF, 0xFF, 0x00, 0x3F, 0xFF, 0xFE, 0x00, 0x3F, 0xFF,
    0xFC, 0x00, 0x3F, 0xFF, 0xF0, 0x00, 0x3F, 0xFF, 0x00, 0x00, 0x00, 0x00, 0x00, 0x00, 0x00, 0x00,
    0x00, 0x00, 0x00, 0x00, 0x00, 0x00, 0x00, 0x00, 0x00, 0x00, 0x00, 0x00, 0x00, 0x00, 0x00, 0x00,
    0x00, 0x00, 0x00, 0x00, 0x00, 0x00, 0x00, 0x00, 0x00, 0x00, 0x00, 0x00, 0x00, 0x00, 0x00, 0x00,
    0x00, 0x00, 0x00, 0x00, 0x00, 0x00, 0x00, 0x00, 0x00, 0x00, 0x00, 0x00, 0x00, 0x00, 0x00, 0x00,
    0x00, 0x00, 0x00, 0x00, 0x00, 0x00, 0x00, 0x00, 0x00, 0x00, 0x00, 0x00, 0x00, 0x00, 0x00, 0x00,
    0x00, 0x00, 0x00, 0x00, 0x3F, 0xFF, 0xFE, 0x3F, 0xFF, 0xFE, 0x3F, 0xFF, 0xFE, 0x3F, 0xFF, 0xFE,
    0x3F, 0xFF, 0xFE, 0x3F, 0xFF, 0xFE, 0x3F, 0x80, 0x00, 0x3F, 0x80, 0x00, 0x3F, 0x80, 0x00, 0x3F,
    0x80, 0x00, 0x3F, 0x80, 0x00, 0x3F, 0xFF, 0xC0, 0x3F, 0xFF, 0xC0, 0x3F, 0xFF, 0xC0, 0x3F, 0xFF,
    0xC0, 0x3F, 0xFF, 0xC0, 0x3F, 0xFF, 0xC0, 0x3F, 0x80, 0x00, 0x3F, 0x80, 0x00, 0x3F, 0x80, 0x00,
    0x3F, 0x80, 0x00, 0x3F, 0x80, 0x00, 0x3F, 0x80, 0x00, 0x3F, 0xFF, 0xFE, 0x3F, 0xFF, 0xFE, 0x3F,
    0xFF, 0xFE, 0x3F, 0xFF, 0xFE, 0x3F, 0xFF, 0xFE, 0x3F, 0xFF, 0xFE, 0x00, 0x00, 0x00, 0x00, 0x00,
    0x00, 0x00, 0x00, 0x00, 0x00, 0x00, 0x00, 0x00, 0x00, 0x00, 0x00, 0x00, 0x00, 0x00, 0x00, 0x00,
    0x00, 0x00, 0x00, 0x00, 0x00, 0x00, 0x00, 0x00, 0x00, 0x00, 0x00, 0x00, 0x00, 0x00, 0x00, 0x00,
    0x00, 0x00, 0x00, 0x00, 0x00, 0x00, 0x00, 0x00, 0x00, 0x00, 0x00, 0x00, 0x00, 0x00, 0x00, 0x00,
    0x00, 0x00, 0x00, 0x00, 0x00, 0x00, 0x00, 0x00, 0x00, 0x00, 0x3F, 0xFF, 0xFC, 0x3F, 0xFF, 0xFC,
    0x3F, 0xFF, 0xFC, 0x3F, 0xFF, 0xFC, 0x3F, 0xFF, 0xFC, 0x3F, 0xFF, 0xFC, 0x3F, 0x80, 0x00, 0x3F,
    0x80, 0x00, 0x3F, 0x80, 0x00, 0x3F, 0x80, 0x00, 0x3F, 0x80, 0x00, 0x3F, 0xFF, 0xFC, 0x3F, 0xFF,
    0xFC, 0x3F, 0xFF, 0xFC, 0x3F, 0xFF, 0xFC, 0x3F, 0xFF, 0xFC, 0x3F, 0xFF, 0xFC, 0x3F, 0x80, 0x00,
    0x3F, 0x80, 0x00, 0x3F, 0x80, 0x00, 0x3F, 0x80, 0x00, 0x3F, 0x80, 0x00, 0x3F, 0x80, 0x00, 0x3F,
    0x80, 0x00, 0x3F, 0x80, 0x00, 0x3F, 0x80, 0x00, 0x3F, 0x80, 0x00, 0x3F, 0x80, 0x00, 0x3F, 0x80,
    0x00, 0x00, 0x00, 0x00, 0x00, 0x00, 0x00, 0x00, 0x00, 0x00, 0x00, 0x00, 0x00, 0x00, 0x00, 0x00,
    0x00, 0x00, 0x00, 0x00, 0x00, 0x00, 0x00, 0x00, 0x00, 0x00, 0x00, 0x00, 0x00, 0x00, 0x00, 0x00,
    0x00, 0x00, 0x00, 0x00, 0x00, 0x00, 0x00, 0x00, 0x00, 0x00, 0x00, 0x00, 0x00, 0x00, 0x00, 0x00,
    0x00, 0x00, 0x00, 0x00, 0x00, 0x00, 0x00, 0x00, 0x00, 0x00, 0x00, 0x00, 0x00, 0x00, 0x00, 0x00,
    0x00, 0x00, 0x00, 0x00, 0x00, 0x00, 0x00, 0x01, 0x00, 0x00, 0x00, 0x3F, 0xFC, 0x00, 0x00, 0xFF,
    0xFF, 0x00, 0x01, 0xFF, 0xFF, 0x80, 0x07, 0xFF, 0xFF, 0xC0, 0x07, 0xFF, 0xFF, 0xE0, 0x0F, 0xF0,
    0x1F, 0xC0, 0x1F, 0xE0, 0x0F, 0x00, 0x1F, 0xC0, 0x04, 0x00, 0x3F, 0xC0, 0x00, 0x00, 0x3F, 0x80,
    0x00, 0x00, 0x3F, 0x80, 0x00, 0x00, 0x3F, 0x80, 0x00, 0x00, 0x3F, 0x80, 0x00, 0x00, 0x7F, 0x80,
    0xFF, 0xF8, 0x7F, 0x80, 0xFF, 0xF8, 0x7F, 0x80, 0xFF, 0xF8, 0x3F, 0x80, 0xFF, 0xF8, 0x3F, 0x80,
    0xFF, 0xF8, 0x3F, 0x80, 0x03, 0xF8, 0x3F, 0x80, 0x03, 0xF8, 0x3F, 0xC0, 0x03, 0xF8, 0x1F, 0xC0,
    0x07, 0xF8, 0x1F, 0xE0, 0x07, 0xF8, 0x0F, 0xF0, 0x0F, 0xF8, 0x0F, 0xFF, 0xFF, 0xF8, 0x07, 0xFF,
    0xFF, 0xF8, 0x03, 0xFF, 0xFF, 0xF8, 0x01, 0xFF, 0xFC, 0xF8, 0x00, 0x7F, 0xF0, 0xF8, 0x00, 0x02,
    0x00, 0x00, 0x00, 0x00, 0x00, 0x00, 0x00, 0x00, 0x00, 0x00, 0x00, 0x00, 0x00, 0x00, 0x00, 0x00,
    0x00, 0x00, 0x00, 0x00, 0x00, 0x00, 0x00, 0x00, 0x00, 0x00, 0x00, 0x00, 0x00, 0x00, 0x00, 0x00,
    0x00, 0x00, 0x00, 0x00, 0x00, 0x00, 0x00, 0x00, 0x00, 0x00, 0x00, 0x00, 0x00, 0x00, 0x00, 0x00,
    0x00, 0x00, 0x00, 0x00, 0x00, 0x00, 0x00, 0x00, 0x00, 0x00, 0x00, 0x00, 0x00, 0x00, 0x00, 0x00,
    0x00, 0x00, 0x00, 0x00, 0x00, 0x00, 0x00, 0x00, 0x00, 0x00, 0x00, 0x00, 0x00, 0x00, 0x00, 0x00,
    0x00, 0x00, 0x3F, 0x80, 0x0F, 0xE0, 0x3F, 0x80, 0x0F, 0xE0, 0x3F, 0x80, 0x0F, 0xE0, 0x3F, 0x80,
    0x0F, 0xE0, 0x3F, 0x80, 0x0F, 0xE0, 0x3F, 0x80, 0x0F, 0xE0, 0x3F, 0x80, 0x0F, 0xE0, 0x3F, 0x80,
    0x0F, 0xE0, 0x3F, 0x80, 0x0F, 0xE0, 0x3F, 0x80, 0x0F, 0xE0, 0x3F, 0x80, 0x0F, 0xE0, 0x3F, 0xFF,
    0xFF, 0xE0, 0x3F, 0xFF, 0xFF, 0xE0, 0x3F, 0xFF, 0xFF, 0xE0, 0x3F, 0xFF, 0xFF, 0xE0, 0x3F, 0xFF,
    0xFF, 0xE0, 0x3F, 0xFF, 0xFF, 0xE0, 0x3F, 0x80, 0x0F, 0xE0, 0x3F, 0x80, 0x0F, 0xE0, 0x3F, 0x80,
    0x0F, 0xE0, 0x3F, 0x80, 0x0F, 0xE0, 0x3F, 0x80, 0x0F, 0xE0, 0x3F, 0x80, 0x0F, 0xE0, 0x3F, 0x80,
    0x0F, 0xE0, 0x3F, 0x80, 0x0F, 0xE0, 0x3F, 0x80, 0x0F, 0xE0, 0x3F, 0x80, 0x0F, 0xE0, 0x3F, 0x80,
    0x0F, 0xE0, 0x3F, 0x80, 0x0F, 0xE0, 0x00, 0x00, 0x00, 0x00, 0x00, 0x00, 0x00, 0x00, 0x00, 0x00,
    0x00, 0x00, 0x00, 0x00, 0x00, 0x00, 0x00, 0x00, 0x00, 0x00, 0x00, 0x00, 0x00, 0x00, 0x00, 0x00,
    0x00, 0x00, 0x00, 0x00, 0x00, 0x00, 0x00, 0x00, 0x00, 0x00, 0x00, 0x00, 0x00, 0x00, 0x00, 0x00,
    0x00, 0x00, 0x00, 0x00, 0x00, 0x00, 0x00, 0x00, 0x00, 0x00, 0x00, 0x00, 0x00, 0x00, 0x00, 0x00,
    0x00, 0x00, 0x00, 0x00, 0x00, 0x00, 0x00, 0x00, 0x00, 0x00, 0x00, 0x00, 0x00, 0x00, 0x00, 0x00,
    0x3F, 0xFF, 0x80, 0x3F, 0xFF, 0x80, 0x3F, 0xFF, 0x80, 0x3F, 0xFF, 0x80, 0x3F, 0xFF, 0x80, 0x03,
    0xF8, 0x00, 0x03, 0xF8, 0x00, 0x03, 0xF8, 0x00, 0x03, 0xF8, 0x00, 0x03, 0xF8, 0x00, 0x03, 0xF8,
    0x00, 0x03, 0xF8, 0x00, 0x03, 0xF8, 0x00, 0x03, 0xF8, 0x00, 0x03, 0xF8, 0x00, 0x03, 0xF8, 0x00,
    0x03, 0xF8, 0x00, 0x03, 0xF8, 0x00, 0x03, 0xF8, 0x00, 0x03, 0xF8, 0x00, 0x03, 0xF8, 0x00, 0x03,
    0xF8, 0x00, 0x03, 0xF8, 0x00, 0x03, 0xF8, 0x00, 0x3F, 0xFF, 0x80, 0x3F, 0xFF, 0x80, 0x3F, 0xFF,
    0x80, 0x3F, 0xFF, 0x80, 0x3F, 0xFF, 0x80, 0x00, 0x00, 0x00, 0x00, 0x00, 0x00, 0x00, 0x00, 0x00,
    0x00, 0x00, 0x00, 0x00, 0x00, 0x00, 0x00, 0x00, 0x00, 0x00, 0x00, 0x00, 0x00, 0x00, 0x00, 0x00,
    0x00, 0x00, 0x00, 0x00, 0x00, 0x00, 0x00, 0x00, 0x00, 0x00, 0x00, 0x00, 0x00, 0x00, 0x00, 0x00,
    0x00, 0x00, 0x00, 0x00, 0x00, 0x00, 0x00, 0x00, 0x00, 0x00, 0x00, 0x00, 0x00, 0x00, 0x00, 0x00,
    0x00, 0x00, 0x00, 0x00, 0x00, 0x00, 0x00, 0x01, 0xFC, 0x00, 0x01, 0xFC, 0x00, 0x01, 0xFC, 0x00,
    0x01, 0xFC, 0x00, 0x01, 0xFC, 0x00, 0x01, 0xFC, 0x00, 0x01, 0xFC, 0x00, 0x01, 0xFC, 0x00, 0x01,
    0xFC, 0x00, 0x01, 0xFC, 0x00, 0x01, 0xFC, 0x00, 0x01, 0xFC, 0x00, 0x01, 0xFC, 0x00, 0x01, 0xFC,
    0x00, 0x01, 0xFC, 0x00, 0x01, 0xFC, 0x00, 0x01, 0xFC, 0x00, 0x01, 0xFC, 0x00, 0x01, 0xFC, 0x00,
    0x01, 0xFC, 0x1E, 0x01, 0xF8, 0x7E, 0x01, 0xF8, 0xFF, 0x03, 0xF8, 0x7F, 0x07, 0xF8, 0x7F, 0xFF,
    0xF0, 0x3F, 0xFF, 0xF0, 0x1F, 0xFF, 0xE0, 0x0F, 0xFF, 0xC0, 0x03, 0xFF, 0x00, 0x00, 0x20, 0x00,
    0x00, 0x00, 0x00, 0x00, 0x00, 0x00, 0x00, 0x00, 0x00, 0x00, 0x00, 0x00, 0x00, 0x00, 0x00, 0x00,
    0x00, 0x00, 0x00, 0x00, 0x00, 0x00, 0x00, 0x00, 0x00, 0x00, 0x00, 0x00, 0x00, 0x00, 0x00, 0x00,
    0x00, 0x00, 0x00, 0x00, 0x00, 0x00, 0x00, 0x00, 0x00, 0x00, 0x00, 0x00, 0x00, 0x00, 0x00, 0x00,
    0x00, 0x00, 0x00, 0x00, 0x00, 0x00, 0x00, 0x00, 0x00, 0x00, 0x00, 0x00, 0x00, 0x00, 0x00, 0x00,
    0x00, 0x00, 0x00, 0x00, 0x00, 0x00, 0x3F, 0x80, 0x3F, 0xC0, 0x3F, 0x80, 0x7F, 0x80, 0x3F, 0x80,
    0xFF, 0x80, 0x3F, 0x80, 0xFF, 0x00, 0x3F, 0x81, 0xFE, 0x00, 0x3F, 0x83, 0xFC, 0x00, 0x3F, 0x87,
    0xF8, 0x00, 0x3F, 0x8F, 0xF0, 0x00, 0x3F, 0x9F, 0xE0, 0x00, 0x3F, 0xBF, 0xC0, 0x00, 0x3F, 0xFF,
    0x80, 0x00, 0x3F, 0xFF, 0x80, 0x00, 0x3F, 0xFF, 0x00, 0x00, 0x3F, 0xFF, 0x00, 0x00, 0x3F, 0xFF,
    0x80, 0x00, 0x3F, 0xFF, 0xC0, 0x00, 0x3F, 0xFF, 0xC0, 0x00, 0x3F, 0xFF, 0xE0, 0x00, 0x3F, 0xCF,
    0xF0, 0x00, 0x3F, 0x87, 0xF8, 0x00, 0x3F, 0x83, 0xF8, 0x00, 0x3F, 0x83, 0xFC, 0x00, 0x3F, 0x81,
    0xFE, 0x00, 0x3F, 0x80, 0xFE, 0x00, 0x3F, 0x80, 0xFF, 0x00, 0x3F, 0x80, 0x7F, 0x80, 0x3F, 0x80,
    0x3F, 0xC0, 0x3F, 0x80, 0x3F, 0xC0, 0x3F, 0x80, 0x1F, 0xE0, 0x00, 0x00, 0x00, 0x00, 0x00, 0x00,
    0x00, 0x00, 0x00, 0x00, 0x00, 0x00, 0x00, 0x00, 0x00, 0x00, 0x00, 0x00, 0x00, 0x00, 0x00, 0x00,
    0x00, 0x00, 0x00, 0x00, 0x00, 0x00, 0x00, 0x00, 0x00, 0x00, 0x00, 0x00, 0x00, 0x00, 0x00, 0x00,
    0x00, 0x00, 0x00, 0x00, 0x00, 0x00, 0x00, 0x00, 0x00, 0x00, 0x00, 0x00, 0x00, 0x00, 0x00, 0x00,
    0x00, 0x00, 0x00, 0x00, 0x00, 0x00, 0x00, 0x00, 0x00, 0x00, 0x00, 0x00, 0x00, 0x00, 0x00, 0x00,
    0x00, 0x00, 0x00, 0x00, 0x3F, 0x80, 0x00, 0x3F, 0x80, 0x00, 0x3F, 0x80, 0x00, 0x3F, 0x80, 0x00,
    0x3F, 0x80, 0x00, 0x3F, 0x80, 0x00, 0x3F, 0x80, 0x00, 0x3F, 0x80, 0x00, 0x3F, 0x80, 0x00, 0x3F,
    0x80, 0x00, 0x3F, 0x80, 0x00, 0x3F, 0x80, 0x00, 0x3F, 0x80, 0x00, 0x3F, 0x80, 0x00, 0x3F, 0x80,
    0x00, 0x3F, 0x80, 0x00, 0x3F, 0x80, 0x00, 0x3F, 0x80, 0x00, 0x3F, 0x80, 0x00, 0x3F, 0x80, 0x00,
    0x3F, 0x80, 0x00, 0x3F, 0x80, 0x00, 0x3F, 0x80, 0x00, 0x3F, 0xFF, 0xFC, 0x3F, 0xFF, 0xFC, 0x3F,
    0xFF, 0xFC, 0x3F, 0xFF, 0xFC, 0x3F, 0xFF, 0xFC, 0x3F, 0xFF, 0xFC, 0x00, 0x00, 0x00, 0x00, 0x00,
    0x00, 0x00, 0x00, 0x00, 0x00, 0x00, 0x00, 0x00, 0x00, 0x00, 0x00, 0x00, 0x00, 0x00, 0x00, 0x00,
    0x00, 0x00, 0x00, 0x00, 0x00, 0x00, 0x00, 0x00, 0x00, 0x00, 0x00, 0x00, 0x00, 0x00, 0x00, 0x00,
    0x00, 0x00, 0x00, 0x00, 0x00, 0x00, 0x00, 0x00, 0x00, 0x00, 0x00, 0x00, 0x00, 0x00, 0x00, 0x00,
    0x00, 0x00, 0x00, 0x00, 0x00, 0x00, 0x00, 0x00, 0x00, 0x00, 0x00, 0x00, 0x00, 0x00, 0x00, 0x00,
    0x00, 0x00, 0x00, 0x00, 0x00, 0x00, 0x00, 0x00, 0x00, 0x00, 0x00, 0x00, 0x00, 0x00, 0x3F, 0xF0,
    0x01, 0xFF, 0xC0, 0x3F, 0xF0, 0x01, 0xFF, 0xC0, 0x3F, 0xF8, 0x01, 0xFF, 0xC0, 0x3F, 0xF8, 0x01,
    0xFF, 0xC0, 0x3F, 0xF8, 0x03, 0xFF, 0xC0, 0x3F, 0xF8, 0x03, 0xFF, 0xC0, 0x3F, 0xFC, 0x03, 0xFF,
    0xC0, 0x3F, 0xFC, 0x07, 0xFF, 0xC0, 0x3F, 0x7C, 0x07, 0xDF, 0xC0, 0x3F, 0x7C, 0x07, 0xDF, 0xC0,
    0x3F, 0x7E, 0x07, 0xDF, 0xC0, 0x3F, 0x3E, 0x0F, 0xDF, 0xC0, 0x3F, 0x3E, 0x0F, 0x9F, 0xC0, 0x3F,
    0x3F, 0x0F, 0x9F, 0xC0, 0x3F, 0x1F, 0x1F, 0x9F, 0xC0, 0x3F, 0x1F, 0x1F, 0x1F, 0xC0, 0x3F, 0x1F,
    0x1F, 0x1F, 0xC0, 0x3F, 0x0F, 0x9F, 0x1F, 0xC0, 0x3F, 0x0F, 0xBE, 0x1F, 0xC0, 0x3F, 0x0F, 0xBE,
    0x1F, 0xC0, 0x3F, 0x0F, 0xFE, 0x1F, 0xC0, 0x3F, 0x07, 0xFE, 0x1F, 0xC0, 0x3F, 0x07, 0xFC, 0x1F,
    0xC0, 0x3F, 0x07, 0xFC, 0x1F, 0xC0, 0x3F, 0x03, 0xFC, 0x1F, 0xC0, 0x3F, 0x03, 0xF8, 0x1F, 0xC0,
    0x3F, 0x03, 0xF8, 0x1F, 0xC0, 0x3F, 0x03, 0xF8, 0x1F, 0xC0, 0x3F, 0x01, 0xF8, 0x1F, 0xC0, 0x00,
    0x00, 0x00, 0x00, 0x00, 0x00, 0x00, 0x00, 0x00, 0x00, 0x00, 0x00, 0x00, 0x00, 0x00, 0x00, 0x00,
    0x00, 0x00, 0x00, 0x00, 0x00, 0x00, 0x00, 0x00, 0x00, 0x00, 0x00, 0x00, 0x00, 0x00, 0x00, 0x00,
    0x00, 0x00, 0x00, 0x00, 0x00, 0x00, 0x00, 0x00, 0x00, 0x00, 0x00, 0x00, 0x00, 0x00, 0x00, 0x00,
    0x00, 0x00, 0x00, 0x00, 0x00, 0x00, 0x00, 0x00, 0x00, 0x00, 0x00, 0x00, 0x00, 0x00, 0x00, 0x00,
    0x00, 0x00, 0x00, 0x00, 0x00, 0x00, 0x00, 0x00, 0x00, 0x00, 0x00, 0x00, 0x00, 0x00, 0x00, 0x00,
    0x00, 0x00, 0x00, 0x00, 0x00, 0x00, 0x00, 0x00, 0x00, 0x00, 0x00, 0x00, 0x00, 0x00, 0x3F, 0xE0,
    0x07, 0xF0, 0x3F, 0xE0, 0x07, 0xF0, 0x3F, 0xF0, 0x07, 0xF0, 0x3F, 0xF0, 0x07, 0xF0, 0x3F, 0xF8,
    0x07, 0xF0, 0x3F, 0xF8, 0x07, 0xF0, 0x3F, 0xFC, 0x07, 0xF0, 0x3F, 0xFC, 0x07, 0xF0, 0x3F, 0xFE,
    0x07, 0xF0, 0x3F, 0x7E, 0x07, 0xF0, 0x3F, 0x7F, 0x07, 0xF0, 0x3F, 0x3F, 0x07, 0xF0, 0x3F, 0x3F,
    0x87, 0xF0, 0x3F, 0x1F, 0x87, 0xF0, 0x3F, 0x1F, 0xC7, 0xF0, 0x3F, 0x0F, 0xC7, 0xF0, 0x3F, 0x0F,
    0xE7, 0xF0, 0x3F, 0x07, 0xE7, 0xF0, 0x3F, 0x07, 0xF7, 0xF0, 0x3F, 0x03, 0xFF, 0xF0, 0x3F, 0x01,
    0xFF, 0xF0, 0x3F, 0x01, 0xFF, 0xF0, 0x3F, 0x00, 0xFF, 0xF0, 0x3F, 0x00, 0xFF, 0xF0, 0x3F, 0x00,
    0x7F, 0xF0, 0x3F, 0x00, 0x7F, 0xF0, 0x3F, 0x00, 0x3F, 0xF0, 0x3F, 0x00, 0x3F, 0xF0, 0x3F, 0x00,
    0x1F, 0xF0, 0x00, 0x00, 0x00, 0x00, 0x00, 0x00, 0x00, 0x00, 0x00, 0x00, 0x00, 0x00, 0x00, 0x00,
    0x00, 0x00, 0x00, 0x00, 0x00, 0x00, 0x00, 0x00, 0x00, 0x00, 0x00, 0x00, 0x00, 0x00, 0x00, 0x00,
    0x00, 0x00, 0x00, 0x00, 0x00, 0x00, 0x00, 0x00, 0x00, 0x00, 0x00, 0x00, 0x00, 0x00, 0x00, 0x00,
    0x00, 0x00, 0x00, 0x00, 0x00, 0x00, 0x00, 0x00, 0x00, 0x00, 0x00, 0x00, 0x00, 0x00, 0x00, 0x00,
    0x00, 0x00, 0x00, 0x00, 0x00, 0x00, 0x00, 0x00, 0x00, 0x00, 0x00, 0x00, 0x00, 0x00, 0x00, 0x00,
    0x00, 0x00, 0x00, 0x01, 0x80, 0x00, 0x00, 0x3F, 0xFC, 0x00, 0x00, 0xFF, 0xFF, 0x00, 0x01, 0xFF,
    0xFF, 0x80, 0x03, 0xFF, 0xFF, 0xC0, 0x07, 0xFF, 0xFF, 0xE0, 0x0F, 0xF8, 0x1F, 0xF0, 0x1F, 0xE0,
    0x07, 0xF8, 0x1F, 0xC0, 0x03, 0xF8, 0x3F, 0xC0, 0x03, 0xFC, 0x3F, 0x80, 0x01, 0xFC, 0x3F, 0x80,
    0x01, 0xFC, 0x3F, 0x80, 0x01, 0xFC, 0x3F, 0x80, 0x01, 0xFE, 0x7F, 0x80, 0x01, 0xFE, 0x7F, 0x80,
    0x00, 0xFE, 0x7F, 0x80, 0x01, 0xFE, 0x3F, 0x80, 0x01, 0xFE, 0x3F, 0x80, 0x01, 0xFC, 0x3F, 0x80,
    0x01, 0xFC, 0x3F, 0x80, 0x01, 0xFC, 0x3F, 0xC0, 0x03, 0xFC, 0x1F, 0xC0, 0x03, 0xF8, 0x1F, 0xE0,
    0x07, 0xF8, 0x0F, 0xF8, 0x1F, 0xF0, 0x07, 0xFF, 0xFF, 0xE0, 0x03, 0xFF, 0xFF, 0xC0, 0x01, 0xFF,
    0xFF, 0x80, 0x00, 0xFF, 0xFF, 0x00, 0x00, 0x3F, 0xFC, 0x00, 0x00, 0x01, 0x80, 0x00, 0x00, 0x00,
    0x00, 0x00, 0x00, 0x00, 0x00, 0x00, 0x00, 0x00, 0x00, 0x00, 0x00, 0x00, 0x00, 0x00, 0x00, 0x00,
    0x00, 0x00, 0x00, 0x00, 0x00, 0x00, 0x00, 0x00, 0x00, 0x00, 0x00, 0x00, 0x00, 0x00, 0x00, 0x00,
    0x00, 0x00, 0x00, 0x00, 0x00, 0x00, 0x00, 0x00, 0x00, 0x00, 0x00, 0x00, 0x00, 0x00, 0x00, 0x00,
    0x00, 0x00, 0x00, 0x00, 0x00, 0x00, 0x00, 0x00, 0x00, 0x00, 0x00, 0x00, 0x00, 0x00, 0x00, 0x00,
    0x00, 0x00, 0x00, 0x00, 0x00, 0x00, 0x00, 0x00, 0x00, 0x00, 0x00, 0x00, 0x00, 0x00, 0x3F, 0xFF,
    0xC0, 0x00, 0x3F, 0xFF, 0xF8, 0x00, 0x3F, 0xFF, 0xFE, 0x00, 0x3F, 0xFF, 0xFF, 0x00, 0x3F, 0xFF,
    0xFF, 0x00, 0x3F, 0xFF, 0xFF, 0x80, 0x3F, 0x80, 0xFF, 0x80, 0x3F, 0x80, 0x3F, 0x80, 0x3F, 0x80,
    0x3F, 0x80, 0x3F, 0x80, 0x3F, 0x80, 0x3F, 0x80, 0x3F, 0x80, 0x3F, 0x80, 0x3F, 0x80, 0x3F, 0x80,
    0x7F, 0x80, 0x3F, 0x80, 0xFF, 0x80, 0x3F, 0xFF, 0xFF, 0x00, 0x3F, 0xFF, 0xFF, 0x00, 0x3F, 0xFF,
    0xFE, 0x00, 0x3F, 0xFF, 0xF8, 0x00, 0x3F, 0xFF, 0xC0, 0x00, 0x3F, 0x80, 0x00, 0x00, 0x3F, 0x80,
    0x00, 0x00, 0x3F, 0x80, 0x00, 0x00, 0x3F, 0x80, 0x00, 0x00, 0x3F, 0x80, 0x00, 0x00, 0x3F, 0x80,
    0x00, 0x00, 0x3F, 0x80, 0x00, 0x00, 0x3F, 0x80, 0x00, 0x00, 0x3F, 0x80, 0x00, 0x00, 0x3F, 0x80,
    0x00, 0x00, 0x00, 0x00, 0x00, 0x00, 0x00, 0x00, 0x00, 0x00, 0x00, 0x00, 0x00, 0x00, 0x00, 0x00,
    0x00, 0x00, 0x00, 0x00, 0x00, 0x00, 0x00, 0x00, 0x00, 0x00, 0x00, 0x00, 0x00, 0x00, 0x00, 0x00,
    0x00, 0x00, 0x00, 0x00, 0x00, 0x00, 0x00, 0x00, 0x00, 0x00, 0x00, 0x00, 0x00, 0x00, 0x00, 0x00,
    0x00, 0x00, 0x00, 0x00, 0x00, 0x00, 0x00, 0x00, 0x00, 0x00, 0x00, 0x00, 0x00, 0x00, 0x00, 0x00,
    0x00, 0x00, 0x00, 0x00, 0x00, 0x00, 0x00, 0x00, 0x00, 0x00, 0x00, 0x00, 0x00, 0x00, 0x00, 0x00,
    0x00, 0x00, 0x00, 0x00, 0x00, 0x00, 0x00, 0x00, 0x00, 0x00, 0x00, 0x00, 0x01, 0x80, 0x00, 0x00,
    0x00, 0x3F, 0xFC, 0x00, 0x00, 0x00, 0xFF, 0xFF, 0x00, 0x00, 0x01, 0xFF, 0xFF, 0x80, 0x00, 0x03,
    0xFF, 0xFF, 0xC0, 0x00, 0x07, 0xFF, 0xFF, 0xE0, 0x00, 0x0F, 0xF8, 0x1F, 0xF0, 0x00, 0x1F, 0xE0,
    0x07, 0xF8, 0x00, 0x1F, 0xC0, 0x03, 0xF8, 0x00, 0x3F, 0xC0, 0x03, 0xFC, 0x00, 0x3F, 0x80, 0x01,
    0xFC, 0x00, 0x3F, 0x80, 0x01, 0xFC, 0x00, 0x3F, 0x80, 0x01, 0xFC, 0x00, 0x3F, 0x80, 0x01, 0xFE,
    0x00, 0x7F, 0x80, 0x41, 0xFE, 0x00, 0x7F, 0x80, 0xE0, 0xFE, 0x00, 0x7F, 0x81, 0xF1, 0xFE, 0x00,
    0x3F, 0x83, 0xF9, 0xFE, 0x00, 0x3F, 0x81, 0xFD, 0xFC, 0x00, 0x3F, 0x80, 0xFF, 0xFC, 0x00, 0x3F,
    0x80, 0x7F, 0xFC, 0x00, 0x3F, 0xC0, 0x3F, 0xFC, 0x00, 0x1F, 0xC0, 0x1F, 0xF8, 0x00, 0x1F, 0xE0,
    0x0F, 0xF8, 0x00, 0x0F, 0xF8, 0x1F, 0xF8, 0x00, 0x07, 0xFF, 0xFF, 0xF8, 0x00, 0x03, 0xFF, 0xFF,
    0xFC, 0x00, 0x01, 0xFF, 0xFF, 0xFE, 0x00, 0x00, 0xFF, 0xFF, 0x7F, 0x00, 0x00, 0x3F, 0xFC, 0x3F,
    0x00, 0x00, 0x01, 0x80, 0x1E, 0x00, 0x00, 0x00, 0x00, 0x0C, 0x00, 0x00, 0x00, 0x00, 0x00, 0x00,
    0x00, 0x00, 0x00, 0x00, 0x00, 0x00, 0x00, 0x00, 0x00, 0x00, 0x00, 0x00, 0x00, 0x00, 0x00, 0x00,
    0x00, 0x00, 0x00, 0x00, 0x00, 0x00, 0x00, 0x00, 0x00, 0x00, 0x00, 0x00, 0x00, 0x00, 0x00, 0x00,
    0x00, 0x00, 0x00, 0x00, 0x00, 0x00, 0x00, 0x00, 0x00, 0x00, 0x00, 0x00, 0x00, 0x00, 0x00, 0x00,
    0x00, 0x00, 0x00, 0x00, 0x00, 0x00, 0x00, 0x00, 0x00, 0x00, 0x00, 0x00, 0x00, 0x00, 0x00, 0x00,
    0x00, 0x00, 0x00, 0x00, 0x00, 0x00, 0x00, 0x00, 0x00, 0x00, 0x00, 0x00, 0x00, 0x00, 0x00, 0x00,
    0x3F, 0xFF, 0xC0, 0x00, 0x3F, 0xFF, 0xF8, 0x00, 0x3F, 0xFF, 0xFE, 0x00, 0x3F, 0xFF, 0xFF, 0x00,
    0x3F, 0xFF, 0xFF, 0x00, 0x3F, 0xFF, 0xFF, 0x80, 0x3F, 0x80, 0xFF, 0x80, 0x3F, 0x80, 0x3F, 0x80,
    0x3F, 0x80, 0x3F, 0x80, 0x3F, 0x80, 0x3F, 0x80, 0x3F, 0x80, 0x3F, 0x80, 0x3F, 0x80, 0x3F, 0x80,
    0x3F, 0x80, 0xFF, 0x80, 0x3F, 0xFF, 0xFF, 0x00, 0x3F, 0xFF, 0xFE, 0x00, 0x3F, 0xFF, 0xFC, 0x00,
    0x3F, 0xFF, 0xF8, 0x00, 0x3F, 0xFF, 0xE0, 0x00, 0x3F, 0x8F, 0xE0, 0x00, 0x3F, 0x8F, 0xF0, 0x00,
    0x3F, 0x87, 0xF8, 0x00, 0x3F, 0x83, 0xFC, 0x00, 0x3F, 0x81, 0xFC, 0x00, 0x3F, 0x81, 0xFE, 0x00,
    0x3F, 0x80, 0xFF, 0x00, 0x3F, 0x80, 0x7F, 0x00, 0x3F, 0x80, 0x7F, 0x80, 0x3F, 0x80, 0x3F, 0xC0,
    0x3F, 0x80, 0x1F, 0xC0, 0x00, 0x00, 0x00, 0x00, 0x00, 0x00, 0x00, 0x00, 0x00, 0x00, 0x00, 0x00,
    0x00, 0x00, 0x00, 0x00, 0x00, 0x00, 0x00, 0x00, 0x00, 0x00, 0x00, 0x00, 0x00, 0x00, 0x00, 0x00,
    0x00, 0x00, 0x00, 0x00, 0x00, 0x00, 0x00, 0x00, 0x00, 0x00, 0x00, 0x00, 0x00, 0x00, 0x00, 0x00,
    0x00, 0x00, 0x00, 0x00, 0x00, 0x00, 0x00, 0x00, 0x00, 0x00, 0x00, 0x00, 0x00, 0x00, 0x00, 0x00,
    0x00, 0x00, 0x00, 0x00, 0x00, 0x00, 0x00, 0x00, 0x00, 0x00, 0x00, 0x00, 0x00, 0x00, 0x00, 0x00,
    0x00, 0x00, 0x00, 0x00, 0x00, 0x00, 0x00, 0x00, 0x01, 0xFF, 0xC0, 0x00, 0x07, 0xFF, 0xF0, 0x00,
    0x0F, 0xFF, 0xFC, 0x00, 0x1F, 0xFF, 0xFE, 0x00, 0x3F, 0xFF, 0xFE, 0x00, 0x3F, 0x80, 0xFE, 0x00,
    0x7F, 0x00, 0x78, 0x00, 0x7F, 0x00, 0x20, 0x00, 0x7F, 0x00, 0x00, 0x00, 0x7F, 0x80, 0x00, 0x00,
    0x7F, 0xF0, 0x00, 0x00, 0x3F, 0xFF, 0x00, 0x00, 0x3F, 0xFF, 0xF0, 0x00, 0x1F, 0xFF, 0xFC, 0x00,
    0x0F, 0xFF, 0xFE, 0x00, 0x03, 0xFF, 0xFF, 0x00, 0x00, 0xFF, 0xFF, 0x00, 0x00, 0x0F, 0xFF, 0x80,
    0x00, 0x00, 0xFF, 0x80, 0x00, 0x00, 0x7F, 0x80, 0x02, 0x00, 0x3F, 0x80, 0x0F, 0x00, 0x3F, 0x80,
    0x7F, 0x00, 0x3F, 0x80, 0x7F, 0xC0, 0x7F, 0x00, 0x3F, 0xFF, 0xFF, 0x00, 0x1F, 0xFF, 0xFE, 0x00,
    0x0F, 0xFF, 0xFC, 0x00, 0x07, 0xFF, 0xF0, 0x00, 0x01, 0xFF, 0xC0, 0x00, 0x00, 0x04, 0x00, 0x00,
    0x00, 0x00, 0x00, 0x00, 0x00, 0x00, 0x00, 0x00, 0x00, 0x00, 0x00, 0x00, 0x00, 0x00, 0x00, 0x00,
    0x00, 0x00, 0x00, 0x00, 0x00, 0x00, 0x00, 0x00, 0x00, 0x00, 0x00, 0x00, 0x00, 0x00, 0x00, 0x00,
    0x00, 0x00, 0x00, 0x00, 0x00, 0x00, 0x00, 0x00, 0x00, 0x00, 0x00, 0x00, 0x00, 0x00, 0x00, 0x00,
    0x00, 0x00, 0x00, 0x00, 0x00, 0x00, 0x00, 0x00, 0x00, 0x00, 0x00, 0x00, 0x00, 0x00, 0x00, 0x00,
    0x00, 0x00, 0x00, 0x00, 0x00, 0x00, 0x00, 0x00, 0x00, 0x00, 0x00, 0x00, 0x00, 0x00, 0x00, 0x00,
    0x7F, 0xFF, 0xFF, 0x80, 0x7F, 0xFF, 0xFF, 0x80, 0x7F, 0xFF, 0xFF, 0x80, 0x7F, 0xFF, 0xFF, 0x80,
    0x7F, 0xFF, 0xFF, 0x80, 0x7F, 0xFF, 0xFF, 0x80, 0x00, 0x3F, 0x00, 0x00, 0x00, 0x3F, 0x00, 0x00,
    0x00, 0x3F, 0x00, 0x00, 0x00, 0x3F, 0x00, 0x00, 0x00, 0x3F, 0x00, 0x00, 0x00, 0x3F, 0x00, 0x00,
    0x00, 0x3F, 0x00, 0x00, 0x00, 0x3F, 0x00, 0x00, 0x00, 0x3F, 0x00, 0x00, 0x00, 0x3F, 0x00, 0x00,
    0x00, 0x3F, 0x00, 0x00, 0x00, 0x3F, 0x00, 0x00, 0x00, 0x3F, 0x00, 0x00, 0x00, 0x3F, 0x00, 0x00,
    0x00, 0x3F, 0x00, 0x00, 0x00, 0x3F, 0x00, 0x00, 0x00, 0x3F, 0x00, 0x00, 0x00, 0x3F, 0x00, 0x00,
    0x00, 0x3F, 0x00, 0x00, 0x00, 0x3F, 0x00, 0x00, 0x00, 0x3F, 0x00, 0x00, 0x00, 0x3F, 0x00, 0x00,
    0x00, 0x3F, 0x00, 0x00, 0x00, 0x00, 0x00, 0x00, 0x00, 0x00, 0x00, 0x00, 0x00, 0x00, 0x00, 0x00,
    0x00, 0x00, 0x00, 0x00, 0x00, 0x00, 0x00, 0x00, 0x00, 0x00, 0x00, 0x00, 0x00, 0x00, 0x00, 0x00,
    0x00, 0x00, 0x00, 0x00, 0x00, 0x00, 0x00, 0x00, 0x00, 0x00, 0x00, 0x00, 0x00, 0x00, 0x00, 0x00,
    0x00, 0x00, 0x00, 0x00, 0x00, 0x00, 0x00, 0x00, 0x00, 0x00, 0x00, 0x00, 0x00, 0x00, 0x00, 0x00,
    0x00, 0x00, 0x00, 0x00, 0x00, 0x00, 0x00, 0x00, 0x00, 0x00, 0x00, 0x00, 0x00, 0x00, 0x00, 0x00,
    0x00, 0x00, 0x00, 0x00, 0x00, 0x00, 0x00, 0x00, 0x3F, 0x80, 0x1F, 0xC0, 0x3F, 0x80, 0x1F, 0xC0,
    0x3F, 0x80, 0x1F, 0xC0, 0x3F, 0x80, 0x1F, 0xC0, 0x3F, 0x80, 0x1F, 0xC0, 0x3F, 0x80, 0x1F, 0xC0,
    0x3F, 0x80, 0x1F, 0xC0, 0x3F, 0x80, 0x1F, 0xC0, 0x3F, 0x80, 0x1F, 0xC0, 0x3F, 0x80, 0x1F, 0xC0,
    0x3F, 0x80, 0x1F, 0xC0, 0x3F, 0x80, 0x1F, 0xC0, 0x3F, 0x80, 0x1F, 0xC0, 0x3F, 0x80, 0x1F, 0xC0,
    0x3F, 0x80, 0x1F, 0xC0, 0x3F, 0x80, 0x1F, 0xC0, 0x3F, 0x80, 0x1F, 0xC0, 0x3F, 0x80, 0x1F, 0xC0,
    0x3F, 0x80, 0x1F, 0xC0, 0x3F, 0x80, 0x1F, 0xC0, 0x3F, 0x80, 0x1F, 0xC0, 0x3F, 0x80, 0x1F, 0x80,
    0x1F, 0xC0, 0x3F, 0x80, 0x1F, 0xE0, 0x7F, 0x80, 0x1F, 0xFF, 0xFF, 0x00, 0x0F, 0xFF, 0xFF, 0x00,
    0x07, 0xFF, 0xFE, 0x00, 0x03, 0xFF, 0xFC, 0x00, 0x00, 0xFF, 0xF0, 0x00, 0x00, 0x04, 0x00, 0x00,
    0x00, 0x00, 0x00, 0x00, 0x00, 0x00, 0x00, 0x00, 0x00, 0x00, 0x00, 0x00, 0x00, 0x00, 0x00, 0x00,
    0x00, 0x00, 0x00, 0x00, 0x00, 0x00, 0x00, 0x00, 0x00, 0x00, 0x00, 0x00, 0x00, 0x00, 0x00, 0x00,
    0x00, 0x00, 0x00, 0x00, 0x00, 0x00, 0x00, 0x00, 0x00, 0x00, 0x00, 0x00, 0x00, 0x00, 0x00, 0x00,
    0x00, 0x00, 0x00, 0x00, 0x00, 0x00, 0x00, 0x00, 0x00, 0x00, 0x00, 0x00, 0x00, 0x00, 0x00, 0x00,
    0x00, 0x00, 0x00, 0x00, 0x00, 0x00, 0x00, 0x00, 0x00, 0x00, 0x00, 0x00, 0x00, 0x00, 0x00, 0x00,
    0x7E, 0x00, 0x0F, 0xE0, 0x7F, 0x00, 0x0F, 0xE0, 0x7F, 0x00, 0x1F, 0xC0, 0x3F, 0x00, 0x1F, 0xC0,
    0x3F, 0x80, 0x1F, 0xC0, 0x3F, 0x80, 0x1F, 0x80, 0x1F, 0x80, 0x3F, 0x80, 0x1F, 0xC0, 0x3F, 0x80,
    0x1F, 0xC0, 0x3F, 0x00, 0x1F, 0xC0, 0x7F, 0x00, 0x0F, 0xC0, 0x7F, 0x00, 0x0F, 0xE0, 0x7E, 0x00,
    0x0F, 0xE0, 0xFE, 0x00, 0x07, 0xE0, 0xFE, 0x00, 0x07, 0xF0, 0xFC, 0x00, 0x07, 0xF1, 0xFC, 0x00,
    0x03, 0xF1, 0xFC, 0x00, 0x03, 0xF9, 0xF8, 0x00, 0x03, 0xF9, 0xF8, 0x00, 0x01, 0xFB, 0xF8, 0x00,
    0x01, 0xFF, 0xF0, 0x00, 0x01, 0xFF, 0xF0, 0x00, 0x00, 0xFF, 0xF0, 0x00, 0x00, 0xFF, 0xE0, 0x00,
    0x00, 0xFF, 0xE0, 0x00, 0x00, 0x7F, 0xE0, 0x00, 0x00, 0x7F, 0xC0, 0x00, 0x00, 0x7F, 0xC0, 0x00,
    0x00, 0x3F, 0xC0, 0x00, 0x00, 0x00, 0x00, 0x00, 0x00, 0x00, 0x00, 0x00, 0x00, 0x00, 0x00, 0x00,
    0x00, 0x00, 0x00, 0x00, 0x00, 0x00, 0x00, 0x00, 0x00, 0x00, 0x00, 0x00, 0x00, 0x00, 0x00, 0x00,
    0x00, 0x00, 0x00, 0x00, 0x00, 0x00, 0x00, 0x00, 0x00, 0x00, 0x00, 0x00, 0x00, 0x00, 0x00, 0x00,
    0x00, 0x00, 0x00, 0x00, 0x00, 0x00, 0x00, 0x00, 0x00, 0x00, 0x00, 0x00, 0x00, 0x00, 0x00, 0x00,
    0x00, 0x00, 0x00, 0x00, 0x00, 0x00, 0x00, 0x00, 0x00, 0x00, 0x00, 0x00, 0x00, 0x00, 0x00, 0x00,
    0x00, 0x00, 0x00, 0x00, 0x00, 0x00, 0x00, 0x00, 0x00, 0x00, 0x00, 0x00, 0x00, 0x00, 0x00, 0x00,
    0x00, 0x00, 0x7E, 0x01, 0xFC, 0x03, 0xF8, 0x7E, 0x01, 0xFC, 0x03, 0xF0, 0x7F, 0x01, 0xFE, 0x03,
    0xF0, 0x7F, 0x03, 0xFE, 0x07, 0xF0, 0x7F, 0x03, 0xFE, 0x07, 0xF0, 0x3F, 0x03, 0xFE, 0x07, 0xE0,
    0x3F, 0x03, 0xFE, 0x07, 0xE0, 0x3F, 0x83, 0xFF, 0x07, 0xE0, 0x3F, 0x87, 0xFF, 0x0F, 0xE0, 0x1F,
    0x87, 0xFF, 0x0F, 0xC0, 0x1F, 0x87, 0xDF, 0x0F, 0xC0, 0x1F, 0x87, 0xDF, 0x0F, 0xC0, 0x1F, 0xCF,
    0xDF, 0x8F, 0xC0, 0x0F, 0xCF, 0xDF, 0x9F, 0xC0, 0x0F, 0xCF, 0x8F, 0x9F, 0x80, 0x0F, 0xCF, 0x8F,
    0x9F, 0x80, 0x0F, 0xCF, 0x8F, 0x9F, 0x80, 0x0F, 0xDF, 0x8F, 0xDF, 0x80, 0x07, 0xFF, 0x87, 0xFF,
    0x00, 0x07, 0xFF, 0x07, 0xFF, 0x00, 0x07, 0xFF, 0x07, 0xFF, 0x00, 0x07, 0xFF, 0x07, 0xFF, 0x00,
    0x03, 0xFF, 0x07, 0xFE, 0x00, 0x03, 0xFE, 0x03, 0xFE, 0x00, 0x03, 0xFE, 0x03, 0xFE, 0x00, 0x03,
    0xFE, 0x03, 0xFE, 0x00, 0x01, 0xFE, 0x03, 0xFE, 0x00, 0x01, 0xFE, 0x03, 0xFC, 0x00, 0x01, 0xFC,
    0x01, 0xFC, 0x00, 0x00, 0x00, 0x00, 0x00, 0x00, 0x00, 0x00, 0x00, 0x00, 0x00, 0x00, 0x00, 0x00,
    0x00, 0x00, 0x00, 0x00, 0x00, 0x00, 0x00, 0x00, 0x00, 0x00, 0x00, 0x00, 0x00, 0x00, 0x00, 0x00,
    0x00, 0x00, 0x00, 0x00, 0x00, 0x00, 0x00, 0x00, 0x00, 0x00, 0x00, 0x00, 0x00, 0x00, 0x00, 0x00,
    0x00, 0x00, 0x00, 0x00, 0x00, 0x00, 0x00, 0x00, 0x00, 0x00, 0x00, 0x00, 0x00, 0x00, 0x00, 0x00,
    0x00, 0x00, 0x00, 0x00, 0x00, 0x00, 0x00, 0x00, 0x00, 0x00, 0x00, 0x00, 0x00, 0x00, 0x00, 0x00,
    0x00, 0x00, 0x00, 0x00, 0x00, 0x00, 0x00, 0x00, 0x00, 0x00, 0x00, 0x00, 0x00, 0x00, 0x00, 0x00,
    0x00, 0x00, 0x7F, 0x80, 0x0F, 0xF0, 0x3F, 0xC0, 0x1F, 0xE0, 0x1F, 0xE0, 0x1F, 0xE0, 0x1F, 0xE0,
    0x3F, 0xC0, 0x0F, 0xF0, 0x7F, 0x80, 0x07, 0xF8, 0x7F, 0x80, 0x07, 0xF8, 0xFF, 0x00, 0x03, 0xFD,
    0xFE, 0x00, 0x01, 0xFF, 0xFE, 0x00, 0x01, 0xFF, 0xFC, 0x00, 0x00, 0xFF, 0xF8, 0x00, 0x00, 0x7F,
    0xF8, 0x00, 0x00, 0x7F, 0xF0, 0x00, 0x00, 0x3F, 0xE0, 0x00, 0x00, 0x3F, 0xE0, 0x00, 0x00, 0x3F,
    0xF0, 0x00, 0x00, 0x7F, 0xF0, 0x00, 0x00, 0xFF, 0xF8, 0x00, 0x00, 0xFF, 0xFC, 0x00, 0x01, 0xFF,
    0xFC, 0x00, 0x03, 0xFD, 0xFE, 0x00, 0x03, 0xFC, 0xFF, 0x00, 0x07, 0xF8, 0xFF, 0x00, 0x0F, 0xF0,
    0x7F, 0x80, 0x0F, 0xF0, 0x3F, 0xC0, 0x1F, 0xE0, 0x3F, 0xE0, 0x3F, 0xC0, 0x1F, 0xE0, 0x7F, 0x80,
    0x0F, 0xF0, 0x7F, 0x80, 0x07, 0xF8, 0x00, 0x00, 0x00, 0x00, 0x00, 0x00, 0x00, 0x00, 0x00, 0x00,
    0x00, 0x00, 0x00, 0x00, 0x00, 0x00, 0x00, 0x00, 0x00, 0x00, 0x00, 0x00, 0x00, 0x00, 0x00, 0x00,
    0x00, 0x00, 0x00, 0x00, 0x00, 0x00, 0x00, 0x00, 0x00, 0x00, 0x00, 0x00, 0x00, 0x00, 0x00, 0x00,
    0x00, 0x00, 0x00, 0x00, 0x00, 0x00, 0x00, 0x00, 0x00, 0x00, 0x00, 0x00, 0x00, 0x00, 0x00, 0x00,
    0x00, 0x00, 0x00, 0x00, 0x00, 0x00, 0x00, 0x00, 0x00, 0x00, 0x00, 0x00, 0x00, 0x00, 0x00, 0x00,
    0x00, 0x00, 0x00, 0x00, 0x00, 0x00, 0x00, 0x00, 0x00, 0x00, 0x7F, 0x00, 0x0F, 0xF0, 0x7F, 0x80,
    0x0F, 0xF0, 0x3F, 0xC0, 0x1F, 0xE0, 0x3F, 0xC0, 0x1F, 0xC0, 0x1F, 0xE0, 0x3F, 0xC0, 0x0F, 0xE0,
    0x3F, 0x80, 0x0F, 0xF0, 0x7F, 0x80, 0x07, 0xF0, 0xFF, 0x00, 0x07, 0xF8, 0xFE, 0x00, 0x03, 0xF9,
    0xFE, 0x00, 0x01, 0xFD, 0xFC, 0x00, 0x01, 0xFF, 0xFC, 0x00, 0x00, 0xFF, 0xF8, 0x00, 0x00, 0x7F,
    0xF0, 0x00, 0x00, 0x7F, 0xF0, 0x00, 0x00, 0x3F, 0xE0, 0x00, 0x00, 0x3F, 0xE0, 0x00, 0x00, 0x1F,
    0xC0, 0x00, 0x00, 0x1F, 0xC0, 0x00, 0x00, 0x1F, 0xC0, 0x00, 0x00, 0x1F, 0xC0, 0x00, 0x00, 0x1F,
    0xC0, 0x00, 0x00, 0x1F, 0xC0, 0x00, 0x00, 0x1F, 0xC0, 0x00, 0x00, 0x1F, 0xC0, 0x00, 0x00, 0x1F,
    0xC0, 0x00, 0x00, 0x1F, 0xC0, 0x00, 0x00, 0x1F, 0xC0, 0x00, 0x00, 0x1F, 0xC0, 0x00, 0x00, 0x00,
    0x00, 0x00, 0x00, 0x00, 0x00, 0x00, 0x00, 0x00, 0x00, 0x00, 0x00, 0x00, 0x00, 0x00, 0x00, 0x00,
    0x00, 0x00, 0x00, 0x00, 0x00, 0x00, 0x00, 0x00, 0x00, 0x00, 0x00, 0x00, 0x00, 0x00, 0x00, 0x00,
    0x00, 0x00, 0x00, 0x00, 0x00, 0x00, 0x00, 0x00, 0x00, 0x00, 0x00, 0x00, 0x00, 0x00, 0x00, 0x00,
    0x00, 0x00, 0x00, 0x00, 0x00, 0x00, 0x00, 0x00, 0x00, 0x00, 0x00, 0x00, 0x00, 0x00, 0x00, 0x00,
    0x00, 0x00, 0x00, 0x00, 0x00, 0x00, 0x00, 0x00, 0x00, 0x00, 0x00, 0x00, 0x00, 0x00, 0x00, 0x00,
    0x00, 0x00, 0x3F, 0xFF, 0xFF, 0x00, 0x3F, 0xFF, 0xFF, 0x00, 0x3F, 0xFF, 0xFF, 0x00, 0x3F, 0xFF,
    0xFF, 0x00, 0x3F, 0xFF, 0xFF, 0x00, 0x3F, 0xFF, 0xFF, 0x00, 0x00, 0x01, 0xFE, 0x00, 0x00, 0x03,
    0xFC, 0x00, 0x00, 0x07, 0xFC, 0x00, 0x00, 0x07, 0xF8, 0x00, 0x00, 0x0F, 0xF0, 0x00, 0x00, 0x1F,
    0xE0, 0x00, 0x00, 0x3F, 0xC0, 0x00, 0x00, 0x7F, 0xC0, 0x00, 0x00, 0x7F, 0x80, 0x00, 0x00, 0xFF,
    0x00, 0x00, 0x01, 0xFE, 0x00, 0x00, 0x03, 0xFC, 0x00, 0x00, 0x03, 0xFC, 0x00, 0x00, 0x07, 0xF8,
    0x00, 0x00, 0x0F, 0xF0, 0x00, 0x00, 0x1F, 0xE0, 0x00, 0x00, 0x3F, 0xE0, 0x00, 0x00, 0x3F, 0xFF,
    0xFF, 0x80, 0x7F, 0xFF, 0xFF, 0x80, 0x7F, 0xFF, 0xFF, 0x80, 0x7F, 0xFF, 0xFF, 0x80, 0x7F, 0xFF,
    0xFF, 0x80, 0x7F, 0xFF, 0xFF, 0x80, 0x00, 0x00, 0x00, 0x00, 0x00, 0x00, 0x00, 0x00, 0x00, 0x00,
    0x00, 0x00, 0x00, 0x00, 0x00, 0x00, 0x00, 0x00, 0x00, 0x00, 0x00, 0x00, 0x00, 0x00, 0x00, 0x00,
    0x00, 0x00, 0x00, 0x00, 0x00, 0x00, 0x00, 0x00, 0x00, 0x00, 0x00, 0x00, 0x00, 0x00, 0x00, 0x00,
    0x00, 0x00, 0x00, 0x00, 0x00, 0x00, 0x00, 0x00, 0x00, 0x00, 0x00, 0x00, 0x00, 0x00, 0x00, 0x00,
    0x00, 0x00, 0x00, 0x00, 0x00, 0x00, 0x3F, 0xF8, 0x3F, 0xF8, 0x3F, 0xF8, 0x3F, 0xF8, 0x3F, 0xF8,
    0x3E, 0x00, 0x3E, 0x00, 0x3E, 0x00, 0x3E, 0x00, 0x3E, 0x00, 0x3E, 0x00, 0x3E, 0x00, 0x3E, 0x00,
    0x3E, 0x00, 0x3E, 0x00, 0x3E, 0x00, 0x3E, 0x00, 0x3E, 0x00, 0x3E, 0x00, 0x3E, 0x00, 0x3E, 0x00,
    0x3E, 0x00, 0x3E, 0x00, 0x3E, 0x00, 0x3E, 0x00, 0x3E, 0x00, 0x3E, 0x00, 0x3E, 0x00, 0x3E, 0x00,
    0x3E, 0x00, 0x3E, 0x00, 0x3F, 0xF8, 0x3F, 0xF8, 0x3F, 0xF8, 0x3F, 0xF8, 0x3F, 0xF8, 0x00, 0x00,
    0x00, 0x00, 0x00, 0x00, 0x00, 0x00, 0x00, 0x00, 0x00, 0x00, 0x00, 0x00, 0x00, 0x00, 0x00, 0x00,
    0x00, 0x00, 0x00, 0x00, 0x00, 0x00, 0x00, 0x00, 0x00, 0x00, 0x00, 0x00, 0x00, 0x00, 0x00, 0x00,
    0x00, 0x00, 0x00, 0x00, 0x7E, 0x00, 0x00, 0x7F, 0x00, 0x00, 0x3F, 0x00, 0x00, 0x3F, 0x00, 0x00,
    0x3F, 0x80, 0x00, 0x1F, 0x80, 0x00, 0x1F, 0xC0, 0x00, 0x1F, 0xC0, 0x00, 0x0F, 0xC0, 0x00, 0x0F,
    0xE0, 0x00, 0x07, 0xE0, 0x00, 0x07, 0xE0, 0x00, 0x07, 0xF0, 0x00, 0x03, 0xF0, 0x00, 0x03, 0xF8,
    0x00, 0x03, 0xF8, 0x00, 0x01, 0xF8, 0x00, 0x01, 0xFC, 0x00, 0x00, 0xFC, 0x00, 0x00, 0xFC, 0x00,
    0x00, 0xFE, 0x00, 0x00, 0x7E, 0x00, 0x00, 0x7F, 0x00, 0x00, 0x7F, 0x00, 0x00, 0x3F, 0x00, 0x00,
    0x3F, 0x80, 0x00, 0x1F, 0x80, 0x00, 0x1F, 0x80, 0x00, 0x1F, 0xC0, 0x00, 0x00, 0x00, 0x00, 0x00,
    0x00, 0x00, 0x00, 0x00, 0x00, 0x00, 0x00, 0x00, 0x00, 0x00, 0x00, 0x00, 0x00, 0x00, 0x00, 0x00,
    0x00, 0x00, 0x00, 0x00, 0x00, 0x00, 0x00, 0x00, 0x00, 0x00, 0x00, 0x00, 0x00, 0x00, 0x00, 0x00,
    0x00, 0x00, 0x00, 0x00, 0x00, 0x00, 0x00, 0x00, 0x00, 0x00, 0x00, 0x00, 0x00, 0x00, 0x00, 0x00,
    0x7F, 0xF0, 0x7F, 0xF0, 0x7F, 0xF0, 0x7F, 0xF0, 0x7F, 0xF0, 0x01, 0xF0, 0x01, 0xF0, 0x01, 0xF0,
    0x01, 0xF0, 0x01, 0xF0, 0x01, 0xF0, 0x01, 0xF0, 0x01, 0xF0, 0x01, 0xF0, 0x01, 0xF0, 0x01, 0xF0,
    0x01, 0xF0, 0x01, 0xF0, 0x01, 0xF0, 0x01, 0xF0, 0x01, 0xF0, 0x01, 0xF0, 0x01, 0xF0, 0x01, 0xF0,
    0x01, 0xF0, 0x01, 0xF0, 0x01, 0xF0, 0x01, 0xF0, 0x01, 0xF0, 0x01, 0xF0, 0x01, 0xF0, 0x7F, 0xF0,
    0x7F, 0xF0, 0x7F, 0xF0, 0x7F, 0xF0, 0x7F, 0xF0, 0x00, 0x00, 0x00, 0x00, 0x00, 0x00, 0x00, 0x00,
    0x00, 0x00, 0x00, 0x00, 0x00, 0x00, 0x00, 0x00, 0x00, 0x00, 0x00, 0x00, 0x00, 0x00, 0x00, 0x00,
    0x00, 0x00, 0x00, 0x00, 0x00, 0x00, 0x00, 0x00, 0x00, 0x00, 0x00, 0x00, 0x00, 0x00, 0x00, 0x00,
    0x00, 0x00, 0x00, 0x00, 0x00, 0x00, 0x00, 0x00, 0x00, 0x3C, 0x00, 0x00, 0x00, 0x7E, 0x00, 0x00,
    0x00, 0x7F, 0x00, 0x00, 0x00, 0xFF, 0x00, 0x00, 0x00, 0xFF, 0x80, 0x00, 0x01, 0xFF, 0x80, 0x00,
    0x01, 0xFF, 0xC0, 0x00, 0x03, 0xFF, 0xC0, 0x00, 0x03, 0xF7, 0xE0, 0x00, 0x07, 0xE7, 0xE0, 0x00,
    0x07, 0xE3, 0xF0, 0x00, 0x0F, 0xE3, 0xF0, 0x00, 0x0F, 0xC1, 0xF8, 0x00, 0x1F, 0xC1, 0xF8, 0x00,
    0x1F, 0x80, 0xFC, 0x00, 0x3F, 0x80, 0xFC, 0x00, 0x00, 0x00, 0x00, 0x00, 0x00, 0x00, 0x00, 0x00,
    0x00, 0x00, 0x00, 0x00, 0x00, 0x00, 0x00, 0x00, 0x00, 0x00, 0x00, 0x00, 0x00, 0x00, 0x00, 0x00,
    0x00, 0x00, 0x00, 0x00, 0x00, 0x00, 0x00, 0x00, 0x00, 0x00, 0x00, 0x00, 0x00, 0x00, 0x00, 0x00,
    0x00, 0x00, 0x00, 0x00, 0x00, 0x00, 0x00, 0x00, 0x00, 0x00, 0x00, 0x00, 0x00, 0x00, 0x00, 0x00,
    0x00, 0x00, 0x00, 0x00, 0x00, 0x00, 0x00, 0x00, 0x00, 0x00, 0x00, 0x00, 0x00, 0x00, 0x00, 0x00,
    0x00, 0x00, 0x00, 0x00, 0x00, 0x00, 0x00, 0x00, 0x00, 0x00, 0x00, 0x00, 0x00, 0x00, 0x00, 0x00,
    0x00, 0x00, 0x00, 0x00, 0x00, 0x00, 0x00, 0x00, 0x00, 0x00, 0x00, 0x00, 0x00, 0x00, 0x00, 0x00,
    0x00, 0x00, 0x00, 0x00, 0x00, 0x00, 0x00, 0x00, 0x00, 0x00, 0x00, 0x00, 0x00, 0x00, 0x00, 0x00,
    0x00, 0x00, 0x00, 0x00, 0x00, 0x00, 0x00, 0x00, 0x00, 0x00, 0x00, 0x00, 0x00, 0x00, 0x00, 0x00,
    0x00, 0x00, 0x00, 0x00, 0x00, 0x00, 0x00, 0x00, 0x00, 0x00, 0x00, 0x00, 0x00, 0x00, 0x00, 0x00,
    0x00, 0x00, 0x00, 0x00, 0x00, 0x00, 0x00, 0x00, 0x00, 0x00, 0x00, 0x00, 0x00, 0x00, 0x00, 0x00,
    0x00, 0x00, 0x00, 0x00, 0x00, 0x00, 0x00, 0x00, 0x00, 0x00, 0x00, 0x00, 0x00, 0x00, 0x00, 0x00,
    0x00, 0x00, 0x00, 0x00, 0x00, 0x00, 0x00, 0x00, 0x00, 0x00, 0x00, 0x00, 0x00, 0x00, 0x00, 0x00,
    0x00, 0x00, 0x00, 0x00, 0x00, 0x00, 0x00, 0x00, 0x00, 0x00, 0x00, 0x00, 0x00, 0xFF, 0xFF, 0xC0,
    0xFF, 0xFF, 0xC0, 0xFF, 0xFF, 0xC0, 0xFF, 0xFF, 0xC0, 0xFF, 0xFF, 0xC0, 0x00, 0x00, 0x00, 0x00,
    0x00, 0x00, 0x00, 0x00, 0x00, 0x00, 0x00, 0x00, 0x00, 0x00, 0x00, 0x00, 0x00, 0x00, 0x00, 0x00,
    0x00, 0x00, 0x00, 0x00, 0x00, 0x00, 0x00, 0x00, 0x00, 0x00, 0x00, 0x00, 0x00, 0x00, 0x1E, 0x00,
    0x3E, 0x00, 0x3F, 0x00, 0x1F, 0x80, 0x0F, 0xC0, 0x07, 0xE0, 0x00, 0x00, 0x00, 0x00, 0x00, 0x00,
    0x00, 0x00, 0x00, 0x00, 0x00, 0x00, 0x00, 0x00, 0x00, 0x00, 0x00, 0x00, 0x00, 0x00, 0x00, 0x00,
    0x00, 0x00, 0x00, 0x00, 0x00, 0x00, 0x00, 0x00, 0x00, 0x00, 0x00, 0x00, 0x00, 0x00, 0x00, 0x00,
    0x00, 0x00, 0x00, 0x00, 0x00, 0x00, 0x00, 0x00, 0x00, 0x00, 0x00, 0x00, 0x00, 0x00, 0x00, 0x00,
    0x00, 0x00, 0x00, 0x00, 0x00, 0x00, 0x00, 0x00, 0x00, 0x00, 0x00, 0x00, 0x00, 0x00, 0x00, 0x00,
    0x00, 0x00, 0x00, 0x00, 0x00, 0x00, 0x00, 0x00, 0x00, 0x00, 0x00, 0x00, 0x00, 0x00, 0x00, 0x00,
    0x00, 0x00, 0x00, 0x00, 0x00, 0x00, 0x00, 0x00, 0x00, 0x00, 0x00, 0x00, 0x00, 0x00, 0x00, 0x00,
    0x00, 0x00, 0x00, 0x00, 0x00, 0x00, 0x00, 0x00, 0x00, 0x00, 0x00, 0x00, 0x00, 0x00, 0x00, 0x00,
    0x00, 0x00, 0x00, 0x00, 0x00, 0x00, 0x10, 0x00, 0x01, 0xFF, 0x80, 0x07, 0xFF, 0xE0, 0x0F, 0xFF,
    0xF0, 0x1F, 0xFF, 0xF0, 0x1F, 0x83, 0xF8, 0x03, 0x01, 0xF8, 0x00, 0x01, 0xF8, 0x00, 0x01, 0xF8,
    0x00, 0x3F, 0xF8, 0x03, 0xFF, 0xF8, 0x0F, 0xFF, 0xF8, 0x1F, 0xFF, 0xF8, 0x3F, 0xE1, 0xF8, 0x7F,
    0x01, 0xF8, 0x7F, 0x01, 0xF8, 0x7F, 0x03, 0xF8, 0x7F, 0x03, 0xF8, 0x7F, 0xFF, 0xF8, 0x3F, 0xFF,
    0xF8, 0x1F, 0xFD, 0xFC, 0x0F, 0xF8, 0xFC, 0x00, 0x80, 0x00, 0x00, 0x00, 0x00, 0x00, 0x00, 0x00,
    0x00, 0x00, 0x00, 0x00, 0x00, 0x00, 0x00, 0x00, 0x00, 0x00, 0x00, 0x00, 0x00, 0x00, 0x00, 0x00,
    0x00, 0x00, 0x00, 0x00, 0x00, 0x00, 0x00, 0x00, 0x00, 0x00, 0x00, 0x00, 0x00, 0x00, 0x00, 0x00,
    0x00, 0x00, 0x00, 0x00, 0x00, 0x00, 0x00, 0x00, 0x00, 0x00, 0x00, 0x00, 0x00, 0x00, 0x00, 0x00,
    0x00, 0x00, 0x00, 0x00, 0x00, 0x00, 0x00, 0x00, 0x00, 0x00, 0x00, 0x00, 0x00, 0x00, 0x00, 0x00,
    0x3F, 0x80, 0x00, 0x00, 0x3F, 0x80, 0x00, 0x00, 0x3F, 0x80, 0x00, 0x00, 0x3F, 0x80, 0x00, 0x00,
    0x3F, 0x80, 0x00, 0x00, 0x3F, 0x80, 0x00, 0x00, 0x3F, 0x80, 0x00, 0x00, 0x3F, 0x80, 0x00, 0x00,
    0x3F, 0x9F, 0xE0, 0x00, 0x3F, 0xBF, 0xF8, 0x00, 0x3F, 0xFF, 0xFC, 0x00, 0x3F, 0xFF, 0xFC, 0x00,
    0x3F, 0xFF, 0xFE, 0x00, 0x3F, 0xC1, 0xFE, 0x00, 0x3F, 0x80, 0xFF, 0x00, 0x3F, 0x80, 0x7F, 0x00,
    0x3F, 0x00, 0x7F, 0x00, 0x3F, 0x00, 0x7F, 0x00, 0x3F, 0x00, 0x7F, 0x00, 0x3F, 0x00, 0x7F, 0x00,
    0x3F, 0x00, 0x7F, 0x00, 0x3F, 0x80, 0x7F, 0x00, 0x3F, 0x80, 0xFF, 0x00, 0x3F, 0xC1, 0xFE, 0x00,
    0x3F, 0xFF, 0xFE, 0x00, 0x3F, 0xFF, 0xFC, 0x00, 0x3F, 0xFF, 0xF8, 0x00, 0x3F, 0x3F, 0xF0, 0x00,
    0x3F, 0x1F, 0xE0, 0x00, 0x00, 0x00, 0x00, 0x00, 0x00, 0x00, 0x00, 0x00, 0x00, 0x00, 0x00, 0x00,
    0x00, 0x00, 0x00, 0x00, 0x00, 0x00, 0x00, 0x00, 0x00, 0x00, 0x00, 0x00, 0x00, 0x00, 0x00, 0x00,
    0x00, 0x00, 0x00, 0x00, 0x00, 0x00, 0x00, 0x00, 0x00, 0x00, 0x00, 0x00, 0x00, 0x00, 0x00, 0x00,
    0x00, 0x00, 0x00, 0x00, 0x00, 0x00, 0x00, 0x00, 0x00, 0x00, 0x00, 0x00, 0x00, 0x00, 0x00, 0x00,
    0x00, 0x00, 0x00, 0x00, 0x00, 0x00, 0x00, 0x00, 0x00, 0x00, 0x00, 0x00, 0x00, 0x00, 0x00, 0x00,
    0x00, 0x00, 0x00, 0x00, 0x00, 0x00, 0x00, 0x00, 0x00, 0x00, 0x00, 0x00, 0x00, 0x00, 0x00, 0x00,
    0x00, 0x00, 0x00, 0x00, 0x10, 0x00, 0x01, 0xFF, 0x00, 0x07, 0xFF, 0xC0, 0x0F, 0xFF, 0xE0, 0x1F,
    0xFF, 0xF0, 0x3F, 0xFF, 0xF8, 0x3F, 0x81, 0xF0, 0x3F, 0x81, 0x80, 0x7F, 0x00, 0x00, 0x7F, 0x00,
    0x00, 0x7F, 0x00, 0x00, 0x7F, 0x00, 0x00, 0x7F, 0x00, 0x00, 0x7F, 0x00, 0x00, 0x7F, 0x00, 0x00,
    0x3F, 0x80, 0x00, 0x3F, 0x81, 0xE0, 0x3F, 0xFF, 0xF8, 0x1F, 0xFF, 0xF0, 0x0F, 0xFF, 0xE0, 0x07,
    0xFF, 0xC0, 0x01, 0xFF, 0x80, 0x00, 0x10, 0x00, 0x00, 0x00, 0x00, 0x00, 0x00, 0x00, 0x00, 0x00,
    0x00, 0x00, 0x00, 0x00, 0x00, 0x00, 0x00, 0x00, 0x00, 0x00, 0x00, 0x00, 0x00, 0x00, 0x00, 0x00,
    0x00, 0x00, 0x00, 0x00, 0x00, 0x00, 0x00, 0x00, 0x00, 0x00, 0x00, 0x00, 0x00, 0x00, 0x00, 0x00,
    0x00, 0x00, 0x00, 0x00, 0x00, 0x00, 0x00, 0x00, 0x00, 0x00, 0x00, 0x00, 0x00, 0x00, 0x00, 0x00,
    0x00, 0x00, 0x00, 0x00, 0x00, 0x00, 0x00, 0x00, 0x00, 0x00, 0x00, 0x00, 0x00, 0x00, 0x00, 0x00,
    0x7E, 0x00, 0x00, 0x00, 0x7E, 0x00, 0x00, 0x00, 0x7E, 0x00, 0x00, 0x00, 0x7E, 0x00, 0x00, 0x00,
    0x7E, 0x00, 0x00, 0x00, 0x7E, 0x00, 0x00, 0x00, 0x7E, 0x00, 0x00, 0x00, 0x7E, 0x00, 0x03, 0xFC,
    0x7E, 0x00, 0x0F, 0xFE, 0x7E, 0x00, 0x1F, 0xFF, 0xFE, 0x00, 0x1F, 0xFF, 0xFE, 0x00, 0x3F, 0xFF,
    0xFE, 0x00, 0x3F, 0xC1, 0xFE, 0x00, 0x7F, 0x80, 0xFE, 0x00, 0x7F, 0x00, 0xFE, 0x00, 0x7F, 0x00,
    0x7E, 0x00, 0x7F, 0x00, 0x7E, 0x00, 0x7F, 0x00, 0x7E, 0x00, 0x7F, 0x00, 0x7E, 0x00, 0x7F, 0x00,
    0x7E, 0x00, 0x7F, 0x00, 0xFE, 0x00, 0x3F, 0x80, 0xFE, 0x00, 0x3F, 0xC1, 0xFE, 0x00, 0x3F, 0xFF,
    0xFE, 0x00, 0x1F, 0xFF, 0xFE, 0x00, 0x0F, 0xFF, 0xFE, 0x00, 0x07, 0xFF, 0x7E, 0x00, 0x03, 0xFC,
    0x7F, 0x00, 0x00, 0x00, 0x00, 0x00, 0x00, 0x00, 0x00, 0x00, 0x00, 0x00, 0x00, 0x00, 0x00, 0x00,
    0x00, 0x00, 0x00, 0x00, 0x00, 0x00, 0x00, 0x00, 0x00, 0x00, 0x00, 0x00, 0x00, 0x00, 0x00, 0x00,
    0x00, 0x00, 0x00, 0x00, 0x00, 0x00, 0x00, 0x00, 0x00, 0x00, 0x00, 0x00, 0x00, 0x00, 0x00, 0x00,
    0x00, 0x00, 0x00, 0x00, 0x00, 0x00, 0x00, 0x00, 0x00, 0x00, 0x00, 0x00, 0x00, 0x00, 0x00, 0x00,
    0x00, 0x00, 0x00, 0x00, 0x00, 0x00, 0x00, 0x00, 0x00, 0x00, 0x00, 0x00, 0x00, 0x00, 0x00, 0x00,
    0x00, 0x00, 0x00, 0x00, 0x00, 0x00, 0x00, 0x00, 0x00, 0x00, 0x00, 0x00, 0x00, 0x00, 0x00, 0x00,
    0x00, 0x00, 0x08, 0x00, 0x01, 0xFF, 0x80, 0x03, 0xFF, 0xE0, 0x0F, 0xFF, 0xF0, 0x1F, 0xFF, 0xF8,
    0x1F, 0xFF, 0xF8, 0x3F, 0x81, 0xFC, 0x3F, 0x00, 0xFC, 0x7F, 0x00, 0x7C, 0x7F, 0xFF, 0xFE, 0x7F,
    0xFF, 0xFE, 0x7F, 0xFF, 0xFE, 0x7F, 0xFF, 0xFE, 0x7F, 0x00, 0x00, 0x7F, 0x00, 0x00, 0x3F, 0x00,
    0x00, 0x3F, 0x80, 0xC0, 0x1F, 0xFF, 0xF8, 0x1F, 0xFF, 0xF8, 0x0F, 0xFF, 0xF0, 0x07, 0xFF, 0xE0,
    0x01, 0xFF, 0x80, 0x00, 0x08, 0x00, 0x00, 0x00, 0x00, 0x00, 0x00, 0x00, 0x00, 0x00, 0x00, 0x00,
    0x00, 0x00, 0x00, 0x00, 0x00, 0x00, 0x00, 0x00, 0x00, 0x00, 0x00, 0x00, 0x00, 0x00, 0x00, 0x00,
    0x00, 0x00, 0x00, 0x00, 0x00, 0x00, 0x00, 0x00, 0x00, 0x00, 0x00, 0x00, 0x00, 0x00, 0x00, 0x00,
    0x00, 0x00, 0x00, 0x00, 0x01, 0xFE, 0x07, 0xFE, 0x0F, 0xFE, 0x0F, 0xFE, 0x0F, 0xFE, 0x0F, 0xE0,
    0x0F, 0xC0, 0x0F, 0xC0, 0x0F, 0xC0, 0x0F, 0xC0, 0xFF, 0xFE, 0xFF, 0xFE, 0xFF, 0xFE, 0xFF, 0xFE,
    0xFF, 0xFE, 0x0F, 0xC0, 0x0F, 0xC0, 0x0F, 0xC0, 0x0F, 0xC0, 0x0F, 0xC0, 0x0F, 0xC0, 0x0F, 0xC0,
    0x0F, 0xC0, 0x0F, 0xC0, 0x0F, 0xC0, 0x0F, 0xC0, 0x0F, 0xC0, 0x0F, 0xC0, 0x0F, 0xC0, 0x0F, 0xC0,
    0x0F, 0xC0, 0x00, 0x00, 0x00, 0x00, 0x00, 0x00, 0x00, 0x00, 0x00, 0x00, 0x00, 0x00, 0x00, 0x00,
    0x00, 0x00, 0x00, 0x00, 0x00, 0x00, 0x00, 0x00, 0x00, 0x00, 0x00, 0x00, 0x00, 0x00, 0x00, 0x00,
    0x00, 0x00, 0x00, 0x00, 0x00, 0x00, 0x00, 0x00, 0x00, 0x00, 0x00, 0x00, 0x00, 0x00, 0x00, 0x00,
    0x00, 0x00, 0x00, 0x00, 0x00, 0x00, 0x00, 0x00, 0x00, 0x00, 0x00, 0x00, 0x00, 0x00, 0x00, 0x00,
    0x00, 0x00, 0x00, 0x00, 0x00, 0x00, 0x00, 0x00, 0x00, 0x00, 0x00, 0x00, 0x00, 0x00, 0x00, 0x00,
    0x00, 0x00, 0x00, 0x00, 0x00, 0x00, 0x00, 0x00, 0x00, 0x00, 0x00, 0x00, 0x00, 0x40, 0x00, 0x00,
    0x03, 0xFC, 0x7E, 0x00, 0x0F, 0xFE, 0x7E, 0x00, 0x1F, 0xFF, 0x7E, 0x00, 0x1F, 0xFF, 0xFE, 0x00,
    0x3F, 0xFF, 0xFE, 0x00, 0x3F, 0xC1, 0xFE, 0x00, 0x7F, 0x80, 0xFE, 0x00, 0x7F, 0x00, 0xFE, 0x00,
    0x7F, 0x00, 0x7E, 0x00, 0x7F, 0x00, 0x7E, 0x00, 0x7F, 0x00, 0x7E, 0x00, 0x7F, 0x00, 0x7E, 0x00,
    0x7F, 0x00, 0x7E, 0x00, 0x7F, 0x00, 0xFE, 0x00, 0x3F, 0x80, 0xFE, 0x00, 0x3F, 0xE3, 0xFE, 0x00,
    0x1F, 0xFF, 0xFE, 0x00, 0x1F, 0xFF, 0xFE, 0x00, 0x0F, 0xFF, 0x7E, 0x00, 0x07, 0xFE, 0x7E, 0x00,
    0x01, 0xF8, 0x7E, 0x00, 0x00, 0x00, 0x7E, 0x00, 0x00, 0x00, 0xFE, 0x00, 0x01, 0x00, 0xFC, 0x00,
    0x0F, 0xC3, 0xFC, 0x00, 0x1F, 0xFF, 0xFC, 0x00, 0x0F, 0xFF, 0xF8, 0x00, 0x07, 0xFF, 0xF0, 0x00,
    0x03, 0xFF, 0xE0, 0x00, 0x00, 0xFF, 0x80, 0x00, 0x00, 0x00, 0x00, 0x00, 0x00, 0x00, 0x00, 0x00,
    0x00, 0x00, 0x00, 0x00, 0x00, 0x00, 0x00, 0x00, 0x00, 0x00, 0x00, 0x00, 0x00, 0x00, 0x00, 0x00,
    0x00, 0x00, 0x00, 0x00, 0x00, 0x00, 0x00, 0x00, 0x00, 0x00, 0x00, 0x00, 0x00, 0x00, 0x3F, 0x80,
    0x00, 0x3F, 0x80, 0x00, 0x3F, 0x80, 0x00, 0x3F, 0x80, 0x00, 0x3F, 0x80, 0x00, 0x3F, 0x80, 0x00,
    0x3F, 0x80, 0x00, 0x3F, 0x82, 0x00, 0x3F, 0x9F, 0xE0, 0x3F, 0xBF, 0xF0, 0x3F, 0xFF, 0xF8, 0x3F,
    0xFF, 0xF8, 0x3F, 0xFF, 0xFC, 0x3F, 0xC1, 0xFC, 0x3F, 0x81, 0xFC, 0x3F, 0x81, 0xFC, 0x3F, 0x81,
    0xFC, 0x3F, 0x80, 0xFC, 0x3F, 0x80, 0xFC, 0x3F, 0x80, 0xFC, 0x3F, 0x80, 0xFC, 0x3F, 0x80, 0xFC,
    0x3F, 0x80, 0xFC, 0x3F, 0x80, 0xFC, 0x3F, 0x80, 0xFC, 0x3F, 0x80, 0xFC, 0x3F, 0x80, 0xFC, 0x3F,
    0x80, 0xFC, 0x3F, 0x80, 0xFC, 0x00, 0x00, 0x00, 0x00, 0x00, 0x00, 0x00, 0x00, 0x00, 0x00, 0x00,
    0x00, 0x00, 0x00, 0x00, 0x00, 0x00, 0x00, 0x00, 0x00, 0x00, 0x00, 0x00, 0x00, 0x00, 0x00, 0x00,
    0x00, 0x00, 0x00, 0x00, 0x00, 0x00, 0x00, 0x00, 0x00, 0x00, 0x00, 0x00, 0x00, 0x00, 0x00, 0x00,
    0x00, 0x00, 0x03, 0xC0, 0x07, 0xE0, 0x07, 0xF0, 0x0F, 0xF0, 0x0F, 0xF0, 0x07, 0xF0, 0x07, 0xE0,
    0x03, 0xC0, 0x00, 0x00, 0x00, 0x00, 0x00, 0x00, 0x00, 0x00, 0x7F, 0xE0, 0x7F, 0xE0, 0x7F, 0xE0,
    0x7F, 0xE0, 0x7F, 0xE0, 0x07, 0xE0, 0x07, 0xE0, 0x07, 0xE0, 0x07, 0xE0, 0x07, 0xE0, 0x07, 0xE0,
    0x07, 0xE0, 0x07, 0xE0, 0x07, 0xE0, 0x07, 0xE0, 0x07, 0xE0, 0x07, 0xE0, 0x07, 0xE0, 0x07, 0xE0,
    0x07, 0xE0, 0x07, 0xE0, 0x00, 0x00, 0x00, 0x00, 0x00, 0x00, 0x00, 0x00, 0x00, 0x00, 0x00, 0x00,
    0x00, 0x00, 0x00, 0x00, 0x00, 0x00, 0x00, 0x00, 0x00, 0x00, 0x00, 0x00, 0x00, 0x00, 0x00, 0x00,
    0x00, 0x00, 0x00, 0x00, 0x00, 0x00, 0x01, 0xC0, 0x03, 0xE0, 0x07, 0xF0, 0x07, 0xF0, 0x07, 0xF0,
    0x07, 0xF0, 0x03, 0xE0, 0x01, 0xC0, 0x00, 0x00, 0x00, 0x00, 0x00, 0x00, 0x00, 0x00, 0x07, 0xF0,
    0x07, 0xF0, 0x07, 0xF0, 0x07, 0xF0, 0x07, 0xF0, 0x07, 0xF0, 0x07, 0xF0, 0x07, 0xF0, 0x07, 0xF0,
    0x07, 0xF0, 0x07, 0xF0, 0x07, 0xF0, 0x07, 0xF0, 0x07, 0xF0, 0x07, 0xF0, 0x07, 0xF0, 0x07, 0xF0,
    0x07, 0xF0, 0x07, 0xF0, 0x07, 0xF0, 0x07, 0xF0, 0x07, 0xF0, 0x07, 0xF0, 0xFF, 0xF0, 0xFF, 0xE0,
    0xFF, 0xE0, 0xFF, 0xC0, 0xFF, 0x00, 0x00, 0x00, 0x00, 0x00, 0x00, 0x00, 0x00, 0x00, 0x00, 0x00,
    0x00, 0x00, 0x00, 0x00, 0x00, 0x00, 0x00, 0x00, 0x00, 0x00, 0x00, 0x00, 0x00, 0x00, 0x00, 0x00,
    0x00, 0x00, 0x00, 0x00, 0x00, 0x00, 0x00, 0x00, 0x00, 0x00, 0x00, 0x00, 0x3F, 0x80, 0x00, 0x3F,
    0x80, 0x00, 0x3F, 0x80, 0x00, 0x3F, 0x80, 0x00, 0x3F, 0x80, 0x00, 0x3F, 0x80, 0x00, 0x3F, 0x80,
    0x00, 0x3F, 0x80, 0x00, 0x3F, 0x81, 0xFE, 0x3F, 0x83, 0xFC, 0x3F, 0x87, 0xF8, 0x3F, 0x8F, 0xF0,
    0x3F, 0x8F, 0xE0, 0x3F, 0x9F, 0xC0, 0x3F, 0xBF, 0x80, 0x3F, 0xFF, 0x00, 0x3F, 0xFE, 0x00, 0x3F,
    0xFE, 0x00, 0x3F, 0xFF, 0x00, 0x3F, 0xFF, 0x80, 0x3F, 0xFF, 0x80, 0x3F, 0xFF, 0xC0, 0x3F, 0xDF,
    0xE0, 0x3F, 0x8F, 0xF0, 0x3F, 0x87, 0xF0, 0x3F, 0x83, 0xF8, 0x3F, 0x83, 0xFC, 0x3F, 0x81, 0xFE,
    0x3F, 0x80, 0xFE, 0x00, 0x00, 0x00, 0x00, 0x00, 0x00, 0x00, 0x00, 0x00, 0x00, 0x00, 0x00, 0x00,
    0x00, 0x00, 0x00, 0x00, 0x00, 0x00, 0x00, 0x00, 0x00, 0x00, 0x00, 0x00, 0x00, 0x00, 0x00, 0x00,
    0x00, 0x00, 0x00, 0x00, 0x00, 0x00, 0x00, 0x00, 0x00, 0x00, 0x00, 0x00, 0x00, 0x00, 0x00, 0x00,
    0x00, 0x00, 0x00, 0x00, 0x00, 0x00, 0x00, 0x00, 0x3F, 0x80, 0x3F, 0x80, 0x3F, 0x80, 0x3F, 0x80,
    0x3F, 0x80, 0x3F, 0x80, 0x3F, 0x80, 0x3F, 0x80, 0x3F, 0x80, 0x3F, 0x80, 0x3F, 0x80, 0x3F, 0x80,
    0x3F, 0x80, 0x3F, 0x80, 0x3F, 0x80, 0x3F, 0x80, 0x3F, 0x80, 0x3F, 0x80, 0x3F, 0x80, 0x3F, 0x80,
    0x3F, 0x80, 0x3F, 0x80, 0x3F, 0x80, 0x3F, 0x80, 0x3F, 0xF8, 0x3F, 0xF8, 0x1F, 0xF8, 0x1F, 0xF8,
    0x07, 0xF8, 0x00, 0x00, 0x00, 0x00, 0x00, 0x00, 0x00, 0x00, 0x00, 0x00, 0x00, 0x00, 0x00, 0x00,
    0x00, 0x00, 0x00, 0x00, 0x00, 0x00, 0x00, 0x00, 0x00, 0x00, 0x00, 0x00, 0x00, 0x00, 0x00, 0x00,
    0x00, 0x00, 0x00, 0x00, 0x00, 0x00, 0x00, 0x00, 0x00, 0x00, 0x00, 0x00, 0x00, 0x00, 0x00, 0x00,
    0x00, 0x00, 0x00, 0x00, 0x00, 0x00, 0x00, 0x00, 0x00, 0x00, 0x00, 0x00, 0x00, 0x00, 0x00, 0x00,
    0x00, 0x00, 0x00, 0x00, 0x00, 0x00, 0x00, 0x00, 0x00, 0x00, 0x00, 0x00, 0x00, 0x00, 0x00, 0x00,
    0x00, 0x00, 0x00, 0x00, 0x00, 0x00, 0x00, 0x00, 0x00, 0x00, 0x00, 0x00, 0x00, 0x00, 0x00, 0x00,
    0x00, 0x00, 0x00, 0x00, 0x00, 0x00, 0x00, 0x00, 0x00, 0x00, 0x00, 0x00, 0x00, 0x00, 0x02, 0x00,
    0x00, 0x00, 0x3F, 0x1F, 0xE0, 0xFF, 0x00, 0x3F, 0x3F, 0xF3, 0xFF, 0x80, 0x3F, 0xFF, 0xFF, 0xFF,
    0xC0, 0x3F, 0xFF, 0xFF, 0xFF, 0xC0, 0x3F, 0xFF, 0xFF, 0xFF, 0xE0, 0x3F, 0xC3, 0xFE, 0x0F, 0xE0,
    0x3F, 0x81, 0xFC, 0x0F, 0xE0, 0x3F, 0x81, 0xFC, 0x07, 0xE0, 0x3F, 0x81, 0xFC, 0x07, 0xE0, 0x3F,
    0x81, 0xFC, 0x07, 0xE0, 0x3F, 0x81, 0xFC, 0x07, 0xE0, 0x3F, 0x81, 0xFC, 0x07, 0xE0, 0x3F, 0x81,
    0xFC, 0x07, 0xE0, 0x3F, 0x81, 0xFC, 0x07, 0xE0, 0x3F, 0x81, 0xFC, 0x07, 0xE0, 0x3F, 0x81, 0xFC,
    0x07, 0xE0, 0x3F, 0x81, 0xFC, 0x07, 0xE0, 0x3F, 0x81, 0xFC, 0x07, 0xE0, 0x3F, 0x81, 0xFC, 0x07,
    0xE0, 0x3F, 0x81, 0xFC, 0x07, 0xE0, 0x3F, 0x81, 0xFC, 0x07, 0xE0, 0x00, 0x00, 0x00, 0x00, 0x00,
    0x00, 0x00, 0x00, 0x00, 0x00, 0x00, 0x00, 0x00, 0x00, 0x00, 0x00, 0x00, 0x00, 0x00, 0x00, 0x00,
    0x00, 0x00, 0x00, 0x00, 0x00, 0x00, 0x00, 0x00, 0x00, 0x00, 0x00, 0x00, 0x00, 0x00, 0x00, 0x00,
    0x00, 0x00, 0x00, 0x00, 0x00, 0x00, 0x00, 0x00, 0x00, 0x00, 0x00, 0x00, 0x00, 0x00, 0x00, 0x00,
    0x00, 0x00, 0x00, 0x00, 0x00, 0x00, 0x00, 0x00, 0x00, 0x00, 0x00, 0x00, 0x00, 0x00, 0x00, 0x00,
    0x00, 0x00, 0x00, 0x00, 0x00, 0x00, 0x00, 0x00, 0x00, 0x00, 0x00, 0x00, 0x00, 0x00, 0x00, 0x00,
    0x00, 0x00, 0x00, 0x00, 0x00, 0x00, 0x00, 0x00, 0x00, 0x00, 0x00, 0x00, 0x00, 0x00, 0x00, 0x00,
    0x00, 0x00, 0x00, 0x00, 0x00, 0x00, 0x02, 0x00, 0x3F, 0x1F, 0xE0, 0x3F, 0x3F, 0xF0, 0x3F, 0xFF,
    0xF8, 0x3F, 0xFF, 0xF8, 0x3F, 0xFF, 0xFC, 0x3F, 0xC1, 0xFC, 0x3F, 0x81, 0xFC, 0x3F, 0x81, 0xFC,
    0x3F, 0x81, 0xFC, 0x3F, 0x80, 0xFC, 0x3F, 0x80, 0xFC, 0x3F, 0x80, 0xFC, 0x3F, 0x80, 0xFC, 0x3F,
    0x80, 0xFC, 0x3F, 0x80, 0xFC, 0x3F, 0x80, 0xFC, 0x3F, 0x80, 0xFC, 0x3F, 0x80, 0xFC, 0x3F, 0x80,
    0xFC, 0x3F, 0x80, 0xFC, 0x3F, 0x80, 0xFC, 0x00, 0x00, 0x00, 0x00, 0x00, 0x00, 0x00, 0x00, 0x00,
    0x00, 0x00, 0x00, 0x00, 0x00, 0x00, 0x00, 0x00, 0x00, 0x00, 0x00, 0x00, 0x00, 0x00, 0x00, 0x00,
    0x00, 0x00, 0x00, 0x00, 0x00, 0x00, 0x00, 0x00, 0x00, 0x00, 0x00, 0x00, 0x00, 0x00, 0x00, 0x00,
    0x00, 0x00, 0x00, 0x00, 0x00, 0x00, 0x00, 0x00, 0x00, 0x00, 0x00, 0x00, 0x00, 0x00, 0x00, 0x00,
    0x00, 0x00, 0x00, 0x00, 0x00, 0x00, 0x00, 0x00, 0x00, 0x00, 0x00, 0x00, 0x00, 0x00, 0x00, 0x00,
    0x00, 0x00, 0x00, 0x00, 0x00, 0x00, 0x00, 0x00, 0x00, 0x00, 0x00, 0x00, 0x18, 0x00, 0x01, 0xFF,
    0x80, 0x07, 0xFF, 0xE0, 0x0F, 0xFF, 0xF0, 0x1F, 0xFF, 0xF8, 0x3F, 0xFF, 0xFC, 0x3F, 0x81, 0xFC,
    0x3F, 0x00, 0xFE, 0x7F, 0x00, 0xFE, 0x7F, 0x00, 0xFE, 0x7F, 0x00, 0xFE, 0x7F, 0x00, 0x7E, 0x7F,
    0x00, 0xFE, 0x7F, 0x00, 0xFE, 0x7F, 0x00, 0xFE, 0x3F, 0x00, 0xFC, 0x3F, 0x81, 0xFC, 0x3F, 0xFF,
    0xFC, 0x1F, 0xFF, 0xF8, 0x0F, 0xFF, 0xF0, 0x07, 0xFF, 0xE0, 0x01, 0xFF, 0x80, 0x00, 0x18, 0x00,
    0x00, 0x00, 0x00, 0x00, 0x00, 0x00, 0x00, 0x00, 0x00, 0x00, 0x00, 0x00, 0x00, 0x00, 0x00, 0x00,
    0x00, 0x00, 0x00, 0x00, 0x00, 0x00, 0x00, 0x00, 0x00, 0x00, 0x00, 0x00, 0x00, 0x00, 0x00, 0x00,
    0x00, 0x00, 0x00, 0x00, 0x00, 0x00, 0x00, 0x00, 0x00, 0x00, 0x00, 0x00, 0x00, 0x00, 0x00, 0x00,
    0x00, 0x00, 0x00, 0x00, 0x00, 0x00, 0x00, 0x00, 0x00, 0x00, 0x00, 0x00, 0x00, 0x00, 0x00, 0x00,
    0x00, 0x00, 0x00, 0x00, 0x00, 0x00, 0x00, 0x00, 0x00, 0x00, 0x00, 0x00, 0x00, 0x00, 0x00, 0x00,
    0x00, 0x00, 0x00, 0x00, 0x00, 0x00, 0x00, 0x00, 0x00, 0x00, 0x00, 0x00, 0x00, 0x00, 0x00, 0x00,
    0x00, 0x00, 0x00, 0x00, 0x00, 0x00, 0x3F, 0x1F, 0xE0, 0x00, 0x3F, 0x3F, 0xF0, 0x00, 0x3F, 0xFF,
    0xF8, 0x00, 0x3F, 0xFF, 0xFC, 0x00, 0x3F, 0xFF, 0xFE, 0x00, 0x3F, 0xC1, 0xFE, 0x00, 0x3F, 0x80,
    0xFF, 0x00, 0x3F, 0x80, 0x7F, 0x00, 0x3F, 0x00, 0x7F, 0x00, 0x3F, 0x00, 0x7F, 0x00, 0x3F, 0x00,
    0x7F, 0x00, 0x3F, 0x00, 0x7F, 0x00, 0x3F, 0x00, 0x7F, 0x00, 0x3F, 0x80, 0x7F, 0x00, 0x3F, 0x80,
    0xFF, 0x00, 0x3F, 0xC1, 0xFE, 0x00, 0x3F, 0xFF, 0xFE, 0x00, 0x3F, 0xFF, 0xFC, 0x00, 0x3F, 0xFF,
    0xFC, 0x00, 0x3F, 0xBF, 0xF8, 0x00, 0x3F, 0x9F, 0xE0, 0x00, 0x3F, 0x80, 0x00, 0x00, 0x3F, 0x80,
    0x00, 0x00, 0x3F, 0x80, 0x00, 0x00, 0x3F, 0x80, 0x00, 0x00, 0x3F, 0x80, 0x00, 0x00, 0x3F, 0x80,
    0x00, 0x00, 0x3F, 0x80, 0x00, 0x00, 0x00, 0x00, 0x00, 0x00, 0x00, 0x00, 0x00, 0x00, 0x00, 0x00,
    0x00, 0x00, 0x00, 0x00, 0x00, 0x00, 0x00, 0x00, 0x00, 0x00, 0x00, 0x00, 0x00, 0x00, 0x00, 0x00,
    0x00, 0x00, 0x00, 0x00, 0x00, 0x00, 0x00, 0x00, 0x00, 0x00, 0x00, 0x00, 0x00, 0x00, 0x00, 0x00,
    0x00, 0x00, 0x00, 0x00, 0x00, 0x00, 0x00, 0x00, 0x00, 0x00, 0x00, 0x00, 0x00, 0x00, 0x00, 0x00,
    0x00, 0x00, 0x00, 0x00, 0x00, 0x00, 0x00, 0x00, 0x00, 0x00, 0x00, 0x00, 0x00, 0x00, 0x00, 0x00,
    0x00, 0x00, 0x00, 0x00, 0x00, 0x00, 0x00, 0x00, 0x00, 0x00, 0x00, 0x00, 0x00, 0x00, 0x03, 0xFC,
    0x7E, 0x00, 0x07, 0xFE, 0x7E, 0x00, 0x0F, 0xFF, 0xFE, 0x00, 0x1F, 0xFF, 0xFE, 0x00, 0x3F, 0xFF,
    0xFE, 0x00, 0x3F, 0xC1, 0xFE, 0x00, 0x7F, 0x80, 0xFE, 0x00, 0x7F, 0x00, 0xFE, 0x00, 0x7F, 0x00,
    0x7E, 0x00, 0x7F, 0x00, 0x7E, 0x00, 0x7F, 0x00, 0x7E, 0x00, 0x7F, 0x00, 0x7E, 0x00, 0x7F, 0x00,
    0x7E, 0x00, 0x7F, 0x00, 0xFE, 0x00, 0x7F, 0x80, 0xFE, 0x00, 0x3F, 0xC1, 0xFE, 0x00, 0x3F, 0xFF,
    0xFE, 0x00, 0x1F, 0xFF, 0xFE, 0x00, 0x1F, 0xFF, 0xFE, 0x00, 0x0F, 0xFE, 0x7E, 0x00, 0x03, 0xFC,
    0x7E, 0x00, 0x00, 0x00, 0x7F, 0x00, 0x00, 0x00, 0x7F, 0xF0, 0x00, 0x00, 0x7F, 0xF0, 0x00, 0x00,
    0x7F, 0xF0, 0x00, 0x00, 0x3F, 0xF0, 0x00, 0x00, 0x1F, 0xF0, 0x00, 0x00, 0x0F, 0xF0, 0x00, 0x00,
    0x00, 0x00, 0x00, 0x00, 0x00, 0x00, 0x00, 0x00, 0x00, 0x00, 0x00, 0x00, 0x00, 0x00, 0x00, 0x00,
    0x00, 0x00, 0x00, 0x00, 0x00, 0x00, 0x00, 0x00, 0x00, 0x00, 0x00, 0x00, 0x00, 0x00, 0x00, 0x00,
    0x00, 0x00, 0x00, 0x00, 0x00, 0x00, 0x00, 0x00, 0x00, 0x00, 0x00, 0x00, 0x00, 0x00, 0x00, 0x00,
    0x00, 0x00, 0x3E, 0x1E, 0x3F, 0x3E, 0x3F, 0x7E, 0x3F, 0x7E, 0x3F, 0xFE, 0x3F, 0xFE, 0x3F, 0xFE,
    0x3F, 0xC0, 0x3F, 0x80, 0x3F, 0x80, 0x3F, 0x80, 0x3F, 0x80, 0x3F, 0x80, 0x3F, 0x80, 0x3F, 0x80,
    0x3F, 0x80, 0x3F, 0x80, 0x3F, 0x80, 0x3F, 0x80, 0x3F, 0x80, 0x3F, 0x80, 0x00, 0x00, 0x00, 0x00,
    0x00, 0x00, 0x00, 0x00, 0x00, 0x00, 0x00, 0x00, 0x00, 0x00, 0x00, 0x00, 0x00, 0x00, 0x00, 0x00,
    0x00, 0x00, 0x00, 0x00, 0x00, 0x00, 0x00, 0x00, 0x00, 0x00, 0x00, 0x00, 0x00, 0x00, 0x00, 0x00,
    0x00, 0x00, 0x00, 0x00, 0x00, 0x00, 0x00, 0x00, 0x00, 0x00, 0x00, 0x00, 0x00, 0x00, 0x00, 0x00,
    0x00, 0x00, 0x00, 0x00, 0x00, 0x00, 0x00, 0x00, 0x00, 0x00, 0x00, 0x00, 0x00, 0x00, 0x00, 0x00,
    0x00, 0x00, 0x00, 0x00, 0x00, 0x00, 0x10, 0x00, 0x03, 0xFF, 0x00, 0x0F, 0xFF, 0xC0, 0x1F, 0xFF,
    0xE0, 0x3F, 0xFF, 0xF0, 0x3F, 0xFF, 0xF0, 0x7F, 0x03, 0xC0, 0x7F, 0x00, 0x00, 0x3F, 0x80, 0x00,
    0x3F, 0xFC, 0x00, 0x1F, 0xFF, 0xC0, 0x0F, 0xFF, 0xE0, 0x03, 0xFF, 0xF0, 0x00, 0x1F, 0xF8, 0x00,
    0x03, 0xF8, 0x06, 0x01, 0xF8, 0x3F, 0x01, 0xF8, 0x7F, 0xFF, 0xF8, 0x3F, 0xFF, 0xF0, 0x1F, 0xFF,
    0xF0, 0x0F, 0xFF, 0xE0, 0x03, 0xFF, 0x80, 0x00, 0x30, 0x00, 0x00, 0x00, 0x00, 0x00, 0x00, 0x00,
    0x00, 0x00, 0x00, 0x00, 0x00, 0x00, 0x00, 0x00, 0x00, 0x00, 0x00, 0x00, 0x00, 0x00, 0x00, 0x00,
    0x00, 0x00, 0x00, 0x00, 0x00, 0x00, 0x00, 0x00, 0x00, 0x00, 0x00, 0x00, 0x00, 0x00, 0x00, 0x00,
    0x00, 0x00, 0x00, 0x00, 0x00, 0x00, 0x00, 0x00, 0x00, 0x00, 0x00, 0x00, 0x00, 0x00, 0x00, 0x00,
    0x0F, 0xC0, 0x0F, 0xC0, 0x0F, 0xC0, 0x0F, 0xC0, 0x0F, 0xC0, 0x0F, 0xC0, 0x7F, 0xFE, 0x7F, 0xFE,
    0x7F, 0xFE, 0x7F, 0xFE, 0x7F, 0xFE, 0x0F, 0xC0, 0x0F, 0xC0, 0x0F, 0xC0, 0x0F, 0xC0, 0x0F, 0xC0,
    0x0F, 0xC0, 0x0F, 0xC0, 0x0F, 0xC0, 0x0F, 0xC0, 0x0F, 0xE0, 0x0F, 0xE0, 0x0F, 0xFE, 0x0F, 0xFE,
    0x0F, 0xFE, 0x07, 0xFE, 0x01, 0xFE, 0x00, 0x00, 0x00, 0x00, 0x00, 0x00, 0x00, 0x00, 0x00, 0x00,
    0x00, 0x00, 0x00, 0x00, 0x00, 0x00, 0x00, 0x00, 0x00, 0x00, 0x00, 0x00, 0x00, 0x00, 0x00, 0x00,
    0x00, 0x00, 0x00, 0x00, 0x00, 0x00, 0x00, 0x00, 0x00, 0x00, 0x00, 0x00, 0x00, 0x00, 0x00, 0x00,
    0x00, 0x00, 0x00, 0x00, 0x00, 0x00, 0x00, 0x00, 0x00, 0x00, 0x00, 0x00, 0x00, 0x00, 0x00, 0x00,
    0x00, 0x00, 0x00, 0x00, 0x00, 0x00, 0x00, 0x00, 0x00, 0x00, 0x00, 0x00, 0x00, 0x00, 0x00, 0x00,
    0x00, 0x00, 0x3F, 0x81, 0xFC, 0x3F, 0x81, 0xFC, 0x3F, 0x81, 0xFC, 0x3F, 0x81, 0xFC, 0x3F, 0x81,
    0xFC, 0x3F, 0x81, 0xFC, 0x3F, 0x81, 0xFC, 0x3F, 0x81, 0xFC, 0x3F, 0x81, 0xFC, 0x3F, 0x81, 0xFC,
    0x3F, 0x81, 0xFC, 0x3F, 0x81, 0xFC, 0x3F, 0x81, 0xFC, 0x3F, 0x81, 0xFC, 0x3F, 0x81, 0xFC, 0x3F,
    0x83, 0xFC, 0x1F, 0xFF, 0xFC, 0x1F, 0xFF, 0xFC, 0x1F, 0xFF, 0xFC, 0x0F, 0xFC, 0xFC, 0x07, 0xF8,
    0xFC, 0x00, 0x40, 0x00, 0x00, 0x00, 0x00, 0x00, 0x00, 0x00, 0x00, 0x00, 0x00, 0x00, 0x00, 0x00,
    0x00, 0x00, 0x00, 0x00, 0x00, 0x00, 0x00, 0x00, 0x00, 0x00, 0x00, 0x00, 0x00, 0x00, 0x00, 0x00,
    0x00, 0x00, 0x00, 0x00, 0x00, 0x00, 0x00, 0x00, 0x00, 0x00, 0x00, 0x00, 0x00, 0x00, 0x00, 0x00,
    0x00, 0x00, 0x00, 0x00, 0x00, 0x00, 0x00, 0x00, 0x00, 0x00, 0x00, 0x00, 0x00, 0x00, 0x00, 0x00,
    0x00, 0x00, 0x00, 0x00, 0x00, 0x00, 0x00, 0x00, 0x00, 0x00, 0x00, 0x00, 0x00, 0x00, 0x00, 0x00,
    0x00, 0x00, 0x00, 0x00, 0x00, 0x00, 0x00, 0x00, 0xFE, 0x01, 0xFC, 0xFE, 0x01, 0xFC, 0x7E, 0x01,
    0xF8, 0x7F, 0x03, 0xF8, 0x3F, 0x03, 0xF8, 0x3F, 0x03, 0xF0, 0x3F, 0x87, 0xF0, 0x1F, 0x87, 0xE0,
    0x1F, 0x87, 0xE0, 0x1F, 0xC7, 0xE0, 0x0F, 0xCF, 0xC0, 0x0F, 0xCF, 0xC0, 0x0F, 0xCF, 0xC0, 0x07,
    0xFF, 0x80, 0x07, 0xFF, 0x80, 0x07, 0xFF, 0x80, 0x03, 0xFF, 0x00, 0x03, 0xFF, 0x00, 0x01, 0xFF,
    0x00, 0x01, 0xFE, 0x00, 0x01, 0xFE, 0x00, 0x00, 0x00, 0x00, 0x00, 0x00, 0x00, 0x00, 0x00, 0x00,
    0x00, 0x00, 0x00, 0x00, 0x00, 0x00, 0x00, 0x00, 0x00, 0x00, 0x00, 0x00, 0x00, 0x00, 0x00, 0x00,
    0x00, 0x00, 0x00, 0x00, 0x00, 0x00, 0x00, 0x00, 0x00, 0x00, 0x00, 0x00, 0x00, 0x00, 0x00, 0x00,
    0x00, 0x00, 0x00, 0x00, 0x00, 0x00, 0x00, 0x00, 0x00, 0x00, 0x00, 0x00, 0x00, 0x00, 0x00, 0x00,
    0x00, 0x00, 0x00, 0x00, 0x00, 0x00, 0x00, 0x00, 0x00, 0x00, 0x00, 0x00, 0x00, 0x00, 0x00, 0x00,
    0x00, 0x00, 0x00, 0x00, 0x00, 0x00, 0x00, 0x00, 0x00, 0x00, 0x00, 0x00, 0x00, 0x00, 0x00, 0x00,
    0x00, 0x00, 0x00, 0x00, 0x00, 0x00, 0x00, 0x00, 0x00, 0x00, 0x00, 0x00, 0x00, 0x00, 0x00, 0x00,
    0xFC, 0x0F, 0xC0, 0xFC, 0xFE, 0x0F, 0xE0, 0xFC, 0x7E, 0x0F, 0xE1, 0xFC, 0x7E, 0x1F, 0xE1, 0xFC,
    0x7E, 0x1F, 0xE1, 0xF8, 0x7F, 0x1F, 0xE1, 0xF8, 0x3F, 0x1F, 0xE1, 0xF8, 0x3F, 0x1F, 0xF3, 0xF8,
    0x3F, 0x1E, 0xF3, 0xF0, 0x3F, 0x3E, 0xF3, 0xF0, 0x1F, 0xBC, 0xF3, 0xF0, 0x1F, 0xBC, 0xF7, 0xF0,
    0x1F, 0xBC, 0xFF, 0xE0, 0x1F, 0xFC, 0x7F, 0xE0, 0x0F, 0xFC, 0x7F, 0xE0, 0x0F, 0xF8, 0x7F, 0xE0,
    0x0F, 0xF8, 0x7F, 0xC0, 0x0F, 0xF8, 0x7F, 0xC0, 0x07, 0xF8, 0x3F, 0xC0, 0x07, 0xF8, 0x3F, 0xC0,
    0x07, 0xF0, 0x3F, 0x80, 0x00, 0x00, 0x00, 0x00, 0x00, 0x00, 0x00, 0x00, 0x00, 0x00, 0x00, 0x00,
    0x00, 0x00, 0x00, 0x00, 0x00, 0x00, 0x00, 0x00, 0x00, 0x00, 0x00, 0x00, 0x00, 0x00, 0x00, 0x00,
    0x00, 0x00, 0x00, 0x00, 0x00, 0x00, 0x00, 0x00, 0x00, 0x00, 0x00, 0x00, 0x00, 0x00, 0x00, 0x00,
    0x00, 0x00, 0x00, 0x00, 0x00, 0x00, 0x00, 0x00, 0x00, 0x00, 0x00, 0x00, 0x00, 0x00, 0x00, 0x00,
    0x00, 0x00, 0x00, 0x00, 0x00, 0x00, 0x00, 0x00, 0x00, 0x00, 0x00, 0x00, 0x00, 0x00, 0x00, 0x00,
    0x00, 0x00, 0x00, 0x00, 0x00, 0x00, 0x00, 0x00, 0x00, 0x00, 0x00, 0x00, 0x00, 0x00, 0x00, 0x00,
    0x00, 0x00, 0x00, 0x00, 0x00, 0x00, 0x7F, 0x03, 0xF8, 0x3F, 0x83, 0xF8, 0x3F, 0x87, 0xF0, 0x1F,
    0xCF, 0xE0, 0x0F, 0xEF, 0xE0, 0x0F, 0xFF, 0xC0, 0x07, 0xFF, 0x80, 0x03, 0xFF, 0x80, 0x01, 0xFF,
    0x00, 0x01, 0xFE, 0x00, 0x01, 0xFE, 0x00, 0x01, 0xFF, 0x00, 0x03, 0xFF, 0x00, 0x07, 0xFF, 0x80,
    0x07, 0xFF, 0xC0, 0x0F, 0xFF, 0xC0, 0x1F, 0xCF, 0xE0, 0x3F, 0x87, 0xF0, 0x3F, 0x83, 0xF8, 0x7F,
    0x03, 0xF8, 0xFE, 0x01, 0xFC, 0x00, 0x00, 0x00, 0x00, 0x00, 0x00, 0x00, 0x00, 0x00, 0x00, 0x00,
    0x00, 0x00, 0x00, 0x00, 0x00, 0x00, 0x00, 0x00, 0x00, 0x00, 0x00, 0x00, 0x00, 0x00, 0x00, 0x00,
    0x00, 0x00, 0x00, 0x00, 0x00, 0x00, 0x00, 0x00, 0x00, 0x00, 0x00, 0x00, 0x00, 0x00, 0x00, 0x00,
    0x00, 0x00, 0x00, 0x00, 0x00, 0x00, 0x00, 0x00, 0x00, 0x00, 0x00, 0x00, 0x00, 0x00, 0x00, 0x00,
    0x00, 0x00, 0x00, 0x00, 0x00, 0x00, 0x00, 0x00, 0x00, 0x00, 0x00, 0x00, 0x00, 0x00, 0x00, 0x00,
    0x00, 0x00, 0x00, 0x00, 0x00, 0x00, 0x00, 0x00, 0x00, 0x00, 0x00, 0x00, 0xFE, 0x01, 0xFC, 0x7E,
    0x03, 0xF8, 0x7F, 0x03, 0xF8, 0x7F, 0x03, 0xF0, 0x3F, 0x07, 0xF0, 0x3F, 0x87, 0xF0, 0x3F, 0x87,
    0xE0, 0x1F, 0x87, 0xE0, 0x1F, 0xCF, 0xE0, 0x0F, 0xCF, 0xC0, 0x0F, 0xCF, 0xC0, 0x0F, 0xDF, 0x80,
    0x07, 0xFF, 0x80, 0x07, 0xFF, 0x80, 0x03, 0xFF, 0x00, 0x03, 0xFF, 0x00, 0x03, 0xFF, 0x00, 0x01,
    0xFE, 0x00, 0x01, 0xFE, 0x00, 0x01, 0xFC, 0x00, 0x00, 0xFC, 0x00, 0x00, 0xFC, 0x00, 0x01, 0xF8,
    0x00, 0x1F, 0xF8, 0x00, 0x1F, 0xF0, 0x00, 0x1F, 0xF0, 0x00, 0x1F, 0xE0, 0x00, 0x1F, 0x80, 0x00,
    0x00, 0x00, 0x00, 0x00, 0x00, 0x00, 0x00, 0x00, 0x00, 0x00, 0x00, 0x00, 0x00, 0x00, 0x00, 0x00,
    0x00, 0x00, 0x00, 0x00, 0x00, 0x00, 0x00, 0x00, 0x00, 0x00, 0x00, 0x00, 0x00, 0x00, 0x00, 0x00,
    0x00, 0x00, 0x00, 0x00, 0x00, 0x00, 0x00, 0x00, 0x00, 0x00, 0x00, 0x00, 0x00, 0x00, 0x00, 0x00,
    0x00, 0x00, 0x00, 0x00, 0x00, 0x00, 0x00, 0x00, 0x00, 0x00, 0x00, 0x00, 0x00, 0x00, 0x00, 0x00,
    0x00, 0x00, 0x3F, 0xFF, 0xF0, 0x3F, 0xFF, 0xF0, 0x3F, 0xFF, 0xF0, 0x3F, 0xFF, 0xF0, 0x3F, 0xFF,
    0xF0, 0x00, 0x0F, 0xF0, 0x00, 0x1F, 0xE0, 0x00, 0x3F, 0xC0, 0x00, 0x7F, 0x80, 0x00, 0xFF, 0x00,
    0x01, 0xFE, 0x00, 0x03, 0xFC, 0x00, 0x07, 0xF8, 0x00, 0x0F, 0xF0, 0x00, 0x1F, 0xE0, 0x00, 0x3F,
    0xC0, 0x00, 0x7F, 0xFF, 0xF8, 0x7F, 0xFF, 0xF8, 0x7F, 0xFF, 0xF8, 0x7F, 0xFF, 0xF8, 0x7F, 0xFF,
    0xF8, 0x00, 0x00, 0x00, 0x00, 0x00, 0x00, 0x00, 0x00, 0x00, 0x00, 0x00, 0x00, 0x00, 0x00, 0x00,
    0x00, 0x00, 0x00, 0x00, 0x00, 0x00, 0x00, 0x00, 0x00, 0x00, 0x00, 0x00, 0x00, 0x00, 0x00, 0x00,
    0x00, 0x00, 0x00, 0x00, 0x00, 0x00, 0x00, 0x00, 0x00, 0x00, 0x00, 0x00, 0x00, 0x00, 0x00, 0x00,
    0x00, 0x00, 0x00, 0x00, 0x00, 0x00, 0x00, 0xFC, 0x03, 0xFC, 0x07, 0xFC, 0x07, 0xFC, 0x0F, 0xFC,
    0x0F, 0xE0, 0x0F, 0xC0, 0x0F, 0xC0, 0x0F, 0xC0, 0x0F, 0xC0, 0x0F, 0xC0, 0x0F, 0xC0, 0x0F, 0xC0,
    0x0F, 0xC0, 0x1F, 0xC0, 0x1F, 0xC0, 0x7F, 0x80, 0x7F, 0x00, 0x7E, 0x00, 0x7F, 0x00, 0x7F, 0x80,
    0x1F, 0xC0, 0x0F, 0xC0, 0x0F, 0xC0, 0x0F, 0xC0, 0x0F, 0xC0, 0x0F, 0xC0, 0x0F, 0xC0, 0x0F, 0xC0,
    0x0F, 0xC0, 0x0F, 0xE0, 0x0F, 0xFC, 0x0F, 0xFC, 0x07, 0xFC, 0x03, 0xFC, 0x00, 0xFC, 0x00, 0x00,
    0x00, 0x00, 0x00, 0x00, 0x00, 0x00, 0x00, 0x00, 0x00, 0x00, 0x00, 0x00, 0x00, 0x00, 0x00, 0x00,
    0x00, 0x00, 0x00, 0x00, 0x00, 0x00, 0x00, 0x00, 0x00, 0x00, 0x3F, 0x00, 0x3F, 0x00, 0x3F, 0x00,
    0x3F, 0x00, 0x3F, 0x00, 0x3F, 0x00, 0x3F, 0x00, 0x3F, 0x00, 0x3F, 0x00, 0x3F, 0x00, 0x3F, 0x00,
    0x3F, 0x00, 0x3F, 0x00, 0x3F, 0x00, 0x3F, 0x00, 0x3F, 0x00, 0x3F, 0x00, 0x3F, 0x00, 0x3F, 0x00,
    0x3F, 0x00, 0x3F, 0x00, 0x3F, 0x00, 0x3F, 0x00, 0x3F, 0x00, 0x3F, 0x00, 0x3F, 0x00, 0x3F, 0x00,
    0x3F, 0x00, 0x3F, 0x00, 0x3F, 0x00, 0x3F, 0x00, 0x3F, 0x00, 0x3F, 0x00, 0x3F, 0x00, 0x3F, 0x00,
    0x3F, 0x00, 0x00, 0x00, 0x00, 0x00, 0x00, 0x00, 0x00, 0x00, 0x00, 0x00, 0x00, 0x00, 0x00, 0x00,
    0x00, 0x00, 0x00, 0x00, 0x00, 0x00, 0x00, 0x00, 0x00, 0x00, 0x00, 0x00, 0x00, 0x00, 0x7F, 0x00,
    0x7F, 0x80, 0x7F, 0xC0, 0x7F, 0xE0, 0x7F, 0xE0, 0x07, 0xF0, 0x07, 0xF0, 0x03, 0xF0, 0x03, 0xF0,
    0x03, 0xF0, 0x03, 0xF0, 0x03, 0xF0, 0x03, 0xF0, 0x03, 0xF0, 0x03, 0xF0, 0x03, 0xF8, 0x01, 0xFE,
    0x00, 0xFE, 0x00, 0x7E, 0x01, 0xFE, 0x03, 0xFE, 0x03, 0xF8, 0x03, 0xF0, 0x03, 0xF0, 0x03, 0xF0,
    0x03, 0xF0, 0x03, 0xF0, 0x03, 0xF0, 0x03, 0xF0, 0x07, 0xF0, 0x07, 0xF0, 0x7F, 0xE0, 0x7F, 0xE0,
    0x7F, 0xE0, 0x7F, 0xC0, 0x7F, 0x00, 0x00, 0x00, 0x00, 0x00, 0x00, 0x00, 0x00, 0x00, 0x00, 0x00,
    0x00, 0x00, 0x00, 0x00, 0x00, 0x00, 0x00, 0x00, 0x00, 0x00, 0x00, 0x00, 0x00, 0x00, 0x00, 0x00,
    0x00, 0x00, 0x00, 0x00, 0x00, 0x00, 0x00, 0x00, 0x00, 0x00, 0x00, 0x00, 0x00, 0x00, 0x00, 0x00,
    0x00, 0x00, 0x00, 0x00, 0x00, 0x00, 0x00, 0x00, 0x00, 0x00, 0x00, 0x00, 0x00, 0x00, 0x00, 0x00,
    0x00, 0x00, 0x00, 0x00, 0x00, 0x00, 0x00, 0x00, 0x00, 0x00, 0x00, 0x00, 0x00, 0x00, 0x00, 0x00,
    0x00, 0x00, 0x00, 0x00, 0x00, 0x80, 0x07, 0xC0, 0xF0, 0x1F, 0xE0, 0xF8, 0x1F, 0xF9, 0xF8, 0x3F,
    0xFF, 0xF0, 0x3F, 0xFF, 0xF0, 0x3E, 0x7F, 0xF0, 0x3C, 0x1F, 0xE0, 0x3C, 0x07, 0xC0, 0x04, 0x00,
    0x00, 0x00, 0x00, 0x00, 0x00, 0x00, 0x00, 0x00, 0x00, 0x00, 0x00, 0x00, 0x00, 0x00, 0x00, 0x00,
    0x00, 0x00, 0x00, 0x00, 0x00, 0x00, 0x00, 0x00, 0x00, 0x00, 0x00, 0x00, 0x00, 0x00, 0x00, 0x00,
    0x00, 0x00, 0x00, 0x00, 0x00, 0x00, 0x00, 0x00, 0x00, 0x00, 0x00, 0x00, 0x00, 0x00, 0x00, 0x00,
    0x00, 0x00, 0x00, 0x00,
};

static const FontGlyph atkinson_heading_glyphs[] = {
    {0, 13, 13, 0},  // ' '
    {100, 12, 12, 0},  // '!'
    {200, 17, 17, 0},  // '"'
    {350, 33, 33, 0},  // '#'
    {600, 26, 26, 0},  // '$'
    {800, 41, 41, 0},  // '%'
    {1100, 30, 29, 0},  // '&'
    {1300, 9, 9, 0},  // '''
    {1400, 15, 15, 0},  // '('
    {1500, 15, 15, 0},  // ')'
    {1600, 18, 18, 0},  // '*'
    {1750, 26, 26, 0},  // '+'
    {1950, 10, 10, 0},  // ','
    {2050, 16, 16, 0},  // '-'
    {2150, 10, 10, 0},  // '.'
    {2250, 19, 19, 0},  // '/'
    {2400, 27, 27, 0},  // '0'
    {2600, 19, 19, 0},  // '1'
    {2750, 25, 25, 0},  // '2'
    {2950, 25, 25, 0},  // '3'
    {3150, 26, 26, 0},  // '4'
    {3350, 26, 26, 0},  // '5'
    {3550, 27, 27, 0},  // '6'
    {3750, 23, 23, 0},  // '7'
    {3900, 26, 26, 0},  // '8'
    {4100, 24, 24, 0},  // '9'
    {4250, 10, 10, 0},  // ':'
    {4350, 10, 10, 0},  // ';'
    {4450, 24, 24, 0},  // '<'
    {4600, 26, 26, 0},  // '='
    {4800, 24, 24, 0},  // '>'
    {4950, 26, 26, 0},  // '?'
    {5150, 32, 32, 0},  // '@'
    {5350, 29, 29, 0},  // 'A'
    {5550, 27, 27, 0},  // 'B'
    {5750, 28, 28, 0},  // 'C'
    {5950, 29, 29, 0},  // 'D'
    {6150, 24, 24, 0},  // 'E'
    {6300, 23, 23, 0},  // 'F'
    {6450, 30, 30, 0},  // 'G'
    {6650, 29, 29, 0},  // 'H'
    {6850, 19, 19, 0},  // 'I'
    {7000, 24, 24, 0},  // 'J'
    {7150, 28, 28, 0},  // 'K'
    {7350, 23, 23, 0},  // 'L'
    {7500, 35, 35, 0},  // 'M'
    {7750, 29, 29, 0},  // 'N'
    {7950, 32, 32, 0},  // 'O'
    {8150, 26, 26, 0},  // 'P'
    {8350, 33, 33, 0},  // 'Q'
    {8600, 27, 27, 0},  // 'R'
    {8800, 26, 26, 0},  // 'S'
    {9000, 26, 26, 0},  // 'T'
    {9200, 28, 28, 0},  // 'U'
    {9400, 28, 28, 0},  // 'V'
    {9600, 37, 37, 0},  // 'W'
    {9850, 29, 29, 0},  // 'X'
    {10050, 29, 29, 0},  // 'Y'
    {10250, 26, 26, 0},  // 'Z'
    {10450, 14, 14, 0},  // '['
    {10550, 19, 19, 0},  // '\'
    {10700, 14, 14, 0},  // ']'
    {10800, 25, 25, 0},  // '^'
    {11000, 18, 18, 0},  // '_'
    {11150, 13, 13, 0},  // '`'
    {11250, 23, 23, 0},  // 'a'
    {11400, 25, 25, 0},  // 'b'
    {11600, 22, 22, 0},  // 'c'
    {11750, 25, 25, 0},  // 'd'
    {11950, 24, 24, 0},  // 'e'
    {12100, 15, 15, 0},  // 'f'
    {12200, 25, 25, 0},  // 'g'
    {12400, 24, 24, 0},  // 'h'
    {12550, 13, 13, 0},  // 'i'
    {12650, 14, 11, -3},  // 'j'
    {12750, 24, 24, 0},  // 'k'
    {12900, 14, 13, 0},  // 'l'
    {13000, 37, 37, 0},  // 'm'
    {13250, 24, 24, 0},  // 'n'
    {13400, 24, 24, 0},  // 'o'
    {13550, 25, 25, 0},  // 'p'
    {13750, 29, 25, 0},  // 'q'
    {13950, 16, 16, 0},  // 'r'
    {14050, 22, 22, 0},  // 's'
    {14200, 16, 16, 0},  // 't'
    {14300, 24, 24, 0},  // 'u'
    {14450, 23, 22, 0},  // 'v'
    {14600, 31, 30, 0},  // 'w'
    {14800, 23, 22, 0},  // 'x'
    {14950, 22, 22, 0},  // 'y'
    {15100, 22, 22, 0},  // 'z'
    {15250, 16, 16, 0},  // '{'
    {15350, 10, 10, 0},  // '|'
    {15450, 16, 16, 0},  // '}'
    {15550, 22, 22, 0},  // '~'
};

static const Font atkinson_heading = {
    50, 39, 54, 32, 126,
    atkinson_heading_glyphs, atkinson_heading_bitmap,
};
