// =============================================================================
// FONT_XXLARGE BITMAP FONT
// =============================================================================
// Generated by tools/gen_font.py from AtkinsonHyperlegible-Regular.ttf at 64 px.
// Do not edit; rerun the generator instead.
#pragma once

#include "ui/font.h"

static const uint8_t font_xxlarge_bitmap[] = {
    0x00, 0x00, 0x00, 0x00, 0x00, 0x00, 0x00, 0x00, 0x00, 0x00, 0x00, 0x00, 0x00, 0x00, 0x00, 0x00,
    0x00, 0x00, 0x00, 0x00, 0x00, 0x00, 0x00, 0x00, 0x00, 0x00, 0x00, 0x00, 0x00, 0x00, 0x00, 0x00,
    0x00, 0x00, 0x00, 0x00, 0x00, 0x00, 0x00, 0x00, 0x00, 0x00, 0x00, 0x00, 0x00, 0x00, 0x00, 0x00,
    0x00, 0x00, 0x00, 0x00, 0x00, 0x00, 0x00, 0x00, 0x00, 0x00, 0x00, 0x00, 0x00, 0x00, 0x00, 0x00,
    0x00, 0x00, 0x00, 0x00, 0x00, 0x00, 0x00, 0x00, 0x00, 0x00, 0x00, 0x00, 0x00, 0x00, 0x00, 0x00,
    0x00, 0x00, 0x00, 0x00, 0x00, 0x00, 0x00, 0x00, 0x00, 0x00, 0x00, 0x00, 0x00, 0x00, 0x00, 0x00,
    0x00, 0x00, 0x00, 0x00, 0x00, 0x00, 0x00, 0x00, 0x00, 0x00, 0x00, 0x00, 0x00, 0x00, 0x00, 0x00,
    0x00, 0x00, 0x00, 0x00, 0x00, 0x00, 0x00, 0x00, 0x00, 0x00, 0x00, 0x00, 0x00, 0x00, 0x00, 0x00,
    0x00, 0x00, 0x00, 0x00, 0x00, 0x00, 0x00, 0x00, 0x00, 0x00, 0x00, 0x00, 0x00, 0x00, 0x00, 0x00,
    0x00, 0x00, 0x00, 0x00, 0x00, 0x00, 0x00, 0x00, 0x00, 0x00, 0x00, 0x00, 0x00, 0x00, 0x00, 0x00,
    0x00, 0x00, 0x00, 0x00, 0x00, 0x00, 0x00, 0x00, 0x00, 0x00, 0x00, 0x00, 0x00, 0x00, 0x00, 0x00,
    0x00, 0x00, 0x00, 0x00, 0x00, 0x00, 0x00, 0x00, 0x00, 0x00, 0x00, 0x00, 0x00, 0x00, 0x00, 0x00,
    0x00, 0x00, 0x00, 0x00, 0x00, 0x00, 0x00, 0x00, 0x00, 0x00, 0x00, 0x00, 0x00, 0x00, 0x00, 0x00,
    0x00, 0x00, 0x00, 0x00, 0x00, 0x00, 0x00, 0x00, 0x00, 0x00, 0x00, 0x00, 0x00, 0x00, 0x00, 0x00,
    0x00, 0x00, 0x00, 0x00, 0x00, 0x00, 0x00, 0x00, 0x00, 0x00, 0x00, 0x00, 0x00, 0x00, 0x00, 0x00,
    0x00, 0x00, 0x00, 0x00, 0x00, 0x00, 0x00, 0x00, 0x00, 0x00, 0x00, 0x00, 0x00, 0x00, 0x00, 0x00,
    0x00, 0x00, 0x00, 0x00, 0x00, 0x00, 0x00, 0x00, 0x00, 0x00, 0x00, 0x00, 0x00, 0x00, 0x00, 0x00,
    0x00, 0x00, 0x00, 0x00, 0x00, 0x00, 0x00, 0x00, 0x00, 0x00, 0x00, 0x00, 0x00, 0x00, 0x00, 0x00,
    0x00, 0x00, 0x00, 0x00, 0x00, 0x00, 0x00, 0x00, 0x00, 0x03, 0xF0, 0x00, 0x03, 0xF0, 0x00, 0x03,
    0xF0, 0x00, 0x03, 0xF0, 0x00, 0x03, 0xF0, 0x00, 0x03, 0xF0, 0x00, 0x03, 0xF0, 0x00, 0x03, 0xF0,
    0x00, 0x03, 0xF0, 0x00, 0x03, 0xF0, 0x00, 0x03, 0xF0, 0x00, 0x03, 0xF0, 0x00, 0x03, 0xF0, 0x00,
    0x03, 0xF0, 0x00, 0x03, 0xF0, 0x00, 0x03, 0xF0, 0x00, 0x03, 0xF0, 0x00, 0x01, 0xE0, 0x00, 0x01,
    0xE0, 0x00, 0x01, 0xE0, 0x00, 0x01, 0xE0, 0x00, 0x01, 0xE0, 0x00, 0x01, 0xE0, 0x00, 0x01, 0xE0,
    0x00, 0x01, 0xE0, 0x00, 0x01, 0xE0, 0x00, 0x01, 0xE0, 0x00, 0x01, 0xE0, 0x00, 0x01, 0xE0, 0x00,
    0x01, 0xE0, 0x00, 0x00, 0x00, 0x00, 0x00, 0x00, 0x00, 0x00, 0x00, 0x00, 0x00, 0x00, 0x00, 0x00,
    0x00, 0x00, 0x01, 0xE0, 0x00, 0x03, 0xF0, 0x00, 0x07, 0xF8, 0x00, 0x07, 0xF8, 0x00, 0x07, 0xF8,
    0x00, 0x07, 0xF8, 0x00, 0x03, 0xF0, 0x00, 0x01, 0xE0, 0x00, 0x00, 0x00, 0x00, 0x00, 0x00, 0x00,
    0x00, 0x00, 0x00, 0x00, 0x00, 0x00, 0x00, 0x00, 0x00, 0x00, 0x00, 0x00, 0x00, 0x00, 0x00, 0x00,
    0x00, 0x00, 0x00, 0x00, 0x00, 0x00, 0x00, 0x00, 0x00, 0x00, 0x00, 0x00, 0x00, 0x00, 0x00, 0x00,
    0x00, 0x00, 0x00, 0x00, 0x00, 0x00, 0x00, 0x00, 0x00, 0x00, 0x00, 0x00, 0x00, 0x00, 0x00, 0x00,
    0x00, 0x00, 0x00, 0x00, 0x00, 0x00, 0x00, 0x00, 0x00, 0x00, 0x00, 0x00, 0x00, 0x00, 0x00, 0x00,
    0x00, 0x00, 0x00, 0x00, 0x00, 0x00, 0x00, 0x00, 0x00, 0x00, 0x00, 0x00, 0x00, 0x00, 0x00, 0x00,
    0x00, 0x00, 0x00, 0x00, 0x00, 0x00, 0x00, 0x00, 0x00, 0x00, 0x00, 0x00, 0x00, 0x00, 0x00, 0x00,
    0x00, 0x00, 0x00, 0x00, 0x00, 0x00, 0x00, 0x00, 0x00, 0x1F, 0x0F, 0x80, 0x1F, 0x0F, 0x80, 0x1F,
    0x0F, 0x80, 0x1E, 0x0F, 0x80, 0x1E, 0x0F, 0x00, 0x1E, 0x0F, 0x00, 0x1E, 0x0F, 0x00, 0x1E, 0x0F,
    0x00, 0x1E, 0x0F, 0x00, 0x1E, 0x0F, 0x00, 0x1E, 0x0F, 0x00, 0x1E, 0x0F, 0x00, 0x1E, 0x0F, 0x00,
    0x1E, 0x0F, 0x00, 0x00, 0x00, 0x00, 0x00, 0x00, 0x00, 0x00, 0x00, 0x00, 0x00, 0x00, 0x00, 0x00,
    0x00, 0x00, 0x00, 0x00, 0x00, 0x00, 0x00, 0x00, 0x00, 0x00, 0x00, 0x00, 0x00, 0x00, 0x00, 0x00,
    0x00, 0x00, 0x00, 0x00, 0x00, 0x00, 0x00, 0x00, 0x00, 0x00, 0x00, 0x00, 0x00, 0x00, 0x00, 0x00,
    0x00, 0x00, 0x00, 0x00, 0x00, 0x00, 0x00, 0x00, 0x00, 0x00, 0x00, 0x00, 0x00, 0x00, 0x00, 0x00,
    0x00, 0x00, 0x00, 0x00, 0x00, 0x00, 0x00, 0x00, 0x00, 0x00, 0x00, 0x00, 0x00, 0x00, 0x00, 0x00,
    0x00, 0x00, 0x00, 0x00, 0x00, 0x00, 0x00, 0x00, 0x00, 0x00, 0x00, 0x00, 0x00, 0x00, 0x00, 0x00,
    0x00, 0x00, 0x00, 0x00, 0x00, 0x00, 0x00, 0x00, 0x00, 0x00, 0x00, 0x00, 0x00, 0x00, 0x00, 0x00,
    0x00, 0x00, 0x00, 0x00, 0x00, 0x00, 0x00, 0x00, 0x00, 0x00, 0x00, 0x00, 0x00, 0x00, 0x00, 0x00,
    0x00, 0x00, 0x00, 0x00, 0x00, 0x00, 0x00, 0x00, 0x00, 0x00, 0x00, 0x00, 0x00, 0x00, 0x00, 0x00,
    0x00, 0x00, 0x00, 0x00, 0x00, 0x00, 0x00, 0x00, 0x00, 0x00, 0x00, 0x00, 0x00, 0x00, 0x00, 0x00,
    0x00, 0x00, 0x00, 0x00, 0x00, 0x00, 0x00, 0x00, 0x00, 0x00, 0x00, 0x00, 0x00, 0x00, 0x00, 0x00,
    0x00, 0x00, 0x00, 0x00, 0x00, 0x00, 0x00, 0x00, 0x00, 0x00, 0x00, 0x00, 0x00, 0x00, 0x00, 0x00,
    0x00, 0x00, 0x00, 0x00, 0x00, 0x00, 0x00, 0x00, 0x00, 0x00, 0x00, 0x00, 0x00, 0x00, 0x00, 0x00,
    0x00, 0x00, 0x00, 0x00, 0x00, 0x00, 0x00, 0x00, 0x00, 0x00, 0x00, 0x00, 0x00, 0x00, 0x00, 0x00,
    0x00, 0x00, 0x00, 0x00, 0x00, 0x00, 0x00, 0x00, 0x00, 0x00, 0x00, 0x00, 0x00, 0x00, 0x00, 0x00,
    0x00, 0x00, 0x00, 0x00, 0x00, 0x00, 0x00, 0x00, 0x00, 0x00, 0x00, 0x00, 0x00, 0x00, 0x00, 0x00,
    0x00, 0x00, 0x00, 0x01, 0xF0, 0x0F, 0x80, 0x00, 0x00, 0x01, 0xF0, 0x0F, 0x80, 0x00, 0x00, 0x03,
    0xF0, 0x1F, 0x80, 0x00, 0x00, 0x03, 0xF0, 0x1F, 0x80, 0x00, 0x00, 0x03, 0xE0, 0x1F, 0x00, 0x00,
    0x00, 0x03, 0xE0, 0x1F, 0x00, 0x00, 0x00, 0x03, 0xE0, 0x1F, 0x00, 0x00, 0x00, 0x03, 0xE0, 0x1F,
    0x00, 0x00, 0x00, 0x07, 0xE0, 0x1F, 0x00, 0x00, 0x00, 0x07, 0xE0, 0x3F, 0x00, 0x00, 0x07, 0xFF,
    0xFF, 0xFF, 0xFE, 0x00, 0x07, 0xFF, 0xFF, 0xFF, 0xFE, 0x00, 0x07, 0xFF, 0xFF, 0xFF, 0xFE, 0x00,
    0x07, 0xFF, 0xFF, 0xFF, 0xFE, 0x00, 0x07, 0xFF, 0xFF, 0xFF, 0xFE, 0x00, 0x00, 0x0F, 0xC0, 0x7E,
    0x00, 0x00, 0x00, 0x0F, 0xC0, 0x7E, 0x00, 0x00, 0x00, 0x0F, 0x80, 0x7E, 0x00, 0x00, 0x00, 0x0F,
    0x80, 0x7C, 0x00, 0x00, 0x00, 0x0F, 0x80, 0x7C, 0x00, 0x00, 0x00, 0x0F, 0x80, 0x7C, 0x00, 0x00,
    0x00, 0x0F, 0x80, 0x7C, 0x00, 0x00, 0x00, 0x1F, 0x80, 0x7C, 0x00, 0x00, 0x00, 0x1F, 0x80, 0xFC,
    0x00, 0x00, 0x00, 0x1F, 0x80, 0xFC, 0x00, 0x00, 0x00, 0x1F, 0x00, 0xFC, 0x00, 0x00, 0x1F, 0xFF,
    0xFF, 0xFF, 0xF8, 0x00, 0x1F, 0xFF, 0xFF, 0xFF, 0xF8, 0x00, 0x1F, 0xFF, 0xFF, 0xFF, 0xF8, 0x00,
    0x1F, 0xFF, 0xFF, 0xFF, 0xF8, 0x00, 0x1F, 0xFF, 0xFF, 0xFF, 0xF0, 0x00, 0x00, 0x3E, 0x01, 0xF8,
    0x00, 0x00, 0x00, 0x3E, 0x01, 0xF0, 0x00, 0x00, 0x00, 0x3E, 0x01, 0xF0, 0x00, 0x00, 0x00, 0x3E,
    0x01, 0xF0, 0x00, 0x00, 0x00, 0x3E, 0x01, 0xF0, 0x00, 0x00, 0x00, 0x3E, 0x01, 0xF0, 0x00, 0x00,
    0x00, 0x7E, 0x03, 0xF0, 0x00, 0x00, 0x00, 0x7E, 0x03, 0xF0, 0x00, 0x00, 0x00, 0x7C, 0x03, 0xF0,
    0x00, 0x00, 0x00, 0x7C, 0x03, 0xE0, 0x00, 0x00, 0x00, 0x7C, 0x03, 0xE0, 0x00, 0x00, 0x00, 0x00,
    0x00, 0x00, 0x00, 0x00, 0x00, 0x00, 0x00, 0x00, 0x00, 0x00, 0x00, 0x00, 0x00, 0x00, 0x00, 0x00,
    0x00, 0x00, 0x00, 0x00, 0x00, 0x00, 0x00, 0x00, 0x00, 0x00, 0x00, 0x00, 0x00, 0x00, 0x00, 0x00,
    0x00, 0x00, 0x00, 0x00, 0x00, 0x00, 0x00, 0x00, 0x00, 0x00, 0x00, 0x00, 0x00, 0x00, 0x00, 0x00,
    0x00, 0x00, 0x00, 0x00, 0x00, 0x00, 0x00, 0x00, 0x00, 0x00, 0x00, 0x00, 0x00, 0x00, 0x00, 0x00,
    0x00, 0x00, 0x00, 0x00, 0x00, 0x00, 0x00, 0x00, 0x00, 0x00, 0x00, 0x00, 0x00, 0x00, 0x00, 0x00,
    0x00, 0x00, 0x00, 0x00, 0x00, 0x00, 0x00, 0x00, 0x00, 0x00, 0x00, 0x00, 0x00, 0x00, 0x00, 0x00,
    0x00, 0x00, 0x00, 0x00, 0x00, 0x00, 0x00, 0x00, 0x00, 0x00, 0x00, 0x00, 0x00, 0x00, 0x00, 0x00,
    0x00, 0x00, 0x00, 0x00, 0x00, 0x00, 0x00, 0x00, 0x00, 0x00, 0x00, 0x00, 0x00, 0x00, 0x00, 0x00,
    0x00, 0x00, 0x00, 0x00, 0x00, 0x00, 0x00, 0x00, 0x00, 0x00, 0x00, 0x00, 0x00, 0x00, 0x00, 0x00,
    0x00, 0x00, 0x00, 0x00, 0x00, 0x00, 0x00, 0x00, 0x00, 0x00, 0x00, 0x00, 0x00, 0x00, 0x00, 0x00,
    0x00, 0x00, 0x00, 0x00, 0x00, 0x00, 0x00, 0x00, 0x00, 0x00, 0x00, 0x00, 0x00, 0x00, 0x00, 0x00,
    0x00, 0x00, 0x00, 0x00, 0x00, 0x00, 0x00, 0x00, 0x70, 0x00, 0x00, 0x00, 0x00, 0x70, 0x00, 0x00,
    0x00, 0x00, 0x70, 0x00, 0x00, 0x00, 0x00, 0x70, 0x00, 0x00, 0x00, 0x00, 0x78, 0x00, 0x00, 0x00,
    0x0F, 0xFF, 0x80, 0x00, 0x00, 0x3F, 0xFF, 0xE0, 0x00, 0x00, 0xFF, 0xFF, 0xF8, 0x00, 0x01, 0xFF,
    0xFF, 0xFC, 0x00, 0x03, 0xFF, 0xFF, 0xFE, 0x00, 0x07, 0xFC, 0x71, 0xFF, 0x00, 0x0F, 0xF0, 0x70,
    0x7F, 0x80, 0x0F, 0xC0, 0x70, 0x1F, 0x80, 0x1F, 0xC0, 0x70, 0x1C, 0x00, 0x1F, 0x80, 0x70, 0x00,
    0x00, 0x1F, 0x80, 0x70, 0x00, 0x00, 0x1F, 0x80, 0x70, 0x00, 0x00, 0x1F, 0x80, 0x70, 0x00, 0x00,
    0x1F, 0xC0, 0x70, 0x00, 0x00, 0x1F, 0xE0, 0x70, 0x00, 0x00, 0x0F, 0xF0, 0x70, 0x00, 0x00, 0x0F,
    0xFC, 0x70, 0x00, 0x00, 0x07, 0xFF, 0xF0, 0x00, 0x00, 0x03, 0xFF, 0xF8, 0x00, 0x00, 0x01, 0xFF,
    0xFF, 0x80, 0x00, 0x00, 0x7F, 0xFF, 0xF0, 0x00, 0x00, 0x1F, 0xFF, 0xFC, 0x00, 0x00, 0x03, 0xFF,
    0xFE, 0x00, 0x00, 0x00, 0x7F, 0xFF, 0x80, 0x00, 0x00, 0x73, 0xFF, 0x80, 0x00, 0x00, 0x70, 0x7F,
    0xC0, 0x00, 0x00, 0x70, 0x1F, 0xE0, 0x00, 0x00, 0x70, 0x0F, 0xE0, 0x00, 0x00, 0x70, 0x07, 0xE0,
    0x00, 0x00, 0x70, 0x07, 0xE0, 0x00, 0x00, 0x70, 0x07, 0xE0, 0x00, 0x00, 0x70, 0x07, 0xE0, 0x03,
    0x00, 0x70, 0x07, 0xE0, 0x1F, 0x80, 0x70, 0x07, 0xE0, 0x1F, 0xC0, 0x70, 0x0F, 0xE0, 0x0F, 0xE0,
    0x70, 0x0F, 0xC0, 0x0F, 0xF0, 0x70, 0x1F, 0xC0, 0x07, 0xFC, 0x70, 0x7F, 0x80, 0x03, 0xFF, 0xFF,
    0xFF, 0x00, 0x01, 0xFF, 0xFF, 0xFE, 0x00, 0x00, 0x7F, 0xFF, 0xFC, 0x00, 0x00, 0x1F, 0xFF, 0xF0,
    0x00, 0x00, 0x03, 0xFF, 0x80, 0x00, 0x00, 0x00, 0x70, 0x00, 0x00, 0x00, 0x00, 0x70, 0x00, 0x00,
    0x00, 0x00, 0x70, 0x00, 0x00, 0x00, 0x00, 0x70, 0x00, 0x00, 0x00, 0x00, 0x70, 0x00, 0x00, 0x00,
    0x00, 0x00, 0x00, 0x00, 0x00, 0x00, 0x00, 0x00, 0x00, 0x00, 0x00, 0x00, 0x00, 0x00, 0x00, 0x00,
    0x00, 0x00, 0x00, 0x00, 0x00, 0x00, 0x00, 0x00, 0x00, 0x00, 0x00, 0x00, 0x00, 0x00, 0x00, 0x00,
    0x00, 0x00, 0x00, 0x00, 0x00, 0x00, 0x00, 0x00, 0x00, 0x00, 0x00, 0x00, 0x00, 0x00, 0x00, 0x00,
    0x00, 0x00, 0x00, 0x00, 0x00, 0x00, 0x00, 0x00, 0x00, 0x00, 0x00, 0x00, 0x00, 0x00, 0x00, 0x00,
    0x00, 0x00, 0x00, 0x00, 0x00, 0x00, 0x00, 0x00, 0x00, 0x00, 0x00, 0x00, 0x00, 0x00, 0x00, 0x00,
    0x00, 0x00, 0x00, 0x00, 0x00, 0x00, 0x00, 0x00, 0x00, 0x00, 0x00, 0x00, 0x00, 0x00, 0x00, 0x00,
    0x00, 0x00, 0x00, 0x00, 0x00, 0x00, 0x00, 0x00, 0x00, 0x00, 0x00, 0x00, 0x00, 0x00, 0x00, 0x00,
    0x00, 0x00, 0x00, 0x00, 0x00, 0x00, 0x00, 0x00, 0x00, 0x00, 0x00, 0x00, 0x00, 0x00, 0x00, 0x00,
    0x00, 0x00, 0x00, 0x00, 0x00, 0x00, 0x00, 0x00, 0x00, 0x00, 0x00, 0x00, 0x00, 0x00, 0x00, 0x00,
    0x00, 0x00, 0x00, 0x00, 0x00, 0x00, 0x00, 0x00, 0x00, 0x00, 0x00, 0x00, 0x00, 0x00, 0x00, 0x00,
    0x00, 0x00, 0x00, 0x00, 0x00, 0x00, 0x00, 0x00, 0x00, 0x00, 0x00, 0x00, 0x00, 0x00, 0x00, 0x00,
    0x00, 0x00, 0x00, 0x00, 0x00, 0x00, 0x00, 0x00, 0x00, 0x00, 0x00, 0x00, 0x00, 0x00, 0x00, 0x00,
    0x00, 0x00, 0x00, 0x00, 0x00, 0x00, 0x00, 0x00, 0x00, 0x00, 0x00, 0x00, 0x00, 0x00, 0x00, 0x00,
    0x00, 0x1F, 0xC0, 0x00, 0x00, 0x00, 0x00, 0x00, 0x00, 0xFF, 0xF0, 0x00, 0x00, 0x7E, 0x00, 0x00,
    0x01, 0xFF, 0xF8, 0x00, 0x00, 0x7C, 0x00, 0x00, 0x03, 0xFF, 0xFC, 0x00, 0x00, 0xFC, 0x00, 0x00,
    0x07, 0xFF, 0xFE, 0x00, 0x01, 0xF8, 0x00, 0x00, 0x0F, 0xE0, 0x7F, 0x00, 0x01, 0xF0, 0x00, 0x00,
    0x0F, 0x80, 0x1F, 0x80, 0x03, 0xF0, 0x00, 0x00, 0x1F, 0x80, 0x0F, 0x80, 0x07, 0xE0, 0x00, 0x00,
    0x1F, 0x00, 0x0F, 0x80, 0x0F, 0xC0, 0x00, 0x00, 0x1F, 0x00, 0x07, 0xC0, 0x0F, 0x80, 0x00, 0x00,
    0x3E, 0x00, 0x07, 0xC0, 0x1F, 0x80, 0x00, 0x00, 0x3E, 0x00, 0x07, 0xC0, 0x3F, 0x00, 0x00, 0x00,
    0x3E, 0x00, 0x07, 0xC0, 0x3E, 0x00, 0x00, 0x00, 0x1F, 0x00, 0x07, 0xC0, 0x7E, 0x00, 0x00, 0x00,
    0x1F, 0x00, 0x0F, 0x80, 0xFC, 0x00, 0x00, 0x00, 0x1F, 0x80, 0x0F, 0x81, 0xF8, 0x00, 0x00, 0x00,
    0x0F, 0x80, 0x1F, 0x81, 0xF0, 0x00, 0x00, 0x00, 0x0F, 0xE0, 0x7F, 0x03, 0xF0, 0x00, 0x00, 0x00,
    0x07, 0xFF, 0xFE, 0x07, 0xE0, 0x00, 0x00, 0x00, 0x03, 0xFF, 0xFC, 0x07, 0xC0, 0x00, 0x00, 0x00,
    0x01, 0xFF, 0xF8, 0x0F, 0xC0, 0x00, 0x00, 0x00, 0x00, 0xFF, 0xF0, 0x1F, 0x80, 0x3F, 0x80, 0x00,
    0x00, 0x1F, 0xC0, 0x3F, 0x00, 0xFF, 0xE0, 0x00, 0x00, 0x00, 0x00, 0x3E, 0x03, 0xFF, 0xF8, 0x00,
    0x00, 0x00, 0x00, 0x7E, 0x07, 0xFF, 0xFC, 0x00, 0x00, 0x00, 0x00, 0xFC, 0x0F, 0xFF, 0xFE, 0x00,
    0x00, 0x00, 0x00, 0xF8, 0x1F, 0xC0, 0xFE, 0x00, 0x00, 0x00, 0x01, 0xF8, 0x1F, 0x80, 0x3F, 0x00,
    0x00, 0x00, 0x03, 0xF0, 0x3F, 0x00, 0x1F, 0x00, 0x00, 0x00, 0x07, 0xE0, 0x3E, 0x00, 0x1F, 0x80,
    0x00, 0x00, 0x07, 0xC0, 0x3E, 0x00, 0x0F, 0x80, 0x00, 0x00, 0x0F, 0xC0, 0x3E, 0x00, 0x0F, 0x80,
    0x00, 0x00, 0x1F, 0x80, 0x3C, 0x00, 0x0F, 0x80, 0x00, 0x00, 0x1F, 0x00, 0x3E, 0x00, 0x0F, 0x80,
    0x00, 0x00, 0x3F, 0x00, 0x3E, 0x00, 0x0F, 0x80, 0x00, 0x00, 0x7E, 0x00, 0x3E, 0x00, 0x1F, 0x80,
    0x00, 0x00, 0x7C, 0x00, 0x3F, 0x00, 0x1F, 0x00, 0x00, 0x00, 0xF8, 0x00, 0x1F, 0x80, 0x3F, 0x00,
    0x00, 0x01, 0xF8, 0x00, 0x1F, 0xC0, 0xFE, 0x00, 0x00, 0x03, 0xF0, 0x00, 0x0F, 0xFF, 0xFE, 0x00,
    0x00, 0x03, 0xE0, 0x00, 0x07, 0xFF, 0xFC, 0x00, 0x00, 0x07, 0xE0, 0x00, 0x03, 0xFF, 0xF8, 0x00,
    0x00, 0x0F, 0xC0, 0x00, 0x00, 0xFF, 0xE0, 0x00, 0x00, 0x00, 0x00, 0x00, 0x00, 0x3F, 0x80, 0x00,
    0x00, 0x00, 0x00, 0x00, 0x00, 0x00, 0x00, 0x00, 0x00, 0x00, 0x00, 0x00, 0x00, 0x00, 0x00, 0x00,
    0x00, 0x00, 0x00, 0x00, 0x00, 0x00, 0x00, 0x00, 0x00, 0x00, 0x00, 0x00, 0x00, 0x00, 0x00, 0x00,
    0x00, 0x00, 0x00, 0x00, 0x00, 0x00, 0x00, 0x00, 0x00, 0x00, 0x00, 0x00, 0x00, 0x00, 0x00, 0x00,
    0x00, 0x00, 0x00, 0x00, 0x00, 0x00, 0x00, 0x00, 0x00, 0x00, 0x00, 0x00, 0x00, 0x00, 0x00, 0x00,
    0x00, 0x00, 0x00, 0x00, 0x00, 0x00, 0x00, 0x00, 0x00, 0x00, 0x00, 0x00, 0x00, 0x00, 0x00, 0x00,
    0x00, 0x00, 0x00, 0x00, 0x00, 0x00, 0x00, 0x00, 0x00, 0x00, 0x00, 0x00, 0x00, 0x00, 0x00, 0x00,
    0x00, 0x00, 0x00, 0x00, 0x00, 0x00, 0x00, 0x00, 0x00, 0x00, 0x00, 0x00, 0x00, 0x00, 0x00, 0x00,
    0x00, 0x00, 0x00, 0x00, 0x00, 0x00, 0x00, 0x00, 0x00, 0x00, 0x00, 0x00, 0x00, 0x00, 0x00, 0x00,
    0x00, 0x00, 0x00, 0x00, 0x00, 0x00, 0x00, 0x00, 0x00, 0x00, 0x00, 0x00, 0x00, 0x00, 0x00, 0x00,
    0x00, 0x00, 0x00, 0x00, 0x00, 0x00, 0x00, 0x00, 0x00, 0x00, 0x00, 0x00, 0x00, 0x00, 0x00, 0x00,
    0x00, 0x00, 0x00, 0x00, 0x00, 0x00, 0x00, 0x00, 0x00, 0x00, 0x00, 0x00, 0x00, 0x00, 0x00, 0x00,
    0x00, 0x00, 0x00, 0x00, 0x00, 0x00, 0x00, 0x00, 0x00, 0x00, 0x00, 0x00, 0x00, 0x00, 0x00, 0x00,
    0x00, 0x00, 0x00, 0x00, 0x00, 0x00, 0x00, 0x00, 0x00, 0x00, 0x00, 0x00, 0x00, 0x00, 0x00, 0x00,
    0x00, 0x00, 0x00, 0x00, 0x00, 0x00, 0x00, 0x00, 0x00, 0x00, 0x00, 0x00, 0x00, 0x00, 0x00, 0x00,
    0x00, 0x00, 0x00, 0x00, 0x00, 0x00, 0x00, 0x00, 0x00, 0x00, 0x00, 0x00, 0x00, 0x00, 0x00, 0x00,
    0x00, 0x00, 0x00, 0x00, 0x00, 0x00, 0x00, 0x00, 0x00, 0x00, 0x00, 0x00, 0x00, 0x00, 0xFF, 0x00,
    0x00, 0x00, 0x00, 0x07, 0xFF, 0xE0, 0x00, 0x00, 0x00, 0x0F, 0xFF, 0xF8, 0x00, 0x00, 0x00, 0x1F,
    0xFF, 0xFC, 0x00, 0x00, 0x00, 0x3F, 0xFF, 0xFC, 0x00, 0x00, 0x00, 0x7F, 0x80, 0xFE, 0x00, 0x00,
    0x00, 0x7E, 0x00, 0x7E, 0x00, 0x00, 0x00, 0x7E, 0x00, 0x3E, 0x00, 0x00, 0x00, 0x7C, 0x00, 0x3E,
    0x00, 0x00, 0x00, 0x7C, 0x00, 0x3E, 0x00, 0x00, 0x00, 0x7E, 0x00, 0x3E, 0x00, 0x00, 0x00, 0x7E,
    0x00, 0x3E, 0x00, 0x00, 0x00, 0x7F, 0x00, 0x7E, 0x00, 0x00, 0x00, 0x3F, 0x00, 0xFC, 0x00, 0x00,
    0x00, 0x3F, 0x81, 0xFC, 0x00, 0x00, 0x00, 0x1F, 0xC3, 0xF8, 0x00, 0x00, 0x00, 0x0F, 0xEF, 0xF0,
    0x00, 0x00, 0x00, 0x07, 0xFF, 0xE0, 0x00, 0x00, 0x00, 0x07, 0xFF, 0x80, 0x00, 0x00, 0x00, 0x1F,
    0xFE, 0x00, 0x00, 0x00, 0x00, 0x7F, 0xFE, 0x00, 0x7E, 0x00, 0x01, 0xFF, 0xFF, 0x00, 0x7E, 0x00,
    0x03, 0xFE, 0x7F, 0x80, 0x7E, 0x00, 0x07, 0xF8, 0x3F, 0xC0, 0x7C, 0x00, 0x07, 0xF0, 0x1F, 0xE0,
    0x7C, 0x00, 0x0F, 0xC0, 0x0F, 0xF0, 0xFC, 0x00, 0x1F, 0xC0, 0x07, 0xF8, 0xFC, 0x00, 0x1F, 0x80,
    0x03, 0xFC, 0xF8, 0x00, 0x1F, 0x80, 0x01, 0xFF, 0xF8, 0x00, 0x1F, 0x00, 0x00, 0xFF, 0xF8, 0x00,
    0x3F, 0x00, 0x00, 0x7F, 0xF0, 0x00, 0x3F, 0x00, 0x00, 0x3F, 0xF0, 0x00, 0x3F, 0x00, 0x00, 0x1F,
    0xE0, 0x00, 0x1F, 0x80, 0x00, 0x0F, 0xE0, 0x00, 0x1F, 0x80, 0x00, 0x0F, 0xF0, 0x00, 0x1F, 0x80,
    0x00, 0x1F, 0xF8, 0x00, 0x1F, 0xC0, 0x00, 0x7F, 0xFC, 0x00, 0x0F, 0xE0, 0x00, 0xFF, 0xFE, 0x00,
    0x07, 0xF8, 0x03, 0xFE, 0xFF, 0x00, 0x07, 0xFF, 0xFF, 0xFC, 0x7F, 0x80, 0x03, 0xFF, 0xFF, 0xF0,
    0x3F, 0xC0, 0x00, 0xFF, 0xFF, 0xE0, 0x1F, 0xE0, 0x00, 0x7F, 0xFF, 0x80, 0x0F, 0xF0, 0x00, 0x0F,
    0xFC, 0x00, 0x00, 0x00, 0x00, 0x00, 0x00, 0x00, 0x00, 0x00, 0x00, 0x00, 0x00, 0x00, 0x00, 0x00,
    0x00, 0x00, 0x00, 0x00, 0x00, 0x00, 0x00, 0x00, 0x00, 0x00, 0x00, 0x00, 0x00, 0x00, 0x00, 0x00,
    0x00, 0x00, 0x00, 0x00, 0x00, 0x00, 0x00, 0x00, 0x00, 0x00, 0x00, 0x00, 0x00, 0x00, 0x00, 0x00,
    0x00, 0x00, 0x00, 0x00, 0x00, 0x00, 0x00, 0x00, 0x00, 0x00, 0x00, 0x00, 0x00, 0x00, 0x00, 0x00,
    0x00, 0x00, 0x00, 0x00, 0x00, 0x00, 0x00, 0x00, 0x00, 0x00, 0x00, 0x00, 0x00, 0x00, 0x00, 0x00,
    0x00, 0x00, 0x00, 0x00, 0x00, 0x00, 0x00, 0x00, 0x00, 0x00, 0x00, 0x00, 0x00, 0x00, 0x00, 0x00,
    0x00, 0x00, 0x00, 0x00, 0x00, 0x00, 0x00, 0x00, 0x00, 0x00, 0x00, 0x00, 0x00, 0x00, 0x00, 0x00,
    0x00, 0x00, 0x00, 0x00, 0x00, 0x00, 0x00, 0x00, 0x00, 0x00, 0x00, 0x00, 0x00, 0x00, 0x00, 0x00,
    0x00, 0x00, 0x00, 0x00, 0x00, 0x00, 0x00, 0x00, 0x00, 0x00, 0x00, 0x00, 0x00, 0x00, 0x00, 0x00,
    0x00, 0x00, 0x00, 0x00, 0x00, 0x00, 0x1F, 0x00, 0x1F, 0x00, 0x1F, 0x00, 0x1E, 0x00, 0x1E, 0x00,
    0x1E, 0x00, 0x1E, 0x00, 0x1E, 0x00, 0x1E, 0x00, 0x1E, 0x00, 0x1E, 0x00, 0x1E, 0x00, 0x1E, 0x00,
    0x1E, 0x00, 0x00, 0x00, 0x00, 0x00, 0x00, 0x00, 0x00, 0x00, 0x00, 0x00, 0x00, 0x00, 0x00, 0x00,
    0x00, 0x00, 0x00, 0x00, 0x00, 0x00, 0x00, 0x00, 0x00, 0x00, 0x00, 0x00, 0x00, 0x00, 0x00, 0x00,
    0x00, 0x00, 0x00, 0x00, 0x00, 0x00, 0x00, 0x00, 0x00, 0x00, 0x00, 0x00, 0x00, 0x00, 0x00, 0x00,
    0x00, 0x00, 0x00, 0x00, 0x00, 0x00, 0x00, 0x00, 0x00, 0x00, 0x00, 0x00, 0x00, 0x00, 0x00, 0x00,
    0x00, 0x00, 0x00, 0x00, 0x00, 0x00, 0x00, 0x00, 0x00, 0x00, 0x00, 0x00, 0x00, 0x00, 0x00, 0x00,
    0x00, 0x00, 0x00, 0x00, 0x00, 0x00, 0x00, 0x00, 0x00, 0x00, 0x00, 0x00, 0x00, 0x00, 0x00, 0x00,
    0x00, 0x00, 0x00, 0x00, 0x00, 0x00, 0x00, 0x00, 0x00, 0x00, 0x00, 0x00, 0x00, 0x00, 0x00, 0x00,
    0x00, 0x00, 0x00, 0x00, 0x00, 0x00, 0x00, 0x00, 0x00, 0x00, 0x00, 0x00, 0x00, 0x00, 0x00, 0x00,
    0x00, 0x00, 0x00, 0x00, 0x00, 0x00, 0x00, 0x00, 0x00, 0x00, 0x00, 0x00, 0x00, 0x00, 0x00, 0x00,
    0x00, 0x00, 0x00, 0x00, 0x00, 0x00, 0x00, 0x00, 0x00, 0x00, 0x3E, 0x00, 0x00, 0x7C, 0x00, 0x00,
    0x78, 0x00, 0x00, 0xF8, 0x00, 0x00, 0xF0, 0x00, 0x01, 0xF0, 0x00, 0x01, 0xF0, 0x00, 0x03, 0xE0,
    0x00, 0x03, 0xE0, 0x00, 0x03, 0xC0, 0x00, 0x07, 0xC0, 0x00, 0x07, 0xC0, 0x00, 0x07, 0x80, 0x00,
    0x0F, 0x80, 0x00, 0x0F, 0x80, 0x00, 0x0F, 0x80, 0x00, 0x0F, 0x80, 0x00, 0x0F, 0x00, 0x00, 0x0F,
    0x00, 0x00, 0x1F, 0x00, 0x00, 0x1F, 0x00, 0x00, 0x1F, 0x00, 0x00, 0x1F, 0x00, 0x00, 0x1F, 0x00,
    0x00, 0x1F, 0x00, 0x00, 0x1F, 0x00, 0x00, 0x1F, 0x00, 0x00, 0x1F, 0x00, 0x00, 0x1F, 0x00, 0x00,
    0x1F, 0x00, 0x00, 0x0F, 0x00, 0x00, 0x0F, 0x80, 0x00, 0x0F, 0x80, 0x00, 0x0F, 0x80, 0x00, 0x0F,
    0x80, 0x00, 0x07, 0x80, 0x00, 0x07, 0xC0, 0x00, 0x07, 0xC0, 0x00, 0x07, 0xC0, 0x00, 0x03, 0xC0,
    0x00, 0x03, 0xE0, 0x00, 0x03, 0xE0, 0x00, 0x01, 0xF0, 0x00, 0x01, 0xF0, 0x00, 0x00, 0xF0, 0x00,
    0x00, 0xF8, 0x00, 0x00, 0x78, 0x00, 0x00, 0x7C, 0x00, 0x00, 0x3E, 0x00, 0x00, 0x3E, 0x00, 0x00,
    0x1F, 0x00, 0x00, 0x0F, 0x80, 0x00, 0x00, 0x00, 0x00, 0x00, 0x00, 0x00, 0x00, 0x00, 0x00, 0x00,
    0x00, 0x00, 0x00, 0x00, 0x00, 0x00, 0x00, 0x00, 0x00, 0x00, 0x00, 0x00, 0x00, 0x00, 0x00, 0x00,
    0x00, 0x00, 0x00, 0x00, 0x00, 0x00, 0x00, 0x00, 0x00, 0x00, 0x00, 0x00, 0x00, 0x00, 0x00, 0x00,
    0x00, 0x00, 0x00, 0x00, 0x00, 0x00, 0x00, 0x00, 0x00, 0x00, 0x00, 0x00, 0x00, 0x00, 0x00, 0x00,
    0x00, 0x00, 0x00, 0x00, 0x00, 0x00, 0x00, 0x00, 0x00, 0x00, 0x00, 0x00, 0x00, 0x00, 0x00, 0x00,
    0x00, 0x00, 0x00, 0x00, 0x00, 0x00, 0x00, 0x00, 0x00, 0x07, 0x80, 0x00, 0x07, 0xC0, 0x00, 0x03,
    0xE0, 0x00, 0x03, 0xE0, 0x00, 0x01, 0xF0, 0x00, 0x01, 0xF0, 0x00, 0x00, 0xF0, 0x00, 0x00, 0xF8,
    0x00, 0x00, 0x78, 0x00, 0x00, 0x7C, 0x00, 0x00, 0x7C, 0x00, 0x00, 0x3C, 0x00, 0x00, 0x3E, 0x00,
    0x00, 0x3E, 0x00, 0x00, 0x3E, 0x00, 0x00, 0x3E, 0x00, 0x00, 0x1E, 0x00, 0x00, 0x1F, 0x00, 0x00,
    0x1F, 0x00, 0x00, 0x1F, 0x00, 0x00, 0x1F, 0x00, 0x00, 0x1F, 0x00, 0x00, 0x1F, 0x00, 0x00, 0x1F,
    0x00, 0x00, 0x1F, 0x00, 0x00, 0x1F, 0x00, 0x00, 0x1F, 0x00, 0x00, 0x1F, 0x00, 0x00, 0x1F, 0x00,
    0x00, 0x1F, 0x00, 0x00, 0x1F, 0x00, 0x00, 0x1E, 0x00, 0x00, 0x1E, 0x00, 0x00, 0x3E, 0x00, 0x00,
    0x3E, 0x00, 0x00, 0x3E, 0x00, 0x00, 0x3C, 0x00, 0x00, 0x7C, 0x00, 0x00, 0x7C, 0x00, 0x00, 0x7C,
    0x00, 0x00, 0xF8, 0x00, 0x00, 0xF8, 0x00, 0x00, 0xF0, 0x00, 0x01, 0xF0, 0x00, 0x01, 0xF0, 0x00,
    0x03, 0xE0, 0x00, 0x03, 0xE0, 0x00, 0x07, 0xC0, 0x00, 0x07, 0x80, 0x00, 0x0F, 0x80, 0x00, 0x1F,
    0x00, 0x00, 0x1F, 0x00, 0x00, 0x00, 0x00, 0x00, 0x00, 0x00, 0x00, 0x00, 0x00, 0x00, 0x00, 0x00,
    0x00, 0x00, 0x00, 0x00, 0x00, 0x00, 0x00, 0x00, 0x00, 0x00, 0x00, 0x00, 0x00, 0x00, 0x00, 0x00,
    0x00, 0x00, 0x00, 0x00, 0x00, 0x00, 0x00, 0x00, 0x00, 0x00, 0x00, 0x00, 0x00, 0x00, 0x00, 0x00,
    0x00, 0x00, 0x00, 0x00, 0x00, 0x00, 0x00, 0x00, 0x00, 0x00, 0x00, 0x00, 0x00, 0x00, 0x00, 0x00,
    0x00, 0x00, 0x00, 0x00, 0x00, 0x00, 0x00, 0x00, 0x00, 0x00, 0x00, 0x00, 0x00, 0x00, 0x00, 0x00,
    0x00, 0x00, 0x00, 0x00, 0x00, 0x00, 0x00, 0x00, 0x00, 0x00, 0x00, 0x00, 0x00, 0x00, 0x00, 0x00,
    0x00, 0x00, 0x00, 0x00, 0x00, 0x00, 0x00, 0x00, 0x00, 0x00, 0x00, 0x00, 0x00, 0x0F, 0x00, 0x00,
    0x00, 0x0F, 0x00, 0x00, 0x00, 0x0F, 0x00, 0x00, 0x00, 0x0F, 0x00, 0x00, 0x00, 0x0F, 0x00, 0x00,
    0x07, 0x0F, 0x1C, 0x00, 0x07, 0xEF, 0xFE, 0x00, 0x07, 0xFF, 0xFE, 0x00, 0x07, 0xFF, 0xFC, 0x00,
    0x00, 0x7F, 0xE0, 0x00, 0x00, 0x3F, 0x80, 0x00, 0x00, 0x3F, 0xC0, 0x00, 0x00, 0x7F, 0xC0, 0x00,
    0x00, 0xF9, 0xE0, 0x00, 0x00, 0xF1, 0xF0, 0x00, 0x01, 0xE0, 0xF8, 0x00, 0x00, 0xE0, 0x70, 0x00,
    0x00, 0x40, 0x00, 0x00, 0x00, 0x00, 0x00, 0x00, 0x00, 0x00, 0x00, 0x00, 0x00, 0x00, 0x00, 0x00,
    0x00, 0x00, 0x00, 0x00, 0x00, 0x00, 0x00, 0x00, 0x00, 0x00, 0x00, 0x00, 0x00, 0x00, 0x00, 0x00,
    0x00, 0x00, 0x00, 0x00, 0x00, 0x00, 0x00, 0x00, 0x00, 0x00, 0x00, 0x00, 0x00, 0x00, 0x00, 0x00,
    0x00, 0x00, 0x00, 0x00, 0x00, 0x00, 0x00, 0x00, 0x00, 0x00, 0x00, 0x00, 0x00, 0x00, 0x00, 0x00,
    0x00, 0x00, 0x00, 0x00, 0x00, 0x00, 0x00, 0x00, 0x00, 0x00, 0x00, 0x00, 0x00, 0x00, 0x00, 0x00,
    0x00, 0x00, 0x00, 0x00, 0x00, 0x00, 0x00, 0x00, 0x00, 0x00, 0x00, 0x00, 0x00, 0x00, 0x00, 0x00,
    0x00, 0x00, 0x00, 0x00, 0x00, 0x00, 0x00, 0x00, 0x00, 0x00, 0x00, 0x00, 0x00, 0x00, 0x00, 0x00,
    0x00, 0x00, 0x00, 0x00, 0x00, 0x00, 0x00, 0x00, 0x00, 0x00, 0x00, 0x00, 0x00, 0x00, 0x00, 0x00,
    0x00, 0x00, 0x00, 0x00, 0x00, 0x00, 0x00, 0x00, 0x00, 0x00, 0x00, 0x00, 0x00, 0x00, 0x00, 0x00,
    0x00, 0x00, 0x00, 0x00, 0x00, 0x00, 0x00, 0x00, 0x00, 0x00, 0x00, 0x00, 0x00, 0x00, 0x00, 0x00,
    0x00, 0x00, 0x00, 0x00, 0x00, 0x00, 0x00, 0x00, 0x00, 0x00, 0x00, 0x00, 0x00, 0x00, 0x00, 0x00,
    0x00, 0x00, 0x00, 0x00, 0x00, 0x00, 0x00, 0x00, 0x00, 0x00, 0x00, 0x00, 0x00, 0x00, 0x00, 0x00,
    0x00, 0x00, 0x00, 0x00, 0x00, 0x00, 0x00, 0x00, 0x00, 0x00, 0x00, 0x00, 0x00, 0x00, 0x00, 0x00,
    0x00, 0x00, 0x00, 0x00, 0x00, 0x00, 0x00, 0x00, 0x00, 0x00, 0x00, 0x00, 0x00, 0x00, 0x00, 0x00,
    0x00, 0x00, 0x00, 0x00, 0x00, 0x00, 0x00, 0x00, 0x00, 0x00, 0x00, 0x00, 0x00, 0x00, 0x00, 0x00,
    0x00, 0x00, 0x00, 0x00, 0x00, 0x00, 0x00, 0x00, 0x00, 0x00, 0x00, 0x00, 0x00, 0x00, 0x00, 0x00,
    0x00, 0x00, 0x00, 0x00, 0x00, 0x00, 0x00, 0x00, 0x00, 0x00, 0x00, 0x00, 0x00, 0x00, 0x00, 0x00,
    0x00, 0x00, 0x00, 0x00, 0x00, 0x00, 0x00, 0x00, 0x00, 0x00, 0x00, 0x00, 0x00, 0x00, 0x00, 0x00,
    0x00, 0x00, 0x00, 0x00, 0x00, 0x00, 0x00, 0x00, 0x00, 0x00, 0x00, 0x00, 0x00, 0x00, 0x00, 0x00,
    0x00, 0x00, 0x00, 0x00, 0x00, 0x00, 0x00, 0x00, 0x00, 0x00, 0x00, 0x00, 0x00, 0x00, 0x00, 0x00,
    0x00, 0x00, 0x00, 0x7C, 0x00, 0x00, 0x00, 0x00, 0x7C, 0x00, 0x00, 0x00, 0x00, 0x7C, 0x00, 0x00,
    0x00, 0x00, 0x7C, 0x00, 0x00, 0x00, 0x00, 0x7C, 0x00, 0x00, 0x00, 0x00, 0x7C, 0x00, 0x00, 0x00,
    0x00, 0x7C, 0x00, 0x00, 0x00, 0x00, 0x7C, 0x00, 0x00, 0x00, 0x00, 0x7C, 0x00, 0x00, 0x00, 0x00,
    0x7C, 0x00, 0x00, 0x00, 0x00, 0x7C, 0x00, 0x00, 0x00, 0x00, 0x7C, 0x00, 0x00, 0x00, 0x00, 0x7C,
    0x00, 0x00, 0x00, 0x00, 0x7C, 0x00, 0x00, 0x1F, 0xFF, 0xFF, 0xFF, 0xE0, 0x1F, 0xFF, 0xFF, 0xFF,
    0xE0, 0x1F, 0xFF, 0xFF, 0xFF, 0xE0, 0x1F, 0xFF, 0xFF, 0xFF, 0xE0, 0x0F, 0xFF, 0xFF, 0xFF, 0xE0,
    0x00, 0x00, 0x7C, 0x00, 0x00, 0x00, 0x00, 0x7C, 0x00, 0x00, 0x00, 0x00, 0x7C, 0x00, 0x00, 0x00,
    0x00, 0x7C, 0x00, 0x00, 0x00, 0x00, 0x7C, 0x00, 0x00, 0x00, 0x00, 0x7C, 0x00, 0x00, 0x00, 0x00,
    0x7C, 0x00, 0x00, 0x00, 0x00, 0x7C, 0x00, 0x00, 0x00, 0x00, 0x7C, 0x00, 0x00, 0x00, 0x00, 0x7C,
    0x00, 0x00, 0x00, 0x00, 0x7C, 0x00, 0x00, 0x00, 0x00, 0x7C, 0x00, 0x00, 0x00, 0x00, 0x7C, 0x00,
    0x00, 0x00, 0x00, 0x00, 0x00, 0x00, 0x00, 0x00, 0x00, 0x00, 0x00, 0x00, 0x00, 0x00, 0x00, 0x00,
    0x00, 0x00, 0x00, 0x00, 0x00, 0x00, 0x00, 0x00, 0x00, 0x00, 0x00, 0x00, 0x00, 0x00, 0x00, 0x00,
    0x00, 0x00, 0x00, 0x00, 0x00, 0x00, 0x00, 0x00, 0x00, 0x00, 0x00, 0x00, 0x00, 0x00, 0x00, 0x00,
    0x00, 0x00, 0x00, 0x00, 0x00, 0x00, 0x00, 0x00, 0x00, 0x00, 0x00, 0x00, 0x00, 0x00, 0x00, 0x00,
    0x00, 0x00, 0x00, 0x00, 0x00, 0x00, 0x00, 0x00, 0x00, 0x00, 0x00, 0x00, 0x00, 0x00, 0x00, 0x00,
    0x00, 0x00, 0x00, 0x00, 0x00, 0x00, 0x00, 0x00, 0x00, 0x00, 0x00, 0x00, 0x00, 0x00, 0x00, 0x00,
    0x00, 0x00, 0x00, 0x00, 0x00, 0x00, 0x00, 0x00, 0x00, 0x00, 0x00, 0x00, 0x00, 0x00, 0x00, 0x00,
    0x00, 0x00, 0x00, 0x00, 0x00, 0x00, 0x00, 0x00, 0x00, 0x00, 0x00, 0x00, 0x00, 0x00, 0x00, 0x00,
    0x00, 0x00, 0x00, 0x00, 0x00, 0x00, 0x00, 0x00, 0x00, 0x00, 0x00, 0x00, 0x00, 0x00, 0x00, 0x00,
    0x00, 0x00, 0x00, 0x00, 0x00, 0x00, 0x00, 0x00, 0x00, 0x00, 0x00, 0x00, 0x00, 0x00, 0x00, 0x00,
    0x00, 0x00, 0x00, 0x00, 0x00, 0x00, 0x00, 0x00, 0x00, 0x00, 0x00, 0x00, 0x00, 0x00, 0x00, 0x00,
    0x00, 0x00, 0x00, 0x00, 0x00, 0x00, 0x00, 0x00, 0x00, 0x00, 0x00, 0x00, 0x00, 0x00, 0x00, 0x00,
    0x00, 0x00, 0x00, 0x00, 0x00, 0x00, 0x00, 0x00, 0x00, 0x00, 0x07, 0x80, 0x1F, 0xC0, 0x1F, 0xC0,
    0x3F, 0xE0, 0x3F, 0xE0, 0x1F, 0xC0, 0x1F, 0xC0, 0x0F, 0xC0, 0x03, 0x80, 0x07, 0x80, 0x07, 0x80,
    0x07, 0x00, 0x0F, 0x00, 0x0E, 0x00, 0x1E, 0x00, 0x1E, 0x00, 0x00, 0x00, 0x00, 0x00, 0x00, 0x00,
    0x00, 0x00, 0x00, 0x00, 0x00, 0x00, 0x00, 0x00, 0x00, 0x00, 0x00, 0x00, 0x00, 0x00, 0x00, 0x00,
    0x00, 0x00, 0x00, 0x00, 0x00, 0x00, 0x00, 0x00, 0x00, 0x00, 0x00, 0x00, 0x00, 0x00, 0x00, 0x00,
    0x00, 0x00, 0x00, 0x00, 0x00, 0x00, 0x00, 0x00, 0x00, 0x00, 0x00, 0x00, 0x00, 0x00, 0x00, 0x00,
    0x00, 0x00, 0x00, 0x00, 0x00, 0x00, 0x00, 0x00, 0x00, 0x00, 0x00, 0x00, 0x00, 0x00, 0x00, 0x00,
    0x00, 0x00, 0x00, 0x00, 0x00, 0x00, 0x00, 0x00, 0x00, 0x00, 0x00, 0x00, 0x00, 0x00, 0x00, 0x00,
    0x00, 0x00, 0x00, 0x00, 0x00, 0x00, 0x00, 0x00, 0x00, 0x00, 0x00, 0x00, 0x00, 0x00, 0x00, 0x00,
    0x00, 0x00, 0x00, 0x00, 0x00, 0x00, 0x00, 0x00, 0x00, 0x00, 0x00, 0x00, 0x00, 0x00, 0x00, 0x00,
    0x00, 0x00, 0x00, 0x00, 0x00, 0x00, 0x00, 0x00, 0x00, 0x00, 0x00, 0x00, 0x00, 0x00, 0x00, 0x00,
    0x00, 0x00, 0x00, 0x00, 0x00, 0x00, 0x00, 0x00, 0x00, 0x00, 0x00, 0x00, 0x00, 0x00, 0x00, 0x00,
    0x00, 0x1F, 0xFF, 0xF8, 0x3F, 0xFF, 0xF8, 0x3F, 0xFF, 0xF8, 0x3F, 0xFF, 0xF8, 0x3F, 0xFF, 0xF8,
    0x00, 0x00, 0x00, 0x00, 0x00, 0x00, 0x00, 0x00, 0x00, 0x00, 0x00, 0x00, 0x00, 0x00, 0x00, 0x00,
    0x00, 0x00, 0x00, 0x00, 0x00, 0x00, 0x00, 0x00, 0x00, 0x00, 0x00, 0x00, 0x00, 0x00, 0x00, 0x00,
    0x00, 0x00, 0x00, 0x00, 0x00, 0x00, 0x00, 0x00, 0x00, 0x00, 0x00, 0x00, 0x00, 0x00, 0x00, 0x00,
    0x00, 0x00, 0x00, 0x00, 0x00, 0x00, 0x00, 0x00, 0x00, 0x00, 0x00, 0x00, 0x00, 0x00, 0x00, 0x00,
    0x00, 0x00, 0x00, 0x00, 0x00, 0x00, 0x00, 0x00, 0x00, 0x00, 0x00, 0x00, 0x00, 0x00, 0x00, 0x00,
    0x00, 0x00, 0x00, 0x00, 0x00, 0x00, 0x00, 0x00, 0x00, 0x00, 0x00, 0x00, 0x00, 0x00, 0x00, 0x00,
    0x00, 0x00, 0x00, 0x00, 0x00, 0x00, 0x00, 0x00, 0x00, 0x00, 0x00, 0x00, 0x00, 0x00, 0x00, 0x00,
    0x00, 0x00, 0x00, 0x00, 0x00, 0x00, 0x00, 0x00, 0x00, 0x00, 0x00, 0x00, 0x00, 0x00, 0x00, 0x00,
    0x00, 0x00, 0x00, 0x00, 0x00, 0x00, 0x00, 0x00, 0x00, 0x00, 0x00, 0x00, 0x00, 0x00, 0x00, 0x00,
    0x00, 0x00, 0x00, 0x00, 0x00, 0x00, 0x00, 0x00, 0x00, 0x00, 0x00, 0x00, 0x00, 0x00, 0x00, 0x00,
    0x00, 0x00, 0x00, 0x00, 0x00, 0x00, 0x00, 0x00, 0x00, 0x00, 0x00, 0x00, 0x00, 0x00, 0x00, 0x00,
    0x00, 0x00, 0x00, 0x00, 0x00, 0x00, 0x00, 0x00, 0x00, 0x00, 0x00, 0x00, 0x00, 0x00, 0x00, 0x00,
    0x00, 0x00, 0x00, 0x00, 0x00, 0x00, 0x00, 0x00, 0x00, 0x00, 0x00, 0x00, 0x07, 0x80, 0x1F, 0xC0,
    0x1F, 0xC0, 0x3F, 0xE0, 0x3F, 0xE0, 0x1F, 0xC0, 0x1F, 0xC0, 0x07, 0x80, 0x00, 0x00, 0x00, 0x00,
    0x00, 0x00, 0x00, 0x00, 0x00, 0x00, 0x00, 0x00, 0x00, 0x00, 0x00, 0x00, 0x00, 0x00, 0x00, 0x00,
    0x00, 0x00, 0x00, 0x00, 0x00, 0x00, 0x00, 0x00, 0x00, 0x00, 0x00, 0x00, 0x00, 0x00, 0x00, 0x00,
    0x00, 0x00, 0x00, 0x00, 0x00, 0x00, 0x00, 0x00, 0x00, 0x00, 0x00, 0x00, 0x00, 0x00, 0x00, 0x00,
    0x00, 0x00, 0x00, 0x00, 0x00, 0x00, 0x00, 0x00, 0x00, 0x00, 0x00, 0x00, 0x00, 0x00, 0x00, 0x00,
    0x00, 0x00, 0x00, 0x00, 0x00, 0x00, 0x00, 0x00, 0x00, 0x00, 0x00, 0x00, 0x00, 0x00, 0x00, 0x00,
    0x00, 0x00, 0x00, 0x00, 0x00, 0x00, 0x00, 0x00, 0x00, 0x00, 0x00, 0x7E, 0x00, 0x00, 0x7E, 0x00,
    0x00, 0x7C, 0x00, 0x00, 0xFC, 0x00, 0x00, 0xF8, 0x00, 0x01, 0xF8, 0x00, 0x01, 0xF8, 0x00, 0x01,
    0xF0, 0x00, 0x03, 0xF0, 0x00, 0x03, 0xE0, 0x00, 0x07, 0xE0, 0x00, 0x07, 0xE0, 0x00, 0x07, 0xC0,
    0x00, 0x0F, 0xC0, 0x00, 0x0F, 0x80, 0x00, 0x1F, 0x80, 0x00, 0x1F, 0x80, 0x00, 0x1F, 0x00, 0x00,
    0x3F, 0x00, 0x00, 0x3E, 0x00, 0x00, 0x7E, 0x00, 0x00, 0x7E, 0x00, 0x00, 0x7C, 0x00, 0x00, 0xFC,
    0x00, 0x00, 0xF8, 0x00, 0x01, 0xF8, 0x00, 0x01, 0xF8, 0x00, 0x01, 0xF0, 0x00, 0x03, 0xF0, 0x00,
    0x03, 0xF0, 0x00, 0x07, 0xE0, 0x00, 0x07, 0xE0, 0x00, 0x07, 0xC0, 0x00, 0x0F, 0xC0, 0x00, 0x0F,
    0xC0, 0x00, 0x1F, 0x80, 0x00, 0x1F, 0x80, 0x00, 0x1F, 0x00, 0x00, 0x3F, 0x00, 0x00, 0x3F, 0x00,
    0x00, 0x3E, 0x00, 0x00, 0x7E, 0x00, 0x00, 0x00, 0x00, 0x00, 0x00, 0x00, 0x00, 0x00, 0x00, 0x00,
    0x00, 0x00, 0x00, 0x00, 0x00, 0x00, 0x00, 0x00, 0x00, 0x00, 0x00, 0x00, 0x00, 0x00, 0x00, 0x00,
    0x00, 0x00, 0x00, 0x00, 0x00, 0x00, 0x00, 0x00, 0x00, 0x00, 0x00, 0x00, 0x00, 0x00, 0x00, 0x00,
    0x00, 0x00, 0x00, 0x00, 0x00, 0x00, 0x00, 0x00, 0x00, 0x00, 0x00, 0x00, 0x00, 0x00, 0x00, 0x00,
    0x00, 0x00, 0x00, 0x00, 0x00, 0x00, 0x00, 0x00, 0x00, 0x00, 0x00, 0x00, 0x00, 0x00, 0x00, 0x00,
    0x00, 0x00, 0x00, 0x00, 0x00, 0x00, 0x00, 0x00, 0x00, 0x00, 0x00, 0x00, 0x00, 0x00, 0x00, 0x00,
    0x00, 0x00, 0x00, 0x00, 0x00, 0x00, 0x00, 0x00, 0x00, 0x00, 0x00, 0x00, 0x00, 0x00, 0x00, 0x00,
    0x00, 0x00, 0x00, 0x00, 0x00, 0x00, 0x00, 0x00, 0x00, 0x00, 0x00, 0x00, 0x00, 0x00, 0x00, 0x00,
    0x00, 0x00, 0x00, 0x00, 0x00, 0x00, 0x00, 0x00, 0x00, 0x00, 0x00, 0x00, 0x00, 0x00, 0x00, 0x00,
    0x00, 0x00, 0x00, 0x00, 0x00, 0x00, 0x00, 0x00, 0x00, 0x00, 0x00, 0x00, 0x00, 0x00, 0x00, 0x00,
    0x00, 0x00, 0x00, 0x00, 0x00, 0x00, 0x00, 0x00, 0x00, 0x00, 0x00, 0x00, 0x00, 0x00, 0xFF, 0x80,
    0x00, 0x00, 0x00, 0x07, 0xFF, 0xF0, 0x00, 0x00, 0x00, 0x1F, 0xFF, 0xFC, 0x00, 0x00, 0x00, 0x3F,
    0xFF, 0xFE, 0x00, 0x00, 0x00, 0x7F, 0xFF, 0xFF, 0x00, 0x00, 0x00, 0xFF, 0x80, 0x7F, 0x80, 0x00,
    0x00, 0xFE, 0x00, 0x1F, 0xC0, 0x00, 0x01, 0xFC, 0x00, 0x0F, 0xE0, 0x00, 0x03, 0xFE, 0x00, 0x07,
    0xE0, 0x00, 0x03, 0xFE, 0x00, 0x07, 0xF0, 0x00, 0x03, 0xFF, 0x00, 0x03, 0xF0, 0x00, 0x07, 0xFF,
    0x80, 0x03, 0xF0, 0x00, 0x07, 0xFF, 0xC0, 0x03, 0xF8, 0x00, 0x07, 0xEF, 0xC0, 0x01, 0xF8, 0x00,
    0x0F, 0xCF, 0xE0, 0x01, 0xF8, 0x00, 0x0F, 0xC7, 0xF0, 0x01, 0xF8, 0x00, 0x0F, 0xC3, 0xF0, 0x01,
    0xF8, 0x00, 0x0F, 0xC1, 0xF8, 0x00, 0xF8, 0x00, 0x0F, 0xC1, 0xFC, 0x00, 0xFC, 0x00, 0x0F, 0xC0,
    0xFC, 0x00, 0xFC, 0x00, 0x0F, 0xC0, 0x7E, 0x00, 0xFC, 0x00, 0x0F, 0xC0, 0x7F, 0x00, 0xFC, 0x00,
    0x0F, 0xC0, 0x3F, 0x80, 0xFC, 0x00, 0x0F, 0xC0, 0x1F, 0x80, 0xFC, 0x00, 0x0F, 0xC0, 0x1F, 0xC0,
    0xFC, 0x00, 0x0F, 0xC0, 0x0F, 0xE0, 0xFC, 0x00, 0x0F, 0xC0, 0x07, 0xE0, 0xF8, 0x00, 0x0F, 0xC0,
    0x03, 0xF1, 0xF8, 0x00, 0x0F, 0xC0, 0x03, 0xF9, 0xF8, 0x00, 0x0F, 0xC0, 0x01, 0xF9, 0xF8, 0x00,
    0x07, 0xE0, 0x00, 0xFD, 0xF8, 0x00, 0x07, 0xE0, 0x00, 0xFF, 0xF8, 0x00, 0x07, 0xE0, 0x00, 0x7F,
    0xF0, 0x00, 0x03, 0xF0, 0x00, 0x3F, 0xF0, 0x00, 0x03, 0xF0, 0x00, 0x3F, 0xE0, 0x00, 0x03, 0xF8,
    0x00, 0x1F, 0xE0, 0x00, 0x01, 0xFC, 0x00, 0x0F, 0xE0, 0x00, 0x00, 0xFE, 0x00, 0x1F, 0xC0, 0x00,
    0x00, 0xFF, 0x80, 0x7F, 0x80, 0x00, 0x00, 0x7F, 0xFF, 0xFF, 0x00, 0x00, 0x00, 0x3F, 0xFF, 0xFE,
    0x00, 0x00, 0x00, 0x0F, 0xFF, 0xFC, 0x00, 0x00, 0x00, 0x07, 0xFF, 0xF0, 0x00, 0x00, 0x00, 0x00,
    0xFF, 0x80, 0x00, 0x00, 0x00, 0x00, 0x00, 0x00, 0x00, 0x00, 0x00, 0x00, 0x00, 0x00, 0x00, 0x00,
    0x00, 0x00, 0x00, 0x00, 0x00, 0x00, 0x00, 0x00, 0x00, 0x00, 0x00, 0x00, 0x00, 0x00, 0x00, 0x00,
    0x00, 0x00, 0x00, 0x00, 0x00, 0x00, 0x00, 0x00, 0x00, 0x00, 0x00, 0x00, 0x00, 0x00, 0x00, 0x00,
    0x00, 0x00, 0x00, 0x00, 0x00, 0x00, 0x00, 0x00, 0x00, 0x00, 0x00, 0x00, 0x00, 0x00, 0x00, 0x00,
    0x00, 0x00, 0x00, 0x00, 0x00, 0x00, 0x00, 0x00, 0x00, 0x00, 0x00, 0x00, 0x00, 0x00, 0x00, 0x00,
    0x00, 0x00, 0x00, 0x00, 0x00, 0x00, 0x00, 0x00, 0x00, 0x00, 0x00, 0x00, 0x00, 0x00, 0x00, 0x00,
    0x00, 0x00, 0x00, 0x00, 0x00, 0x00, 0x00, 0x00, 0x00, 0x00, 0x00, 0x00, 0x00, 0x00, 0x00, 0x00,
    0x00, 0x00, 0x00, 0x00, 0x00, 0x00, 0x00, 0x00, 0x00, 0x00, 0x00, 0x00, 0x00, 0x00, 0x00, 0x00,
    0x00, 0x00, 0x00, 0x00, 0x00, 0x00, 0x00, 0x00, 0x00, 0x00, 0x00, 0x00, 0x00, 0x00, 0x00, 0x00,
    0x00, 0x00, 0x00, 0x00, 0x00, 0x00, 0x00, 0x00, 0x00, 0x00, 0x00, 0x00, 0x00, 0x00, 0x00, 0x00,
    0x00, 0x00, 0x00, 0x00, 0x00, 0x00, 0x00, 0x00, 0x00, 0x00, 0x00, 0x00, 0x00, 0x00, 0x00, 0x00,
    0x00, 0x00, 0x00, 0x00, 0x00, 0x00, 0x00, 0x00, 0x00, 0x00, 0x00, 0x00, 0x00, 0x00, 0xE0, 0x00,
    0x00, 0x01, 0xE0, 0x00, 0x00, 0x03, 0xE0, 0x00, 0x00, 0x07, 0xE0, 0x00, 0x00, 0x3F, 0xE0, 0x00,
    0x1F, 0xFF, 0xE0, 0x00, 0x1F, 0xFF, 0xE0, 0x00, 0x1F, 0xFF, 0xE0, 0x00, 0x1F, 0xFF, 0xE0, 0x00,
    0x1F, 0xFF, 0xE0, 0x00, 0x00, 0x03, 0xE0, 0x00, 0x00, 0x03, 0xE0, 0x00, 0x00, 0x03, 0xE0, 0x00,
    0x00, 0x03, 0xE0, 0x00, 0x00, 0x03, 0xE0, 0x00, 0x00, 0x03, 0xE0, 0x00, 0x00, 0x03, 0xE0, 0x00,
    0x00, 0x03, 0xE0, 0x00, 0x00, 0x03, 0xE0, 0x00, 0x00, 0x03, 0xE0, 0x00, 0x00, 0x03, 0xE0, 0x00,
    0x00, 0x03, 0xE0, 0x00, 0x00, 0x03, 0xE0, 0x00, 0x00, 0x03, 0xE0, 0x00, 0x00, 0x03, 0xE0, 0x00,
    0x00, 0x03, 0xE0, 0x00, 0x00, 0x03, 0xE0, 0x00, 0x00, 0x03, 0xE0, 0x00, 0x00, 0x03, 0xE0, 0x00,
    0x00, 0x03, 0xE0, 0x00, 0x00, 0x03, 0xE0, 0x00, 0x00, 0x03, 0xE0, 0x00, 0x00, 0x03, 0xE0, 0x00,
    0x00, 0x03, 0xE0, 0x00, 0x00, 0x03, 0xE0, 0x00, 0x00, 0x03, 0xE0, 0x00, 0x00, 0x03, 0xE0, 0x00,
    0x00, 0x03, 0xE0, 0x00, 0x00, 0x03, 0xE0, 0x00, 0x00, 0x03, 0xE0, 0x00, 0x00, 0x03, 0xE0, 0x00,
    0x00, 0x03, 0xE0, 0x00, 0x00, 0x00, 0x00, 0x00, 0x00, 0x00, 0x00, 0x00, 0x00, 0x00, 0x00, 0x00,
    0x00, 0x00, 0x00, 0x00, 0x00, 0x00, 0x00, 0x00, 0x00, 0x00, 0x00, 0x00, 0x00, 0x00, 0x00, 0x00,
    0x00, 0x00, 0x00, 0x00, 0x00, 0x00, 0x00, 0x00, 0x00, 0x00, 0x00, 0x00, 0x00, 0x00, 0x00, 0x00,
    0x00, 0x00, 0x00, 0x00, 0x00, 0x00, 0x00, 0x00, 0x00, 0x00, 0x00, 0x00, 0x00, 0x00, 0x00, 0x00,
    0x00, 0x00, 0x00, 0x00, 0x00, 0x00, 0x00, 0x00, 0x00, 0x00, 0x00, 0x00, 0x00, 0x00, 0x00, 0x00,
    0x00, 0x00, 0x00, 0x00, 0x00, 0x00, 0x00, 0x00, 0x00, 0x00, 0x00, 0x00, 0x00, 0x00, 0x00, 0x00,
    0x00, 0x00, 0x00, 0x00, 0x00, 0x00, 0x00, 0x00, 0x00, 0x00, 0x00, 0x00, 0x00, 0x00, 0x00, 0x00,
    0x00, 0x00, 0x00, 0x00, 0x00, 0x00, 0x00, 0x00, 0x00, 0x00, 0x00, 0x00, 0x00, 0x00, 0x00, 0x00,
    0x00, 0x00, 0x00, 0x00, 0x00, 0x00, 0x00, 0x00, 0x00, 0x00, 0x00, 0x00, 0x00, 0x00, 0x00, 0x00,
    0x00, 0x00, 0x00, 0x00, 0x00, 0x00, 0x00, 0x00, 0x00, 0x00, 0x00, 0x00, 0x00, 0x00, 0x00, 0x00,
    0x00, 0x00, 0x00, 0x00, 0x00, 0x00, 0x00, 0x00, 0x00, 0x00, 0x00, 0x03, 0xFE, 0x00, 0x00, 0x00,
    0x1F, 0xFF, 0xC0, 0x00, 0x00, 0x7F, 0xFF, 0xE0, 0x00, 0x00, 0xFF, 0xFF, 0xF8, 0x00, 0x01, 0xFF,
    0xFF, 0xFC, 0x00, 0x03, 0xFC, 0x03, 0xFC, 0x00, 0x07, 0xF0, 0x00, 0xFE, 0x00, 0x07, 0xE0, 0x00,
    0x7E, 0x00, 0x0F, 0xE0, 0x00, 0x7F, 0x00, 0x0F, 0xC0, 0x00, 0x3F, 0x00, 0x0F, 0xC0, 0x00, 0x3F,
    0x00, 0x01, 0x80, 0x00, 0x3F, 0x00, 0x00, 0x00, 0x00, 0x3F, 0x00, 0x00, 0x00, 0x00, 0x3F, 0x00,
    0x00, 0x00, 0x00, 0x3E, 0x00, 0x00, 0x00, 0x00, 0x7E, 0x00, 0x00, 0x00, 0x00, 0x7E, 0x00, 0x00,
    0x00, 0x00, 0x7C, 0x00, 0x00, 0x00, 0x00, 0xFC, 0x00, 0x00, 0x00, 0x01, 0xF8, 0x00, 0x00, 0x00,
    0x01, 0xF8, 0x00, 0x00, 0x00, 0x03, 0xF0, 0x00, 0x00, 0x00, 0x07, 0xE0, 0x00, 0x00, 0x00, 0x0F,
    0xE0, 0x00, 0x00, 0x00, 0x1F, 0xC0, 0x00, 0x00, 0x00, 0x3F, 0x80, 0x00, 0x00, 0x00, 0x7F, 0x00,
    0x00, 0x00, 0x00, 0xFE, 0x00, 0x00, 0x00, 0x01, 0xFC, 0x00, 0x00, 0x00, 0x03, 0xF8, 0x00, 0x00,
    0x00, 0x0F, 0xE0, 0x00, 0x00, 0x00, 0x1F, 0xC0, 0x00, 0x00, 0x00, 0x3F, 0x80, 0x00, 0x00, 0x00,
    0x7F, 0x00, 0x00, 0x00, 0x01, 0xFE, 0x00, 0x00, 0x00, 0x03, 0xF8, 0x00, 0x00, 0x00, 0x07, 0xF0,
    0x00, 0x00, 0x00, 0x1F, 0xE0, 0x00, 0x00, 0x00, 0x3F, 0xFF, 0xFF, 0xFF, 0x80, 0x3F, 0xFF, 0xFF,
    0xFF, 0x80, 0x3F, 0xFF, 0xFF, 0xFF, 0x80, 0x3F, 0xFF, 0xFF, 0xFF, 0x80, 0x3F, 0xFF, 0xFF, 0xFF,
    0x80, 0x00, 0x00, 0x00, 0x00, 0x00, 0x00, 0x00, 0x00, 0x00, 0x00, 0x00, 0x00, 0x00, 0x00, 0x00,
    0x00, 0x00, 0x00, 0x00, 0x00, 0x00, 0x00, 0x00, 0x00, 0x00, 0x00, 0x00, 0x00, 0x00, 0x00, 0x00,
    0x00, 0x00, 0x00, 0x00, 0x00, 0x00, 0x00, 0x00, 0x00, 0x00, 0x00, 0x00, 0x00, 0x00, 0x00, 0x00,
    0x00, 0x00, 0x00, 0x00, 0x00, 0x00, 0x00, 0x00, 0x00, 0x00, 0x00, 0x00, 0x00, 0x00, 0x00, 0x00,
    0x00, 0x00, 0x00, 0x00, 0x00, 0x00, 0x00, 0x00, 0x00, 0x00, 0x00, 0x00, 0x00, 0x00, 0x00, 0x00,
    0x00, 0x00, 0x00, 0x00, 0x00, 0x00, 0x00, 0x00, 0x00, 0x00, 0x00, 0x00, 0x00, 0x00, 0x00, 0x00,
    0x00, 0x00, 0x00, 0x00, 0x00, 0x00, 0x00, 0x00, 0x00, 0x00, 0x00, 0x00, 0x00, 0x00, 0x00, 0x00,
    0x00, 0x00, 0x00, 0x00, 0x00, 0x00, 0x00, 0x00, 0x00, 0x00, 0x00, 0x00, 0x00, 0x00, 0x00, 0x00,
    0x00, 0x00, 0x00, 0x00, 0x00, 0x00, 0x00, 0x00, 0x00, 0x00, 0x00, 0x00, 0x00, 0x00, 0x00, 0x00,
    0x00, 0x00, 0x00, 0x00, 0x00, 0x00, 0x00, 0x00, 0x00, 0x00, 0x00, 0x00, 0x00, 0x00, 0x00, 0x00,
    0x00, 0x00, 0x00, 0x00, 0x00, 0x00, 0x00, 0x00, 0x00, 0x00, 0x00, 0x00, 0x00, 0x00, 0x00, 0x00,
    0x00, 0x00, 0x00, 0x00, 0x00, 0x00, 0x00, 0x00, 0x00, 0x00, 0x00, 0x07, 0xFE, 0x00, 0x00, 0x00,
    0x3F, 0xFF, 0xC0, 0x00, 0x00, 0x7F, 0xFF, 0xF0, 0x00, 0x01, 0xFF, 0xFF, 0xF8, 0x00, 0x03, 0xFF,
    0xFF, 0xFC, 0x00, 0x03, 0xFC, 0x03, 0xFC, 0x00, 0x07, 0xF0, 0x00, 0xFE, 0x00, 0x0F, 0xE0, 0x00,
    0x7E, 0x00, 0x0F, 0xC0, 0x00, 0x7F, 0x00, 0x0F, 0x80, 0x00, 0x3F, 0x00, 0x0F, 0x80, 0x00, 0x3F,
    0x00, 0x00, 0x00, 0x00, 0x3F, 0x00, 0x00, 0x00, 0x00, 0x3F, 0x00, 0x00, 0x00, 0x00, 0x3E, 0x00,
    0x00, 0x00, 0x00, 0x7E, 0x00, 0x00, 0x00, 0x00, 0x7E, 0x00, 0x00, 0x00, 0x01, 0xFC, 0x00, 0x00,
    0x00, 0x07, 0xF8, 0x00, 0x00, 0x03, 0xFF, 0xF0, 0x00, 0x00, 0x03, 0xFF, 0xE0, 0x00, 0x00, 0x03,
    0xFF, 0x80, 0x00, 0x00, 0x03, 0xFF, 0xE0, 0x00, 0x00, 0x03, 0xFF, 0xF8, 0x00, 0x00, 0x00, 0x0F,
    0xFC, 0x00, 0x00, 0x00, 0x01, 0xFE, 0x00, 0x00, 0x00, 0x00, 0x7F, 0x00, 0x00, 0x00, 0x00, 0x3F,
    0x00, 0x00, 0x00, 0x00, 0x3F, 0x00, 0x00, 0x00, 0x00, 0x1F, 0x80, 0x00, 0x00, 0x00, 0x1F, 0x80,
    0x00, 0x00, 0x00, 0x1F, 0x80, 0x00, 0x00, 0x00, 0x1F, 0x80, 0x03, 0x00, 0x00, 0x1F, 0x80, 0x1F,
    0x80, 0x00, 0x1F, 0x80, 0x1F, 0x80, 0x00, 0x3F, 0x80, 0x1F, 0xC0, 0x00, 0x3F, 0x00, 0x0F, 0xC0,
    0x00, 0x7F, 0x00, 0x0F, 0xE0, 0x00, 0xFE, 0x00, 0x07, 0xF8, 0x03, 0xFE, 0x00, 0x03, 0xFF, 0xFF,
    0xFC, 0x00, 0x01, 0xFF, 0xFF, 0xF8, 0x00, 0x00, 0xFF, 0xFF, 0xE0, 0x00, 0x00, 0x3F, 0xFF, 0x80,
    0x00, 0x00, 0x07, 0xFC, 0x00, 0x00, 0x00, 0x00, 0x00, 0x00, 0x00, 0x00, 0x00, 0x00, 0x00, 0x00,
    0x00, 0x00, 0x00, 0x00, 0x00, 0x00, 0x00, 0x00, 0x00, 0x00, 0x00, 0x00, 0x00, 0x00, 0x00, 0x00,
    0x00, 0x00, 0x00, 0x00, 0x00, 0x00, 0x00, 0x00, 0x00, 0x00, 0x00, 0x00, 0x00, 0x00, 0x00, 0x00,
    0x00, 0x00, 0x00, 0x00, 0x00, 0x00, 0x00, 0x00, 0x00, 0x00, 0x00, 0x00, 0x00, 0x00, 0x00, 0x00,
    0x00, 0x00, 0x00, 0x00, 0x00, 0x00, 0x00, 0x00, 0x00, 0x00, 0x00, 0x00, 0x00, 0x00, 0x00, 0x00,
    0x00, 0x00, 0x00, 0x00, 0x00, 0x00, 0x00, 0x00, 0x00, 0x00, 0x00, 0x00, 0x00, 0x00, 0x00, 0x00,
    0x00, 0x00, 0x00, 0x00, 0x00, 0x00, 0x00, 0x00, 0x00, 0x00, 0x00, 0x00, 0x00, 0x00, 0x00, 0x00,
    0x00, 0x00, 0x00, 0x00, 0x00, 0x00, 0x00, 0x00, 0x00, 0x00, 0x00, 0x00, 0x00, 0x00, 0x00, 0x00,
    0x00, 0x00, 0x00, 0x00, 0x00, 0x00, 0x00, 0x00, 0x00, 0x00, 0x00, 0x00, 0x00, 0x00, 0x00, 0x00,
    0x00, 0x00, 0x00, 0x00, 0x00, 0x00, 0x00, 0x00, 0x00, 0x00, 0x00, 0x00, 0x00, 0x00, 0x00, 0x00,
    0x00, 0x00, 0x00, 0x00, 0x00, 0x00, 0x00, 0x00, 0x00, 0x00, 0x00, 0x00, 0x00, 0x00, 0x00, 0x00,
    0x00, 0x00, 0x00, 0x00, 0x00, 0x00, 0x00, 0x00, 0x00, 0x00, 0x00, 0x00, 0x00, 0x00, 0x00, 0x00,
    0x00, 0x01, 0xF8, 0x00, 0x00, 0x00, 0x03, 0xF8, 0x00, 0x00, 0x00, 0x03, 0xF8, 0x00, 0x00, 0x00,
    0x07, 0xF8, 0x00, 0x00, 0x00, 0x0F, 0xF8, 0x00, 0x00, 0x00, 0x1F, 0xF8, 0x00, 0x00, 0x00, 0x1F,
    0xF8, 0x00, 0x00, 0x00, 0x3F, 0xF8, 0x00, 0x00, 0x00, 0x7E, 0xF8, 0x00, 0x00, 0x00, 0xFC, 0xF8,
    0x00, 0x00, 0x01, 0xF8, 0xF8, 0x00, 0x00, 0x01, 0xF8, 0xF8, 0x00, 0x00, 0x03, 0xF0, 0xF8, 0x00,
    0x00, 0x07, 0xE0, 0xF8, 0x00, 0x00, 0x0F, 0xC0, 0xF8, 0x00, 0x00, 0x0F, 0xC0, 0xF8, 0x00, 0x00,
    0x1F, 0x80, 0xF8, 0x00, 0x00, 0x3F, 0x00, 0xF8, 0x00, 0x00, 0x7E, 0x00, 0xF8, 0x00, 0x00, 0xFC,
    0x00, 0xF8, 0x00, 0x00, 0xFC, 0x00, 0xF8, 0x00, 0x01, 0xF8, 0x00, 0xF8, 0x00, 0x03, 0xF0, 0x00,
    0xF8, 0x00, 0x07, 0xE0, 0x00, 0xF8, 0x00, 0x07, 0xC0, 0x00, 0xF8, 0x00, 0x0F, 0xC0, 0x00, 0xF8,
    0x00, 0x1F, 0x80, 0x00, 0xF8, 0x00, 0x3F, 0xFF, 0xFF, 0xFF, 0xF8, 0x3F, 0xFF, 0xFF, 0xFF, 0xF8,
    0x3F, 0xFF, 0xFF, 0xFF, 0xF8, 0x3F, 0xFF, 0xFF, 0xFF, 0xF8, 0x3F, 0xFF, 0xFF, 0xFF, 0xF8, 0x00,
    0x00, 0x00, 0xF8, 0x00, 0x00, 0x00, 0x00, 0xF8, 0x00, 0x00, 0x00, 0x00, 0xF8, 0x00, 0x00, 0x00,
    0x00, 0xF8, 0x00, 0x00, 0x00, 0x00, 0xF8, 0x00, 0x00, 0x00, 0x00, 0xF8, 0x00, 0x00, 0x00, 0x00,
    0xF8, 0x00, 0x00, 0x00, 0x00, 0xF8, 0x00, 0x00, 0x00, 0x00, 0xF8, 0x00, 0x00, 0x00, 0x00, 0xF8,
    0x00, 0x00, 0x00, 0x00, 0x00, 0x00, 0x00, 0x00, 0x00, 0x00, 0x00, 0x00, 0x00, 0x00, 0x00, 0x00,
    0x00, 0x00, 0x00, 0x00, 0x00, 0x00, 0x00, 0x00, 0x00, 0x00, 0x00, 0x00, 0x00, 0x00, 0x00, 0x00,
    0x00, 0x00, 0x00, 0x00, 0x00, 0x00, 0x00, 0x00, 0x00, 0x00, 0x00, 0x00, 0x00, 0x00, 0x00, 0x00,
    0x00, 0x00, 0x00, 0x00, 0x00, 0x00, 0x00, 0x00, 0x00, 0x00, 0x00, 0x00, 0x00, 0x00, 0x00, 0x00,
    0x00, 0x00, 0x00, 0x00, 0x00, 0x00, 0x00, 0x00, 0x00, 0x00, 0x00, 0x00, 0x00, 0x00, 0x00, 0x00,
    0x00, 0x00, 0x00, 0x00, 0x00, 0x00, 0x00, 0x00, 0x00, 0x00, 0x00, 0x00, 0x00, 0x00, 0x00, 0x00,
    0x00, 0x00, 0x00, 0x00, 0x00, 0x00, 0x00, 0x00, 0x00, 0x00, 0x00, 0x00, 0x00, 0x00, 0x00, 0x00,
    0x00, 0x00, 0x00, 0x00, 0x00, 0x00, 0x00, 0x00, 0x00, 0x00, 0x00, 0x00, 0x00, 0x00, 0x00, 0x00,
    0x00, 0x00, 0x00, 0x00, 0x00, 0x00, 0x00, 0x00, 0x00, 0x00, 0x00, 0x00, 0x00, 0x00, 0x00, 0x00,
    0x00, 0x00, 0x00, 0x00, 0x00, 0x00, 0x00, 0x00, 0x00, 0x00, 0x00, 0x00, 0x00, 0x00, 0x00, 0x00,
    0x00, 0x00, 0x00, 0x00, 0x00, 0x00, 0x00, 0x00, 0x00, 0x00, 0x00, 0x00, 0x00, 0x00, 0x00, 0x00,
    0x00, 0x00, 0x00, 0x00, 0x00, 0x00, 0x00, 0x00, 0x00, 0x00, 0x00, 0x00, 0x00, 0x00, 0x00, 0x01,
    0xFF, 0xFF, 0xFF, 0x00, 0x01, 0xFF, 0xFF, 0xFF, 0x00, 0x01, 0xFF, 0xFF, 0xFF, 0x00, 0x01, 0xFF,
    0xFF, 0xFF, 0x00, 0x01, 0xFF, 0xFF, 0xFF, 0x00, 0x01, 0xF0, 0x00, 0x00, 0x00, 0x03, 0xE0, 0x00,
    0x00, 0x00, 0x03, 0xE0, 0x00, 0x00, 0x00, 0x03, 0xE0, 0x00, 0x00, 0x00, 0x03, 0xE0, 0x00, 0x00,
    0x00, 0x03, 0xE0, 0x00, 0x00, 0x00, 0x03, 0xE0, 0x00, 0x00, 0x00, 0x03, 0xE0, 0x00, 0x00, 0x00,
    0x03, 0xE0, 0x7C, 0x00, 0x00, 0x07, 0xC7, 0xFF, 0x80, 0x00, 0x07, 0xDF, 0xFF, 0xE0, 0x00, 0x07,
    0xFF, 0xFF, 0xF0, 0x00, 0x07, 0xFF, 0xFF, 0xF8, 0x00, 0x07, 0xFE, 0x07, 0xFC, 0x00, 0x07, 0xF8,
    0x01, 0xFE, 0x00, 0x07, 0xF0, 0x00, 0x7F, 0x00, 0x07, 0xE0, 0x00, 0x3F, 0x00, 0x00, 0xC0, 0x00,
    0x3F, 0x80, 0x00, 0x00, 0x00, 0x1F, 0x80, 0x00, 0x00, 0x00, 0x1F, 0x80, 0x00, 0x00, 0x00, 0x1F,
    0x80, 0x00, 0x00, 0x00, 0x0F, 0x80, 0x00, 0x00, 0x00, 0x0F, 0x80, 0x00, 0x00, 0x00, 0x0F, 0x80,
    0x00, 0x00, 0x00, 0x0F, 0x80, 0x00, 0x00, 0x00, 0x1F, 0x80, 0x01, 0x80, 0x00, 0x1F, 0x80, 0x0F,
    0x80, 0x00, 0x1F, 0x80, 0x0F, 0xC0, 0x00, 0x3F, 0x80, 0x0F, 0xC0, 0x00, 0x3F, 0x00, 0x07, 0xE0,
    0x00, 0x7F, 0x00, 0x07, 0xF0, 0x00, 0xFE, 0x00, 0x03, 0xFC, 0x03, 0xFC, 0x00, 0x01, 0xFF, 0xFF,
    0xF8, 0x00, 0x00, 0xFF, 0xFF, 0xF0, 0x00, 0x00, 0x7F, 0xFF, 0xE0, 0x00, 0x00, 0x1F, 0xFF, 0x80,
    0x00, 0x00, 0x07, 0xFC, 0x00, 0x00, 0x00, 0x00, 0x00, 0x00, 0x00, 0x00, 0x00, 0x00, 0x00, 0x00,
    0x00, 0x00, 0x00, 0x00, 0x00, 0x00, 0x00, 0x00, 0x00, 0x00, 0x00, 0x00, 0x00, 0x00, 0x00, 0x00,
    0x00, 0x00, 0x00, 0x00, 0x00, 0x00, 0x00, 0x00, 0x00, 0x00, 0x00, 0x00, 0x00, 0x00, 0x00, 0x00,
    0x00, 0x00, 0x00, 0x00, 0x00, 0x00, 0x00, 0x00, 0x00, 0x00, 0x00, 0x00, 0x00, 0x00, 0x00, 0x00,
    0x00, 0x00, 0x00, 0x00, 0x00, 0x00, 0x00, 0x00, 0x00, 0x00, 0x00, 0x00, 0x00, 0x00, 0x00, 0x00,
    0x00, 0x00, 0x00, 0x00, 0x00, 0x00, 0x00, 0x00, 0x00, 0x00, 0x00, 0x00, 0x00, 0x00, 0x00, 0x00,
    0x00, 0x00, 0x00, 0x00, 0x00, 0x00, 0x00, 0x00, 0x00, 0x00, 0x00, 0x00, 0x00, 0x00, 0x00, 0x00,
    0x00, 0x00, 0x00, 0x00, 0x00, 0x00, 0x00, 0x00, 0x00, 0x00, 0x00, 0x00, 0x00, 0x00, 0x00, 0x00,
    0x00, 0x00, 0x00, 0x00, 0x00, 0x00, 0x00, 0x00, 0x00, 0x00, 0x00, 0x00, 0x00, 0x00, 0x00, 0x00,
    0x00, 0x00, 0x00, 0x00, 0x00, 0x00, 0x00, 0x00, 0x00, 0x00, 0x00, 0x00, 0x00, 0x00, 0x00, 0x00,
    0x00, 0x00, 0x00, 0x00, 0x00, 0x00, 0x00, 0x00, 0x00, 0x00, 0x00, 0x00, 0x00, 0x00, 0x00, 0x00,
    0x00, 0x00, 0x00, 0x00, 0x00, 0x00, 0x00, 0x00, 0x00, 0x00, 0x00, 0x00, 0xFF, 0x80, 0x00, 0x00,
    0x03, 0xFF, 0xE0, 0x00, 0x00, 0x0F, 0xFF, 0xF8, 0x00, 0x00, 0x1F, 0xFF, 0xFC, 0x00, 0x00, 0x3F,
    0xFF, 0xFE, 0x00, 0x00, 0x7F, 0x00, 0xFF, 0x00, 0x00, 0xFE, 0x00, 0x7F, 0x00, 0x01, 0xFC, 0x00,
    0x3E, 0x00, 0x01, 0xF8, 0x00, 0x10, 0x00, 0x03, 0xF0, 0x00, 0x00, 0x00, 0x03, 0xF0, 0x00, 0x00,
    0x00, 0x03, 0xE0, 0x00, 0x00, 0x00, 0x07, 0xE0, 0x00, 0x00, 0x00, 0x07, 0xE0, 0x00, 0x00, 0x00,
    0x07, 0xC0, 0x00, 0x00, 0x00, 0x07, 0xC0, 0xFF, 0x80, 0x00, 0x0F, 0xC3, 0xFF, 0xE0, 0x00, 0x0F,
    0xC7, 0xFF, 0xF8, 0x00, 0x0F, 0xDF, 0xFF, 0xFC, 0x00, 0x0F, 0xFF, 0xFF, 0xFE, 0x00, 0x0F, 0xFE,
    0x01, 0xFF, 0x00, 0x0F, 0xFC, 0x00, 0x7F, 0x00, 0x0F, 0xF8, 0x00, 0x3F, 0x80, 0x0F, 0xF0, 0x00,
    0x1F, 0x80, 0x0F, 0xE0, 0x00, 0x1F, 0xC0, 0x0F, 0xE0, 0x00, 0x0F, 0xC0, 0x0F, 0xC0, 0x00, 0x0F,
    0xC0, 0x0F, 0xC0, 0x00, 0x0F, 0xC0, 0x0F, 0xC0, 0x00, 0x07, 0xC0, 0x0F, 0xC0, 0x00, 0x07, 0xC0,
    0x0F, 0xC0, 0x00, 0x07, 0xC0, 0x07, 0xC0, 0x00, 0x0F, 0xC0, 0x07, 0xC0, 0x00, 0x0F, 0xC0, 0x07,
    0xE0, 0x00, 0x0F, 0xC0, 0x07, 0xE0, 0x00, 0x1F, 0xC0, 0x03, 0xF0, 0x00, 0x1F, 0x80, 0x03, 0xF8,
    0x00, 0x3F, 0x80, 0x01, 0xFC, 0x00, 0x7F, 0x00, 0x01, 0xFE, 0x01, 0xFE, 0x00, 0x00, 0xFF, 0xFF,
    0xFE, 0x00, 0x00, 0x7F, 0xFF, 0xF8, 0x00, 0x00, 0x3F, 0xFF, 0xF0, 0x00, 0x00, 0x0F, 0xFF, 0xC0,
    0x00, 0x00, 0x01, 0xFF, 0x00, 0x00, 0x00, 0x00, 0x00, 0x00, 0x00, 0x00, 0x00, 0x00, 0x00, 0x00,
    0x00, 0x00, 0x00, 0x00, 0x00, 0x00, 0x00, 0x00, 0x00, 0x00, 0x00, 0x00, 0x00, 0x00, 0x00, 0x00,
    0x00, 0x00, 0x00, 0x00, 0x00, 0x00, 0x00, 0x00, 0x00, 0x00, 0x00, 0x00, 0x00, 0x00, 0x00, 0x00,
    0x00, 0x00, 0x00, 0x00, 0x00, 0x00, 0x00, 0x00, 0x00, 0x00, 0x00, 0x00, 0x00, 0x00, 0x00, 0x00,
    0x00, 0x00, 0x00, 0x00, 0x00, 0x00, 0x00, 0x00, 0x00, 0x00, 0x00, 0x00, 0x00, 0x00, 0x00, 0x00,
    0x00, 0x00, 0x00, 0x00, 0x00, 0x00, 0x00, 0x00, 0x00, 0x00, 0x00, 0x00, 0x00, 0x00, 0x00, 0x00,
    0x00, 0x00, 0x00, 0x00, 0x00, 0x00, 0x00, 0x00, 0x00, 0x00, 0x00, 0x00, 0x00, 0x00, 0x00, 0x00,
    0x00, 0x00, 0x00, 0x00, 0x00, 0x00, 0x00, 0x00, 0x00, 0x00, 0x00, 0x00, 0x00, 0x00, 0x00, 0x00,
    0x00, 0x00, 0x00, 0x00, 0x00, 0x00, 0x00, 0x00, 0x00, 0x00, 0x00, 0x00, 0x00, 0x00, 0x00, 0x00,
    0x00, 0x00, 0x00, 0x00, 0x00, 0x00, 0x00, 0x00, 0x00, 0x00, 0x00, 0x00, 0x00, 0x00, 0x00, 0x00,
    0x00, 0x00, 0x00, 0x00, 0x00, 0x00, 0x00, 0x00, 0x00, 0x00, 0x00, 0x00, 0x00, 0x00, 0x00, 0x00,
    0x00, 0x00, 0x00, 0x00, 0x00, 0x00, 0x00, 0x00, 0x00, 0x00, 0x00, 0x00, 0x00, 0x00, 0x00, 0x7F,
    0xFF, 0xFF, 0xFE, 0x00, 0x7F, 0xFF, 0xFF, 0xFE, 0x00, 0x7F, 0xFF, 0xFF, 0xFE, 0x00, 0x7F, 0xFF,
    0xFF, 0xFE, 0x00, 0x7F, 0xFF, 0xFF, 0xFC, 0x00, 0x00, 0x00, 0x00, 0xFC, 0x00, 0x00, 0x00, 0x00,
    0xFC, 0x00, 0x00, 0x00, 0x01, 0xF8, 0x00, 0x00, 0x00, 0x01, 0xF8, 0x00, 0x00, 0x00, 0x03, 0xF0,
    0x00, 0x00, 0x00, 0x03, 0xF0, 0x00, 0x00, 0x00, 0x07, 0xE0, 0x00, 0x00, 0x00, 0x07, 0xE0, 0x00,
    0x00, 0x00, 0x0F, 0xC0, 0x00, 0x00, 0x00, 0x0F, 0xC0, 0x00, 0x00, 0x00, 0x1F, 0x80, 0x00, 0x00,
    0x00, 0x1F, 0x80, 0x00, 0x00, 0x00, 0x3F, 0x00, 0x00, 0x00, 0x00, 0x3F, 0x00, 0x00, 0x00, 0x00,
    0x7E, 0x00, 0x00, 0x00, 0x00, 0x7E, 0x00, 0x00, 0x00, 0x00, 0xFC, 0x00, 0x00, 0x00, 0x00, 0xFC,
    0x00, 0x00, 0x00, 0x01, 0xFC, 0x00, 0x00, 0x00, 0x01, 0xF8, 0x00, 0x00, 0x00, 0x03, 0xF8, 0x00,
    0x00, 0x00, 0x03, 0xF0, 0x00, 0x00, 0x00, 0x07, 0xF0, 0x00, 0x00, 0x00, 0x07, 0xE0, 0x00, 0x00,
    0x00, 0x0F, 0xE0, 0x00, 0x00, 0x00, 0x0F, 0xC0, 0x00, 0x00, 0x00, 0x1F, 0xC0, 0x00, 0x00, 0x00,
    0x1F, 0x80, 0x00, 0x00, 0x00, 0x3F, 0x80, 0x00, 0x00, 0x00, 0x3F, 0x00, 0x00, 0x00, 0x00, 0x7F,
    0x00, 0x00, 0x00, 0x00, 0x7E, 0x00, 0x00, 0x00, 0x00, 0xFE, 0x00, 0x00, 0x00, 0x00, 0xFC, 0x00,
    0x00, 0x00, 0x01, 0xFC, 0x00, 0x00, 0x00, 0x01, 0xF8, 0x00, 0x00, 0x00, 0x03, 0xF8, 0x00, 0x00,
    0x00, 0x00, 0x00, 0x00, 0x00, 0x00, 0x00, 0x00, 0x00, 0x00, 0x00, 0x00, 0x00, 0x00, 0x00, 0x00,
    0x00, 0x00, 0x00, 0x00, 0x00, 0x00, 0x00, 0x00, 0x00, 0x00, 0x00, 0x00, 0x00, 0x00, 0x00, 0x00,
    0x00, 0x00, 0x00, 0x00, 0x00, 0x00, 0x00, 0x00, 0x00, 0x00, 0x00, 0x00, 0x00, 0x00, 0x00, 0x00,
    0x00, 0x00, 0x00, 0x00, 0x00, 0x00, 0x00, 0x00, 0x00, 0x00, 0x00, 0x00, 0x00, 0x00, 0x00, 0x00,
    0x00, 0x00, 0x00, 0x00, 0x00, 0x00, 0x00, 0x00, 0x00, 0x00, 0x00, 0x00, 0x00, 0x00, 0x00, 0x00,
    0x00, 0x00, 0x00, 0x00, 0x00, 0x00, 0x00, 0x00, 0x00, 0x00, 0x00, 0x00, 0x00, 0x00, 0x00, 0x00,
    0x00, 0x00, 0x00, 0x00, 0x00, 0x00, 0x00, 0x00, 0x00, 0x00, 0x00, 0x00, 0x00, 0x00, 0x00, 0x00,
    0x00, 0x00, 0x00, 0x00, 0x00, 0x00, 0x00, 0x00, 0x00, 0x00, 0x00, 0x00, 0x00, 0x00, 0x00, 0x00,
    0x00, 0x00, 0x00, 0x00, 0x00, 0x00, 0x00, 0x00, 0x00, 0x00, 0x00, 0x00, 0x00, 0x00, 0x00, 0x00,
    0x00, 0x00, 0x00, 0x00, 0x00, 0x00, 0x00, 0x00, 0x00, 0x00, 0x00, 0x00, 0x00, 0x00, 0x00, 0x00,
    0x00, 0x00, 0x00, 0x00, 0x00, 0x00, 0x00, 0x00, 0x00, 0x00, 0x00, 0x00, 0x00, 0x00, 0x00, 0x00,
    0x00, 0x00, 0x00, 0x00, 0x00, 0x00, 0x00, 0x00, 0x00, 0x00, 0x00, 0x00, 0xFE, 0x00, 0x00, 0x00,
    0x03, 0xFF, 0x80, 0x00, 0x00, 0x0F, 0xFF, 0xE0, 0x00, 0x00, 0x1F, 0xFF, 0xF0, 0x00, 0x00, 0x3F,
    0xFF, 0xF8, 0x00, 0x00, 0x3F, 0x81, 0xFC, 0x00, 0x00, 0x7E, 0x00, 0xFC, 0x00, 0x00, 0x7C, 0x00,
    0x7E, 0x00, 0x00, 0xFC, 0x00, 0x3E, 0x00, 0x00, 0xF8, 0x00, 0x3E, 0x00, 0x00, 0xF8, 0x00, 0x3E,
    0x00, 0x00, 0xF8, 0x00, 0x3E, 0x00, 0x00, 0xF8, 0x00, 0x3E, 0x00, 0x00, 0xF8, 0x00, 0x3E, 0x00,
    0x00, 0xFC, 0x00, 0x3E, 0x00, 0x00, 0x7C, 0x00, 0x7E, 0x00, 0x00, 0x7E, 0x00, 0xFC, 0x00, 0x00,
    0x3F, 0x81, 0xFC, 0x00, 0x00, 0x3F, 0xFF, 0xF8, 0x00, 0x00, 0x1F, 0xFF, 0xF0, 0x00, 0x00, 0x3F,
    0xFF, 0xF8, 0x00, 0x00, 0x7F, 0xFF, 0xFE, 0x00, 0x00, 0xFF, 0xFF, 0xFF, 0x00, 0x01, 0xFF, 0x01,
    0xFF, 0x80, 0x03, 0xFC, 0x00, 0x3F, 0xC0, 0x07, 0xF0, 0x00, 0x1F, 0xC0, 0x07, 0xE0, 0x00, 0x0F,
    0xE0, 0x0F, 0xE0, 0x00, 0x07, 0xE0, 0x0F, 0xC0, 0x00, 0x07, 0xE0, 0x0F, 0xC0, 0x00, 0x07, 0xE0,
    0x0F, 0xC0, 0x00, 0x03, 0xE0, 0x0F, 0xC0, 0x00, 0x03, 0xF0, 0x0F, 0xC0, 0x00, 0x03, 0xE0, 0x0F,
    0xC0, 0x00, 0x07, 0xE0, 0x0F, 0xC0, 0x00, 0x07, 0xE0, 0x07, 0xE0, 0x00, 0x0F, 0xE0, 0x07, 0xF0,
    0x00, 0x0F, 0xC0, 0x03, 0xF8, 0x00, 0x3F, 0xC0, 0x03, 0xFE, 0x00, 0xFF, 0x80, 0x01, 0xFF, 0xFF,
    0xFF, 0x00, 0x00, 0xFF, 0xFF, 0xFE, 0x00, 0x00, 0x3F, 0xFF, 0xFC, 0x00, 0x00, 0x0F, 0xFF, 0xF0,
    0x00, 0x00, 0x01, 0xFF, 0x80, 0x00, 0x00, 0x00, 0x00, 0x00, 0x00, 0x00, 0x00, 0x00, 0x00, 0x00,
    0x00, 0x00, 0x00, 0x00, 0x00, 0x00, 0x00, 0x00, 0x00, 0x00, 0x00, 0x00, 0x00, 0x00, 0x00, 0x00,
    0x00, 0x00, 0x00, 0x00, 0x00, 0x00, 0x00, 0x00, 0x00, 0x00, 0x00, 0x00, 0x00, 0x00, 0x00, 0x00,
    0x00, 0x00, 0x00, 0x00, 0x00, 0x00, 0x00, 0x00, 0x00, 0x00, 0x00, 0x00, 0x00, 0x00, 0x00, 0x00,
    0x00, 0x00, 0x00, 0x00, 0x00, 0x00, 0x00, 0x00, 0x00, 0x00, 0x00, 0x00, 0x00, 0x00, 0x00, 0x00,
    0x00, 0x00, 0x00, 0x00, 0x00, 0x00, 0x00, 0x00, 0x00, 0x00, 0x00, 0x00, 0x00, 0x00, 0x00, 0x00,
    0x00, 0x00, 0x00, 0x00, 0x00, 0x00, 0x00, 0x00, 0x00, 0x00, 0x00, 0x00, 0x00, 0x00, 0x00, 0x00,
    0x00, 0x00, 0x00, 0x00, 0x00, 0x00, 0x00, 0x00, 0x00, 0x00, 0x00, 0x00, 0x00, 0x00, 0x00, 0x00,
    0x00, 0x00, 0x00, 0x00, 0x00, 0x00, 0x00, 0x00, 0x00, 0x00, 0x00, 0x00, 0x00, 0x00, 0x00, 0x00,
    0x00, 0x00, 0x00, 0x00, 0x00, 0x00, 0x00, 0x00, 0x00, 0x00, 0x00, 0x00, 0x00, 0x00, 0x00, 0x00,
    0x00, 0x00, 0x00, 0x00, 0x00, 0x00, 0x00, 0x00, 0x00, 0x00, 0x00, 0x00, 0x00, 0x00, 0x00, 0x00,
    0x00, 0x00, 0x00, 0x00, 0x00, 0x00, 0x00, 0x00, 0x00, 0x00, 0x00, 0x01, 0xFE, 0x00, 0x00, 0x00,
    0x0F, 0xFF, 0xC0, 0x00, 0x00, 0x1F, 0xFF, 0xF0, 0x00, 0x00, 0x7F, 0xFF, 0xF8, 0x00, 0x00, 0xFF,
    0xFF, 0xFC, 0x00, 0x01, 0xFF, 0x03, 0xFE, 0x00, 0x03, 0xFC, 0x00, 0xFF, 0x00, 0x03, 0xF8, 0x00,
    0x3F, 0x00, 0x07, 0xF0, 0x00, 0x1F, 0x80, 0x07, 0xE0, 0x00, 0x1F, 0x80, 0x0F, 0xC0, 0x00, 0x0F,
    0xC0, 0x0F, 0xC0, 0x00, 0x0F, 0xC0, 0x0F, 0xC0, 0x00, 0x07, 0xC0, 0x0F, 0x80, 0x00, 0x07, 0xC0,
    0x0F, 0x80, 0x00, 0x07, 0xC0, 0x0F, 0x80, 0x00, 0x07, 0xC0, 0x0F, 0x80, 0x00, 0x07, 0xC0, 0x0F,
    0xC0, 0x00, 0x07, 0xC0, 0x0F, 0xC0, 0x00, 0x0F, 0xC0, 0x07, 0xC0, 0x00, 0x0F, 0xC0, 0x07, 0xE0,
    0x00, 0x1F, 0x80, 0x07, 0xF0, 0x00, 0x1F, 0x80, 0x03, 0xF8, 0x00, 0x3F, 0x80, 0x01, 0xFC, 0x00,
    0xFF, 0x00, 0x01, 0xFF, 0x03, 0xFF, 0x00, 0x00, 0xFF, 0xFF, 0xFE, 0x00, 0x00, 0x7F, 0xFF, 0xFC,
    0x00, 0x00, 0x1F, 0xFF, 0xFC, 0x00, 0x00, 0x0F, 0xFF, 0xF8, 0x00, 0x00, 0x01, 0xFF, 0xF8, 0x00,
    0x00, 0x00, 0x03, 0xF0, 0x00, 0x00, 0x00, 0x07, 0xF0, 0x00, 0x00, 0x00, 0x07, 0xE0, 0x00, 0x00,
    0x00, 0x0F, 0xC0, 0x00, 0x00, 0x00, 0x1F, 0xC0, 0x00, 0x00, 0x00, 0x1F, 0x80, 0x00, 0x00, 0x00,
    0x3F, 0x80, 0x00, 0x00, 0x00, 0x7F, 0x00, 0x00, 0x00, 0x00, 0x7E, 0x00, 0x00, 0x00, 0x00, 0xFE,
    0x00, 0x00, 0x00, 0x01, 0xFC, 0x00, 0x00, 0x00, 0x01, 0xF8, 0x00, 0x00, 0x00, 0x03, 0xF8, 0x00,
    0x00, 0x00, 0x00, 0x00, 0x00, 0x00, 0x00, 0x00, 0x00, 0x00, 0x00, 0x00, 0x00, 0x00, 0x00, 0x00,
    0x00, 0x00, 0x00, 0x00, 0x00, 0x00, 0x00, 0x00, 0x00, 0x00, 0x00, 0x00, 0x00, 0x00, 0x00, 0x00,
    0x00, 0x00, 0x00, 0x00, 0x00, 0x00, 0x00, 0x00, 0x00, 0x00, 0x00, 0x00, 0x00, 0x00, 0x00, 0x00,
    0x00, 0x00, 0x00, 0x00, 0x00, 0x00, 0x00, 0x00, 0x00, 0x00, 0x00, 0x00, 0x00, 0x00, 0x00, 0x00,
    0x00, 0x00, 0x00, 0x00, 0x00, 0x00, 0x00, 0x00, 0x00, 0x00, 0x00, 0x00, 0x00, 0x00, 0x00, 0x00,
    0x00, 0x00, 0x00, 0x00, 0x00, 0x00, 0x00, 0x00, 0x00, 0x00, 0x00, 0x00, 0x00, 0x00, 0x00, 0x00,
    0x00, 0x00, 0x00, 0x00, 0x00, 0x00, 0x00, 0x00, 0x00, 0x00, 0x00, 0x00, 0x00, 0x00, 0x00, 0x00,
    0x00, 0x00, 0x00, 0x00, 0x00, 0x00, 0x00, 0x00, 0x00, 0x00, 0x00, 0x00, 0x00, 0x00, 0x00, 0x00,
    0x00, 0x00, 0x00, 0x00, 0x00, 0x00, 0x00, 0x00, 0x00, 0x00, 0x00, 0x00, 0x00, 0x00, 0x00, 0x00,
    0x00, 0x00, 0x00, 0x00, 0x00, 0x00, 0x00, 0x00, 0x02, 0x00, 0x0F, 0x80, 0x1F, 0xC0, 0x1F, 0xE0,
    0x3F, 0xE0, 0x1F, 0xE0, 0x1F, 0xC0, 0x0F, 0x80, 0x02, 0x00, 0x00, 0x00, 0x00, 0x00, 0x00, 0x00,
    0x00, 0x00, 0x00, 0x00, 0x00, 0x00, 0x00, 0x00, 0x00, 0x00, 0x00, 0x00, 0x00, 0x00, 0x00, 0x00,
    0x00, 0x00, 0x00, 0x00, 0x00, 0x00, 0x00, 0x00, 0x00, 0x00, 0x00, 0x00, 0x07, 0x80, 0x1F, 0xC0,
    0x1F, 0xC0, 0x3F, 0xE0, 0x3F, 0xE0, 0x1F, 0xC0, 0x1F, 0xC0, 0x07, 0x80, 0x00, 0x00, 0x00, 0x00,
    0x00, 0x00, 0x00, 0x00, 0x00, 0x00, 0x00, 0x00, 0x00, 0x00, 0x00, 0x00, 0x00, 0x00, 0x00, 0x00,
    0x00, 0x00, 0x00, 0x00, 0x00, 0x00, 0x00, 0x00, 0x00, 0x00, 0x00, 0x00, 0x00, 0x00, 0x00, 0x00,
    0x00, 0x00, 0x00, 0x00, 0x00, 0x00, 0x00, 0x00, 0x00, 0x00, 0x00, 0x00, 0x00, 0x00, 0x00, 0x00,
    0x00, 0x00, 0x00, 0x00, 0x00, 0x00, 0x00, 0x00, 0x00, 0x00, 0x00, 0x00, 0x00, 0x00, 0x00, 0x00,
    0x00, 0x00, 0x00, 0x00, 0x00, 0x00, 0x00, 0x00, 0x00, 0x00, 0x00, 0x00, 0x00, 0x00, 0x00, 0x00,
    0x00, 0x00, 0x00, 0x00, 0x00, 0x00, 0x00, 0x00, 0x02, 0x00, 0x0F, 0x80, 0x1F, 0xC0, 0x1F, 0xE0,
    0x3F, 0xE0, 0x1F, 0xE0, 0x1F, 0xC0, 0x0F, 0x80, 0x02, 0x00, 0x00, 0x00, 0x00, 0x00, 0x00, 0x00,
    0x00, 0x00, 0x00, 0x00, 0x00, 0x00, 0x00, 0x00, 0x00, 0x00, 0x00, 0x00, 0x00, 0x00, 0x00, 0x00,
    0x00, 0x00, 0x00, 0x00, 0x00, 0x00, 0x00, 0x00, 0x00, 0x00, 0x07, 0x80, 0x1F, 0xC0, 0x1F, 0xC0,
    0x3F, 0xE0, 0x3F, 0xE0, 0x1F, 0xC0, 0x1F, 0xC0, 0x0F, 0xC0, 0x03, 0x80, 0x07, 0x80, 0x07, 0x80,
    0x07, 0x00, 0x0F, 0x00, 0x0E, 0x00, 0x1E, 0x00, 0x1E, 0x00, 0x00, 0x00, 0x00, 0x00, 0x00, 0x00,
    0x00, 0x00, 0x00, 0x00, 0x00, 0x00, 0x00, 0x00, 0x00, 0x00, 0x00, 0x00, 0x00, 0x00, 0x00, 0x00,
    0x00, 0x00, 0x00, 0x00, 0x00, 0x00, 0x00, 0x00, 0x00, 0x00, 0x00, 0x00, 0x00, 0x00, 0x00, 0x00,
    0x00, 0x00, 0x00, 0x00, 0x00, 0x00, 0x00, 0x00, 0x00, 0x00, 0x00, 0x00, 0x00, 0x00, 0x00, 0x00,
    0x00, 0x00, 0x00, 0x00, 0x00, 0x00, 0x00, 0x00, 0x00, 0x00, 0x00, 0x00, 0x00, 0x00, 0x00, 0x00,
    0x00, 0x00, 0x00, 0x00, 0x00, 0x00, 0x00, 0x00, 0x00, 0x00, 0x00, 0x00, 0x00, 0x00, 0x00, 0x00,
    0x00, 0x00, 0x00, 0x00, 0x00, 0x00, 0x00, 0x00, 0x00, 0x00, 0x00, 0x00, 0x00, 0x00, 0x00, 0x00,
    0x00, 0x00, 0x00, 0x00, 0x00, 0x00, 0x00, 0x00, 0x00, 0x00, 0x00, 0x00, 0x00, 0x00, 0x00, 0x00,
    0x00, 0x00, 0x00, 0x00, 0x00, 0x00, 0x00, 0x00, 0x00, 0x00, 0x00, 0x00, 0x00, 0x00, 0x00, 0x00,
    0x00, 0x00, 0x00, 0x00, 0x00, 0x00, 0x00, 0x00, 0x00, 0x00, 0x00, 0x00, 0x00, 0x00, 0x00, 0x00,
    0x00, 0x00, 0x00, 0x00, 0x00, 0x00, 0x00, 0x00, 0x00, 0x00, 0x00, 0x00, 0x00, 0x00, 0x00, 0x00,
    0x00, 0x00, 0x00, 0x00, 0x00, 0x00, 0x00, 0x00, 0x00, 0x03, 0x80, 0x00, 0x00, 0x00, 0x0F, 0x80,
    0x00, 0x00, 0x00, 0x3F, 0x80, 0x00, 0x00, 0x01, 0xFF, 0x80, 0x00, 0x00, 0x07, 0xFF, 0x80, 0x00,
    0x00, 0x1F, 0xFF, 0x00, 0x00, 0x00, 0x7F, 0xF8, 0x00, 0x00, 0x03, 0xFF, 0xE0, 0x00, 0x00, 0x0F,
    0xFF, 0x80, 0x00, 0x00, 0x3F, 0xFC, 0x00, 0x00, 0x00, 0xFF, 0xF0, 0x00, 0x00, 0x03, 0xFF, 0xC0,
    0x00, 0x00, 0x1F, 0xFE, 0x00, 0x00, 0x00, 0x1F, 0xF8, 0x00, 0x00, 0x00, 0x1F, 0xE0, 0x00, 0x00,
    0x00, 0x1F, 0xC0, 0x00, 0x00, 0x00, 0x1F, 0xF8, 0x00, 0x00, 0x00, 0x1F, 0xFE, 0x00, 0x00, 0x00,
    0x07, 0xFF, 0x80, 0x00, 0x00, 0x01, 0xFF, 0xF0, 0x00, 0x00, 0x00, 0x7F, 0xFC, 0x00, 0x00, 0x00,
    0x0F, 0xFF, 0x00, 0x00, 0x00, 0x03, 0xFF, 0xE0, 0x00, 0x00, 0x00, 0xFF, 0xF8, 0x00, 0x00, 0x00,
    0x3F, 0xFE, 0x00, 0x00, 0x00, 0x07, 0xFF, 0x80, 0x00, 0x00, 0x01, 0xFF, 0x80, 0x00, 0x00, 0x00,
    0x7F, 0x80, 0x00, 0x00, 0x00, 0x1F, 0x80, 0x00, 0x00, 0x00, 0x07, 0x80, 0x00, 0x00, 0x00, 0x00,
    0x80, 0x00, 0x00, 0x00, 0x00, 0x00, 0x00, 0x00, 0x00, 0x00, 0x00, 0x00, 0x00, 0x00, 0x00, 0x00,
    0x00, 0x00, 0x00, 0x00, 0x00, 0x00, 0x00, 0x00, 0x00, 0x00, 0x00, 0x00, 0x00, 0x00, 0x00, 0x00,
    0x00, 0x00, 0x00, 0x00, 0x00, 0x00, 0x00, 0x00, 0x00, 0x00, 0x00, 0x00, 0x00, 0x00, 0x00, 0x00,
    0x00, 0x00, 0x00, 0x00, 0x00, 0x00, 0x00, 0x00, 0x00, 0x00, 0x00, 0x00, 0x00, 0x00, 0x00, 0x00,
    0x00, 0x00, 0x00, 0x00, 0x00, 0x00, 0x00, 0x00, 0x00, 0x00, 0x00, 0x00, 0x00, 0x00, 0x00, 0x00,
    0x00, 0x00, 0x00, 0x00, 0x00, 0x00, 0x00, 0x00, 0x00, 0x00, 0x00, 0x00, 0x00, 0x00, 0x00, 0x00,
    0x00, 0x00, 0x00, 0x00, 0x00, 0x00, 0x00, 0x00, 0x00, 0x00, 0x00, 0x00, 0x00, 0x00, 0x00, 0x00,
    0x00, 0x00, 0x00, 0x00, 0x00, 0x00, 0x00, 0x00, 0x00, 0x00, 0x00, 0x00, 0x00, 0x00, 0x00, 0x00,
    0x00, 0x00, 0x00, 0x00, 0x00, 0x00, 0x00, 0x00, 0x00, 0x00, 0x00, 0x00, 0x00, 0x00, 0x00, 0x00,
    0x00, 0x00, 0x00, 0x00, 0x00, 0x00, 0x00, 0x00, 0x00, 0x00, 0x00, 0x00, 0x00, 0x00, 0x00, 0x00,
    0x00, 0x00, 0x00, 0x00, 0x00, 0x00, 0x00, 0x00, 0x00, 0x00, 0x00, 0x00, 0x00, 0x00, 0x00, 0x00,
    0x00, 0x00, 0x00, 0x00, 0x00, 0x00, 0x00, 0x00, 0x00, 0x00, 0x00, 0x00, 0x00, 0x00, 0x00, 0x00,
    0x00, 0x00, 0x00, 0x00, 0x00, 0x00, 0x00, 0x00, 0x00, 0x00, 0x00, 0x00, 0x00, 0x00, 0x00, 0x00,
    0x00, 0x00, 0x00, 0x00, 0x00, 0x00, 0x00, 0x00, 0x00, 0x00, 0x00, 0x00, 0x00, 0x00, 0x00, 0x00,
    0x00, 0x00, 0x00, 0x00, 0x00, 0x00, 0x00, 0x00, 0x00, 0x00, 0x00, 0x00, 0x00, 0x00, 0x00, 0x00,
    0x00, 0x00, 0x00, 0x00, 0x00, 0x00, 0x00, 0x00, 0x00, 0x00, 0x00, 0x00, 0x00, 0x00, 0x00, 0x00,
    0x00, 0x00, 0x00, 0x00, 0x00, 0x00, 0x00, 0x00, 0x00, 0x00, 0x00, 0x00, 0x00, 0x00, 0x00, 0x00,
    0x00, 0x00, 0x00, 0x00, 0x0F, 0xFF, 0xFF, 0xFF, 0xE0, 0x1F, 0xFF, 0xFF, 0xFF, 0xE0, 0x1F, 0xFF,
    0xFF, 0xFF, 0xE0, 0x1F, 0xFF, 0xFF, 0xFF, 0xE0, 0x1F, 0xFF, 0xFF, 0xFF, 0xE0, 0x00, 0x00, 0x00,
    0x00, 0x00, 0x00, 0x00, 0x00, 0x00, 0x00, 0x00, 0x00, 0x00, 0x00, 0x00, 0x00, 0x00, 0x00, 0x00,
    0x00, 0x00, 0x00, 0x00, 0x00, 0x00, 0x00, 0x00, 0x00, 0x00, 0x00, 0x00, 0x00, 0x00, 0x00, 0x00,
    0x0F, 0xFF, 0xFF, 0xFF, 0xE0, 0x1F, 0xFF, 0xFF, 0xFF, 0xE0, 0x1F, 0xFF, 0xFF, 0xFF, 0xE0, 0x1F,
    0xFF, 0xFF, 0xFF, 0xE0, 0x1F, 0xFF, 0xFF, 0xFF, 0xE0, 0x00, 0x00, 0x00, 0x00, 0x00, 0x00, 0x00,
    0x00, 0x00, 0x00, 0x00, 0x00, 0x00, 0x00, 0x00, 0x00, 0x00, 0x00, 0x00, 0x00, 0x00, 0x00, 0x00,
    0x00, 0x00, 0x00, 0x00, 0x00, 0x00, 0x00, 0x00, 0x00, 0x00, 0x00, 0x00, 0x00, 0x00, 0x00, 0x00,
    0x00, 0x00, 0x00, 0x00, 0x00, 0x00, 0x00, 0x00, 0x00, 0x00, 0x00, 0x00, 0x00, 0x00, 0x00, 0x00,
    0x00, 0x00, 0x00, 0x00, 0x00, 0x00, 0x00, 0x00, 0x00, 0x00, 0x00, 0x00, 0x00, 0x00, 0x00, 0x00,
    0x00, 0x00, 0x00, 0x00, 0x00, 0x00, 0x00, 0x00, 0x00, 0x00, 0x00, 0x00, 0x00, 0x00, 0x00, 0x00,
    0x00, 0x00, 0x00, 0x00, 0x00, 0x00, 0x00, 0x00, 0x00, 0x00, 0x00, 0x00, 0x00, 0x00, 0x00, 0x00,
    0x00, 0x00, 0x00, 0x00, 0x00, 0x00, 0x00, 0x00, 0x00, 0x00, 0x00, 0x00, 0x00, 0x00, 0x00, 0x00,
    0x00, 0x00, 0x00, 0x00, 0x00, 0x00, 0x00, 0x00, 0x00, 0x00, 0x00, 0x00, 0x00, 0x00, 0x00, 0x00,
    0x00, 0x00, 0x00, 0x00, 0x00, 0x00, 0x00, 0x00, 0x00, 0x00, 0x00, 0x00, 0x00, 0x00, 0x00, 0x00,
    0x00, 0x00, 0x00, 0x00, 0x00, 0x00, 0x00, 0x00, 0x00, 0x00, 0x00, 0x00, 0x00, 0x00, 0x00, 0x00,
    0x00, 0x00, 0x00, 0x00, 0x00, 0x00, 0x00, 0x00, 0x00, 0x00, 0x00, 0x00, 0x00, 0x00, 0x00, 0x00,
    0x00, 0x00, 0x00, 0x00, 0x00, 0x00, 0x00, 0x00, 0x00, 0x00, 0x00, 0x00, 0x00, 0x00, 0x00, 0x00,
    0x00, 0x00, 0x00, 0x00, 0x00, 0x00, 0x00, 0x00, 0x00, 0x00, 0x00, 0x00, 0x00, 0x00, 0x00, 0x00,
    0x00, 0x00, 0x00, 0x00, 0x00, 0x00, 0x00, 0x00, 0x00, 0x00, 0x00, 0x00, 0x00, 0x00, 0x00, 0x00,
    0x00, 0x00, 0x00, 0x00, 0x00, 0x00, 0x00, 0x00, 0x00, 0x00, 0x00, 0x00, 0x00, 0x00, 0x00, 0x00,
    0x00, 0x00, 0x00, 0x00, 0x00, 0x00, 0x00, 0x00, 0x00, 0x00, 0x00, 0x00, 0x00, 0x00, 0x00, 0x00,
    0x00, 0x00, 0x00, 0x00, 0x00, 0x00, 0x00, 0x00, 0x00, 0x00, 0x00, 0x00, 0x00, 0x00, 0x00, 0x00,
    0x00, 0x00, 0x00, 0x00, 0x00, 0x00, 0x18, 0x00, 0x00, 0x00, 0x00, 0x1F, 0x00, 0x00, 0x00, 0x00,
    0x1F, 0xC0, 0x00, 0x00, 0x00, 0x1F, 0xF0, 0x00, 0x00, 0x00, 0x1F, 0xFC, 0x00, 0x00, 0x00, 0x0F,
    0xFF, 0x00, 0x00, 0x00, 0x03, 0xFF, 0xE0, 0x00, 0x00, 0x00, 0xFF, 0xF8, 0x00, 0x00, 0x00, 0x1F,
    0xFE, 0x00, 0x00, 0x00, 0x07, 0xFF, 0x80, 0x00, 0x00, 0x01, 0xFF, 0xF0, 0x00, 0x00, 0x00, 0x3F,
    0xFC, 0x00, 0x00, 0x00, 0x0F, 0xFF, 0x00, 0x00, 0x00, 0x03, 0xFF, 0x80, 0x00, 0x00, 0x00, 0x7F,
    0x80, 0x00, 0x00, 0x00, 0x7F, 0x80, 0x00, 0x00, 0x01, 0xFF, 0x80, 0x00, 0x00, 0x07, 0xFF, 0x00,
    0x00, 0x00, 0x3F, 0xFC, 0x00, 0x00, 0x00, 0xFF, 0xF0, 0x00, 0x00, 0x03, 0xFF, 0xC0, 0x00, 0x00,
    0x1F, 0xFF, 0x00, 0x00, 0x00, 0x7F, 0xFC, 0x00, 0x00, 0x01, 0xFF, 0xE0, 0x00, 0x00, 0x0F, 0xFF,
    0x80, 0x00, 0x00, 0x1F, 0xFE, 0x00, 0x00, 0x00, 0x1F, 0xF8, 0x00, 0x00, 0x00, 0x1F, 0xC0, 0x00,
    0x00, 0x00, 0x1F, 0x00, 0x00, 0x00, 0x00, 0x1C, 0x00, 0x00, 0x00, 0x00, 0x10, 0x00, 0x00, 0x00,
    0x00, 0x00, 0x00, 0x00, 0x00, 0x00, 0x00, 0x00, 0x00, 0x00, 0x00, 0x00, 0x00, 0x00, 0x00, 0x00,
    0x00, 0x00, 0x00, 0x00, 0x00, 0x00, 0x00, 0x00, 0x00, 0x00, 0x00, 0x00, 0x00, 0x00, 0x00, 0x00,
    0x00, 0x00, 0x00, 0x00, 0x00, 0x00, 0x00, 0x00, 0x00, 0x00, 0x00, 0x00, 0x00, 0x00, 0x00, 0x00,
    0x00, 0x00, 0x00, 0x00, 0x00, 0x00, 0x00, 0x00, 0x00, 0x00, 0x00, 0x00, 0x00, 0x00, 0x00, 0x00,
    0x00, 0x00, 0x00, 0x00, 0x00, 0x00, 0x00, 0x00, 0x00, 0x00, 0x00, 0x00, 0x00, 0x00, 0x00, 0x00,
    0x00, 0x00, 0x00, 0x00, 0x00, 0x00, 0x00, 0x00, 0x00, 0x00, 0x00, 0x00, 0x00, 0x00, 0x00, 0x00,
    0x00, 0x00, 0x00, 0x00, 0x00, 0x00, 0x00, 0x00, 0x00, 0x00, 0x00, 0x00, 0x00, 0x00, 0x00, 0x00,
    0x00, 0x00, 0x00, 0x00, 0x00, 0x00, 0x00, 0x00, 0x00, 0x00, 0x00, 0x00, 0x00, 0x00, 0x00, 0x00,
    0x00, 0x00, 0x00, 0x00, 0x00, 0x00, 0x00, 0x00, 0x00, 0x00, 0x00, 0x00, 0x00, 0x00, 0x00, 0x00,
    0x00, 0x00, 0x00, 0x00, 0x00, 0x00, 0x00, 0x00, 0x00, 0x00, 0x00, 0x00, 0x00, 0x00, 0x00, 0x00,
    0x00, 0x00, 0x00, 0x00, 0x00, 0x00, 0x00, 0x00, 0x00, 0x00, 0x00, 0x00, 0x00, 0x00, 0x00, 0x00,
    0x00, 0x00, 0x00, 0x00, 0x00, 0x00, 0x00, 0x00, 0x00, 0x00, 0x00, 0x0F, 0xF8, 0x00, 0x00, 0x00,
    0x3F, 0xFF, 0x00, 0x00, 0x00, 0xFF, 0xFF, 0xC0, 0x00, 0x01, 0xFF, 0xFF, 0xE0, 0x00, 0x03, 0xFF,
    0xFF, 0xF0, 0x00, 0x07, 0xF0, 0x0F, 0xF8, 0x00, 0x0F, 0xE0, 0x03, 0xF8, 0x00, 0x0F, 0xC0, 0x01,
    0xFC, 0x00, 0x1F, 0x80, 0x00, 0xFC, 0x00, 0x1F, 0x80, 0x00, 0xFC, 0x00, 0x1F, 0x00, 0x00, 0xFC,
    0x00, 0x03, 0x00, 0x00, 0xFC, 0x00, 0x00, 0x00, 0x00, 0xFC, 0x00, 0x00, 0x00, 0x00, 0xFC, 0x00,
    0x00, 0x00, 0x00, 0xF8, 0x00, 0x00, 0x00, 0x01, 0xF8, 0x00, 0x00, 0x00, 0x03, 0xF0, 0x00, 0x00,
    0x00, 0x07, 0xF0, 0x00, 0x00, 0x00, 0x1F, 0xE0, 0x00, 0x00, 0x00, 0x3F, 0xC0, 0x00, 0x00, 0x00,
    0xFF, 0x80, 0x00, 0x00, 0x01, 0xFF, 0x00, 0x00, 0x00, 0x03, 0xFC, 0x00, 0x00, 0x00, 0x07, 0xF8,
    0x00, 0x00, 0x00, 0x07, 0xE0, 0x00, 0x00, 0x00, 0x0F, 0xC0, 0x00, 0x00, 0x00, 0x0F, 0xC0, 0x00,
    0x00, 0x00, 0x0F, 0x80, 0x00, 0x00, 0x00, 0x0F, 0x80, 0x00, 0x00, 0x00, 0x0F, 0x80, 0x00, 0x00,
    0x00, 0x0F, 0x80, 0x00, 0x00, 0x00, 0x00, 0x00, 0x00, 0x00, 0x00, 0x00, 0x00, 0x00, 0x00, 0x00,
    0x00, 0x00, 0x00, 0x00, 0x00, 0x00, 0x00, 0x00, 0x00, 0x00, 0x00, 0x00, 0x00, 0x00, 0x00, 0x0F,
    0x80, 0x00, 0x00, 0x00, 0x1F, 0xC0, 0x00, 0x00, 0x00, 0x1F, 0xC0, 0x00, 0x00, 0x00, 0x3F, 0xE0,
    0x00, 0x00, 0x00, 0x3F, 0xE0, 0x00, 0x00, 0x00, 0x1F, 0xC0, 0x00, 0x00, 0x00, 0x1F, 0xC0, 0x00,
    0x00, 0x00, 0x07, 0x80, 0x00, 0x00, 0x00, 0x00, 0x00, 0x00, 0x00, 0x00, 0x00, 0x00, 0x00, 0x00,
    0x00, 0x00, 0x00, 0x00, 0x00, 0x00, 0x00, 0x00, 0x00, 0x00, 0x00, 0x00, 0x00, 0x00, 0x00, 0x00,
    0x00, 0x00, 0x00, 0x00, 0x00, 0x00, 0x00, 0x00, 0x00, 0x00, 0x00, 0x00, 0x00, 0x00, 0x00, 0x00,
    0x00, 0x00, 0x00, 0x00, 0x00, 0x00, 0x00, 0x00, 0x00, 0x00, 0x00, 0x00, 0x00, 0x00, 0x00, 0x00,
    0x00, 0x00, 0x00, 0x00, 0x00, 0x00, 0x00, 0x00, 0x00, 0x00, 0x00, 0x00, 0x00, 0x00, 0x00, 0x00,
    0x00, 0x00, 0x00, 0x00, 0x00, 0x00, 0x00, 0x00, 0x00, 0x00, 0x00, 0x00, 0x00, 0x00, 0x00, 0x00,
    0x00, 0x00, 0x00, 0x00, 0x00, 0x00, 0x00, 0x00, 0x00, 0x00, 0x00, 0x00, 0x00, 0x00, 0x00, 0x00,
    0x00, 0x00, 0x00, 0x00, 0x00, 0x00, 0x00, 0x00, 0x00, 0x00, 0x00, 0x00, 0x00, 0x00, 0x00, 0x00,
    0x00, 0x00, 0x00, 0x00, 0x00, 0x00, 0x00, 0x00, 0x00, 0x00, 0x00, 0x00, 0x00, 0x00, 0x00, 0x00,
    0x00, 0x00, 0x00, 0x00, 0x00, 0x00, 0x00, 0x00, 0x00, 0x00, 0x00, 0x00, 0x00, 0x00, 0x00, 0x00,
    0x00, 0x00, 0x00, 0x00, 0x00, 0x00, 0x00, 0x00, 0x00, 0x00, 0x00, 0x00, 0x00, 0x00, 0x00, 0x00,
    0x00, 0x00, 0x00, 0x00, 0x00, 0x00, 0x00, 0x00, 0x00, 0x00, 0x00, 0x00, 0x00, 0x00, 0x00, 0x00,
    0x00, 0x00, 0x00, 0x00, 0x00, 0x00, 0x00, 0x00, 0x00, 0x00, 0x00, 0x00, 0x00, 0x00, 0x00, 0x00,
    0x00, 0x00, 0x00, 0x00, 0x00, 0x00, 0x00, 0x00, 0x00, 0x00, 0x00, 0x00, 0x00, 0x00, 0x00, 0x00,
    0x0F, 0xFC, 0x00, 0x00, 0x00, 0x00, 0x00, 0x7F, 0xFF, 0x80, 0x00, 0x00, 0x00, 0x01, 0xFF, 0xFF,
    0xF0, 0x00, 0x00, 0x00, 0x07, 0xFF, 0xFF, 0xF8, 0x00, 0x00, 0x00, 0x0F, 0xF8, 0x07, 0xFE, 0x00,
    0x00, 0x00, 0x1F, 0xC0, 0x00, 0xFF, 0x00, 0x00, 0x00, 0x3F, 0x00, 0x00, 0x3F, 0x80, 0x00, 0x00,
    0x7E, 0x00, 0x00, 0x0F, 0xC0, 0x00, 0x00, 0xF8, 0x00, 0x00, 0x07, 0xE0, 0x00, 0x01, 0xF0, 0x00,
    0x00, 0x03, 0xF0, 0x00, 0x03, 0xE0, 0x00, 0xF8, 0x01, 0xF0, 0x00, 0x03, 0xE0, 0x0F, 0xFF, 0xC0,
    0xF8, 0x00, 0x07, 0xC0, 0x1F, 0xFF, 0xC0, 0x78, 0x00, 0x07, 0x80, 0x7F, 0xFF, 0xC0, 0x7C, 0x00,
    0x0F, 0x80, 0xFF, 0xFF, 0xC0, 0x3C, 0x00, 0x0F, 0x00, 0xFE, 0x07, 0xC0, 0x3C, 0x00, 0x0F, 0x01,
    0xFC, 0x07, 0xC0, 0x3C, 0x00, 0x0F, 0x01, 0xF8, 0x07, 0xC0, 0x3E, 0x00, 0x1F, 0x03, 0xF0, 0x07,
    0xC0, 0x1E, 0x00, 0x1E, 0x03, 0xF0, 0x07, 0xC0, 0x1E, 0x00, 0x1E, 0x03, 0xF0, 0x07, 0xC0, 0x1E,
    0x00, 0x1E, 0x03, 0xE0, 0x07, 0xC0, 0x1E, 0x00, 0x1E, 0x03, 0xE0, 0x07, 0xC0, 0x1E, 0x00, 0x1E,
    0x03, 0xE0, 0x07, 0xC0, 0x3E, 0x00, 0x1E, 0x03, 0xE0, 0x07, 0xC0, 0x3C, 0x00, 0x1F, 0x03, 0xF0,
    0x0F, 0xC0, 0x3C, 0x00, 0x0F, 0x03, 0xF0, 0x0F, 0xC0, 0x7C, 0x00, 0x0F, 0x01, 0xF8, 0x1F, 0xC0,
    0xF8, 0x00, 0x0F, 0x01, 0xFC, 0x7F, 0xE1, 0xF8, 0x00, 0x0F, 0x80, 0xFF, 0xFF, 0xFF, 0xF0, 0x00,
    0x07, 0x80, 0xFF, 0xFF, 0xFF, 0xF0, 0x00, 0x07, 0xC0, 0x7F, 0xF9, 0xFF, 0xE0, 0x00, 0x03, 0xE0,
    0x1F, 0xE0, 0xFF, 0x80, 0x00, 0x03, 0xE0, 0x07, 0x80, 0x1E, 0x00, 0x00, 0x01, 0xF0, 0x00, 0x00,
    0x00, 0x00, 0x00, 0x00, 0xF8, 0x00, 0x00, 0x00, 0x00, 0x00, 0x00, 0x7E, 0x00, 0x00, 0x00, 0x00,
    0x00, 0x00, 0x3F, 0x00, 0x00, 0x00, 0x00, 0x00, 0x00, 0x1F, 0xC0, 0x00, 0x40, 0x00, 0x00, 0x00,
    0x0F, 0xF8, 0x07, 0xC0, 0x00, 0x00, 0x00, 0x07, 0xFF, 0xFF, 0xC0, 0x00, 0x00, 0x00, 0x01, 0xFF,
    0xFF, 0xC0, 0x00, 0x00, 0x00, 0x00, 0x7F, 0xFF, 0x80, 0x00, 0x00, 0x00, 0x00, 0x07, 0xFC, 0x00,
    0x00, 0x00, 0x00, 0x00, 0x00, 0x00, 0x00, 0x00, 0x00, 0x00, 0x00, 0x00, 0x00, 0x00, 0x00, 0x00,
    0x00, 0x00, 0x00, 0x00, 0x00, 0x00, 0x00, 0x00, 0x00, 0x00, 0x00, 0x00, 0x00, 0x00, 0x00, 0x00,
    0x00, 0x00, 0x00, 0x00, 0x00, 0x00, 0x00, 0x00, 0x00, 0x00, 0x00, 0x00, 0x00, 0x00, 0x00, 0x00,
    0x00, 0x00, 0x00, 0x00, 0x00, 0x00, 0x00, 0x00, 0x00, 0x00, 0x00, 0x00, 0x00, 0x00, 0x00, 0x00,
    0x00, 0x00, 0x00, 0x00, 0x00, 0x00, 0x00, 0x00, 0x00, 0x00, 0x00, 0x00, 0x00, 0x00, 0x00, 0x00,
    0x00, 0x00, 0x00, 0x00, 0x00, 0x00, 0x00, 0x00, 0x00, 0x00, 0x00, 0x00, 0x00, 0x00, 0x00, 0x00,
    0x00, 0x00, 0x00, 0x00, 0x00, 0x00, 0x00, 0x00, 0x00, 0x00, 0x00, 0x00, 0x00, 0x00, 0x00, 0x00,
    0x00, 0x00, 0x00, 0x00, 0x00, 0x00, 0x00, 0x00, 0x00, 0x00, 0x00, 0x00, 0x00, 0x00, 0x00, 0x00,
    0x00, 0x00, 0x00, 0x00, 0x00, 0x00, 0x00, 0x00, 0x00, 0x00, 0x00, 0x00, 0x00, 0x00, 0x00, 0x00,
    0x00, 0x00, 0x00, 0x00, 0x00, 0x00, 0x00, 0x00, 0x00, 0x00, 0x00, 0x00, 0x00, 0x00, 0x00, 0x00,
    0x00, 0x00, 0x00, 0x00, 0x00, 0x00, 0x00, 0x00, 0x00, 0x00, 0x00, 0x00, 0x00, 0x00, 0x00, 0x00,
    0x00, 0x00, 0x00, 0x00, 0x00, 0x00, 0x00, 0x00, 0x00, 0x00, 0x00, 0x00, 0x00, 0x00, 0x00, 0x00,
    0x00, 0x00, 0x00, 0x00, 0x00, 0x00, 0x00, 0x00, 0x00, 0x00, 0x00, 0x00, 0x00, 0x00, 0x00, 0x00,
    0x00, 0x00, 0x00, 0x00, 0x00, 0x00, 0x00, 0x00, 0x00, 0x00, 0x00, 0x00, 0x00, 0x00, 0x00, 0x00,
    0x00, 0xFF, 0x00, 0x00, 0x00, 0x00, 0xFF, 0x00, 0x00, 0x00, 0x00, 0xFF, 0x00, 0x00, 0x00, 0x01,
    0xFF, 0x80, 0x00, 0x00, 0x01, 0xFF, 0x80, 0x00, 0x00, 0x01, 0xFF, 0xC0, 0x00, 0x00, 0x03, 0xFF,
    0xC0, 0x00, 0x00, 0x03, 0xFF, 0xC0, 0x00, 0x00, 0x07, 0xE7, 0xE0, 0x00, 0x00, 0x07, 0xE7, 0xE0,
    0x00, 0x00, 0x07, 0xE3, 0xE0, 0x00, 0x00, 0x0F, 0xC3, 0xF0, 0x00, 0x00, 0x0F, 0xC3, 0xF0, 0x00,
    0x00, 0x0F, 0x81, 0xF8, 0x00, 0x00, 0x1F, 0x81, 0xF8, 0x00, 0x00, 0x1F, 0x81, 0xF8, 0x00, 0x00,
    0x3F, 0x00, 0xFC, 0x00, 0x00, 0x3F, 0x00, 0xFC, 0x00, 0x00, 0x3F, 0x00, 0xFC, 0x00, 0x00, 0x7E,
    0x00, 0x7E, 0x00, 0x00, 0x7E, 0x00, 0x7E, 0x00, 0x00, 0xFE, 0x00, 0x3F, 0x00, 0x00, 0xFC, 0x00,
    0x3F, 0x00, 0x00, 0xFC, 0x00, 0x3F, 0x00, 0x01, 0xF8, 0x00, 0x1F, 0x80, 0x01, 0xF8, 0x00, 0x1F,
    0x80, 0x01, 0xF8, 0x00, 0x1F, 0xC0, 0x03, 0xF0, 0x00, 0x0F, 0xC0, 0x03, 0xFF, 0xFF, 0xFF, 0xC0,
    0x07, 0xFF, 0xFF, 0xFF, 0xE0, 0x07, 0xFF, 0xFF, 0xFF, 0xE0, 0x07, 0xFF, 0xFF, 0xFF, 0xE0, 0x0F,
    0xFF, 0xFF, 0xFF, 0xF0, 0x0F, 0xC0, 0x00, 0x03, 0xF0, 0x1F, 0xC0, 0x00, 0x03, 0xF8, 0x1F, 0x80,
    0x00, 0x01, 0xF8, 0x1F, 0x80, 0x00, 0x01, 0xF8, 0x3F, 0x80, 0x00, 0x01, 0xFC, 0x3F, 0x00, 0x00,
    0x00, 0xFC, 0x3F, 0x00, 0x00, 0x00, 0xFC, 0x7F, 0x00, 0x00, 0x00, 0xFE, 0x7E, 0x00, 0x00, 0x00,
    0x7E, 0x00, 0x00, 0x00, 0x00, 0x00, 0x00, 0x00, 0x00, 0x00, 0x00, 0x00, 0x00, 0x00, 0x00, 0x00,
    0x00, 0x00, 0x00, 0x00, 0x00, 0x00, 0x00, 0x00, 0x00, 0x00, 0x00, 0x00, 0x00, 0x00, 0x00, 0x00,
    0x00, 0x00, 0x00, 0x00, 0x00, 0x00, 0x00, 0x00, 0x00, 0x00, 0x00, 0x00, 0x00, 0x00, 0x00, 0x00,
    0x00, 0x00, 0x00, 0x00, 0x00, 0x00, 0x00, 0x00, 0x00, 0x00, 0x00, 0x00, 0x00, 0x00, 0x00, 0x00,
    0x00, 0x00, 0x00, 0x00, 0x00, 0x00, 0x00, 0x00, 0x00, 0x00, 0x00, 0x00, 0x00, 0x00, 0x00, 0x00,
    0x00, 0x00, 0x00, 0x00, 0x00, 0x00, 0x00, 0x00, 0x00, 0x00, 0x00, 0x00, 0x00, 0x00, 0x00, 0x00,
    0x00, 0x00, 0x00, 0x00, 0x00, 0x00, 0x00, 0x00, 0x00, 0x00, 0x00, 0x00, 0x00, 0x00, 0x00, 0x00,
    0x00, 0x00, 0x00, 0x00, 0x00, 0x00, 0x00, 0x00, 0x00, 0x00, 0x00, 0x00, 0x00, 0x00, 0x00, 0x00,
    0x00, 0x00, 0x00, 0x00, 0x00, 0x00, 0x00, 0x00, 0x00, 0x00, 0x00, 0x00, 0x00, 0x00, 0x00, 0x00,
    0x00, 0x00, 0x00, 0x00, 0x00, 0x00, 0x00, 0x00, 0x00, 0x00, 0x00, 0x00, 0x00, 0x00, 0x00, 0x00,
    0x00, 0x00, 0x00, 0x00, 0x00, 0x00, 0x00, 0x00, 0x00, 0x00, 0x00, 0x00, 0x00, 0x00, 0x00, 0x00,
    0x00, 0x00, 0x00, 0x00, 0x00, 0x00, 0x00, 0x00, 0x00, 0x00, 0x00, 0x00, 0x00, 0x00, 0x00, 0x07,
    0xFF, 0xFF, 0xE0, 0x00, 0x07, 0xFF, 0xFF, 0xFC, 0x00, 0x07, 0xFF, 0xFF, 0xFE, 0x00, 0x07, 0xFF,
    0xFF, 0xFF, 0x00, 0x07, 0xFF, 0xFF, 0xFF, 0x80, 0x07, 0xE0, 0x00, 0x3F, 0xC0, 0x07, 0xE0, 0x00,
    0x1F, 0xE0, 0x07, 0xE0, 0x00, 0x0F, 0xE0, 0x07, 0xE0, 0x00, 0x07, 0xE0, 0x07, 0xE0, 0x00, 0x07,
    0xE0, 0x07, 0xE0, 0x00, 0x07, 0xE0, 0x07, 0xE0, 0x00, 0x07, 0xE0, 0x07, 0xE0, 0x00, 0x07, 0xE0,
    0x07, 0xE0, 0x00, 0x07, 0xE0, 0x07, 0xE0, 0x00, 0x0F, 0xE0, 0x07, 0xE0, 0x00, 0x0F, 0xC0, 0x07,
    0xE0, 0x00, 0x1F, 0xC0, 0x07, 0xE0, 0x00, 0x7F, 0x80, 0x07, 0xFF, 0xFF, 0xFF, 0x00, 0x07, 0xFF,
    0xFF, 0xFE, 0x00, 0x07, 0xFF, 0xFF, 0xFF, 0x00, 0x07, 0xFF, 0xFF, 0xFF, 0x80, 0x07, 0xFF, 0xFF,
    0xFF, 0xC0, 0x07, 0xE0, 0x00, 0x1F, 0xE0, 0x07, 0xE0, 0x00, 0x07, 0xF0, 0x07, 0xE0, 0x00, 0x07,
    0xF0, 0x07, 0xE0, 0x00, 0x03, 0xF8, 0x07, 0xE0, 0x00, 0x01, 0xF8, 0x07, 0xE0, 0x00, 0x01, 0xF8,
    0x07, 0xE0, 0x00, 0x01, 0xF8, 0x07, 0xE0, 0x00, 0x01, 0xF8, 0x07, 0xE0, 0x00, 0x01, 0xF8, 0x07,
    0xE0, 0x00, 0x03, 0xF8, 0x07, 0xE0, 0x00, 0x03, 0xF8, 0x07, 0xE0, 0x00, 0x07, 0xF0, 0x07, 0xE0,
    0x00, 0x0F, 0xF0, 0x07, 0xE0, 0x00, 0x1F, 0xE0, 0x07, 0xFF, 0xFF, 0xFF, 0xC0, 0x07, 0xFF, 0xFF,
    0xFF, 0x80, 0x07, 0xFF, 0xFF, 0xFF, 0x00, 0x07, 0xFF, 0xFF, 0xFC, 0x00, 0x07, 0xFF, 0xFF, 0xF0,
    0x00, 0x00, 0x00, 0x00, 0x00, 0x00, 0x00, 0x00, 0x00, 0x00, 0x00, 0x00, 0x00, 0x00, 0x00, 0x00,
    0x00, 0x00, 0x00, 0x00, 0x00, 0x00, 0x00, 0x00, 0x00, 0x00, 0x00, 0x00, 0x00, 0x00, 0x00, 0x00,
    0x00, 0x00, 0x00, 0x00, 0x00, 0x00, 0x00, 0x00, 0x00, 0x00, 0x00, 0x00, 0x00, 0x00, 0x00, 0x00,
    0x00, 0x00, 0x00, 0x00, 0x00, 0x00, 0x00, 0x00, 0x00, 0x00, 0x00, 0x00, 0x00, 0x00, 0x00, 0x00,
    0x00, 0x00, 0x00, 0x00, 0x00, 0x00, 0x00, 0x00, 0x00, 0x00, 0x00, 0x00, 0x00, 0x00, 0x00, 0x00,
    0x00, 0x00, 0x00, 0x00, 0x00, 0x00, 0x00, 0x00, 0x00, 0x00, 0x00, 0x00, 0x00, 0x00, 0x00, 0x00,
    0x00, 0x00, 0x00, 0x00, 0x00, 0x00, 0x00, 0x00, 0x00, 0x00, 0x00, 0x00, 0x00, 0x00, 0x00, 0x00,
    0x00, 0x00, 0x00, 0x00, 0x00, 0x00, 0x00, 0x00, 0x00, 0x00, 0x00, 0x00, 0x00, 0x00, 0x00, 0x00,
    0x00, 0x00, 0x00, 0x00, 0x00, 0x00, 0x00, 0x00, 0x00, 0x00, 0x00, 0x00, 0x00, 0x00, 0x00, 0x00,
    0x00, 0x00, 0x00, 0x00, 0x00, 0x00, 0x00, 0x00, 0x00, 0x00, 0x00, 0x00, 0x00, 0x00, 0x00, 0x00,
    0x00, 0x00, 0x00, 0x00, 0x00, 0x00, 0x00, 0x00, 0x00, 0x00, 0x00, 0x00, 0x00, 0x00, 0x00, 0x00,
    0x00, 0x00, 0x00, 0x00, 0x00, 0x00, 0x00, 0x00, 0x00, 0x00, 0x00, 0x00, 0x00, 0x00, 0x00, 0x00,
    0x00, 0x00, 0x00, 0x00, 0x00, 0x00, 0x00, 0x00, 0x00, 0x00, 0x00, 0x00, 0x00, 0x00, 0x3F, 0xF0,
    0x00, 0x00, 0x00, 0x01, 0xFF, 0xFE, 0x00, 0x00, 0x00, 0x07, 0xFF, 0xFF, 0x80, 0x00, 0x00, 0x1F,
    0xFF, 0xFF, 0xC0, 0x00, 0x00, 0x3F, 0xFF, 0xFF, 0xF0, 0x00, 0x00, 0x7F, 0xC0, 0x1F, 0xF8, 0x00,
    0x00, 0xFF, 0x00, 0x03, 0xF8, 0x00, 0x01, 0xFE, 0x00, 0x01, 0xFC, 0x00, 0x01, 0xFC, 0x00, 0x00,
    0xFE, 0x00, 0x03, 0xF8, 0x00, 0x00, 0x7E, 0x00, 0x03, 0xF0, 0x00, 0x00, 0x78, 0x00, 0x07, 0xF0,
    0x00, 0x00, 0x00, 0x00, 0x07, 0xE0, 0x00, 0x00, 0x00, 0x00, 0x0F, 0xE0, 0x00, 0x00, 0x00, 0x00,
    0x0F, 0xC0, 0x00, 0x00, 0x00, 0x00, 0x0F, 0xC0, 0x00, 0x00, 0x00, 0x00, 0x0F, 0xC0, 0x00, 0x00,
    0x00, 0x00, 0x0F, 0xC0, 0x00, 0x00, 0x00, 0x00, 0x1F, 0xC0, 0x00, 0x00, 0x00, 0x00, 0x1F, 0x80,
    0x00, 0x00, 0x00, 0x00, 0x1F, 0x80, 0x00, 0x00, 0x00, 0x00, 0x1F, 0x80, 0x00, 0x00, 0x00, 0x00,
    0x1F, 0x80, 0x00, 0x00, 0x00, 0x00, 0x1F, 0x80, 0x00, 0x00, 0x00, 0x00, 0x1F, 0x80, 0x00, 0x00,
    0x00, 0x00, 0x1F, 0xC0, 0x00, 0x00, 0x00, 0x00, 0x0F, 0xC0, 0x00, 0x00, 0x00, 0x00, 0x0F, 0xC0,
    0x00, 0x00, 0x00, 0x00, 0x0F, 0xC0, 0x00, 0x00, 0x00, 0x00, 0x0F, 0xC0, 0x00, 0x00, 0x00, 0x00,
    0x0F, 0xE0, 0x00, 0x00, 0x00, 0x00, 0x07, 0xE0, 0x00, 0x00, 0x00, 0x00, 0x07, 0xF0, 0x00, 0x00,
    0x00, 0x00, 0x03, 0xF0, 0x00, 0x00, 0x38, 0x00, 0x03, 0xF8, 0x00, 0x00, 0x7E, 0x00, 0x01, 0xFC,
    0x00, 0x00, 0xFE, 0x00, 0x01, 0xFE, 0x00, 0x01, 0xFC, 0x00, 0x00, 0xFF, 0x00, 0x03, 0xFC, 0x00,
    0x00, 0x7F, 0xE0, 0x0F, 0xF8, 0x00, 0x00, 0x3F, 0xFF, 0xFF, 0xF0, 0x00, 0x00, 0x1F, 0xFF, 0xFF,
    0xE0, 0x00, 0x00, 0x07, 0xFF, 0xFF, 0x80, 0x00, 0x00, 0x01, 0xFF, 0xFE, 0x00, 0x00, 0x00, 0x00,
    0x3F, 0xF0, 0x00, 0x00, 0x00, 0x00, 0x00, 0x00, 0x00, 0x00, 0x00, 0x00, 0x00, 0x00, 0x00, 0x00,
    0x00, 0x00, 0x00, 0x00, 0x00, 0x00, 0x00, 0x00, 0x00, 0x00, 0x00, 0x00, 0x00, 0x00, 0x00, 0x00,
    0x00, 0x00, 0x00, 0x00, 0x00, 0x00, 0x00, 0x00, 0x00, 0x00, 0x00, 0x00, 0x00, 0x00, 0x00, 0x00,
    0x00, 0x00, 0x00, 0x00, 0x00, 0x00, 0x00, 0x00, 0x00, 0x00, 0x00, 0x00, 0x00, 0x00, 0x00, 0x00,
    0x00, 0x00, 0x00, 0x00, 0x00, 0x00, 0x00, 0x00, 0x00, 0x00, 0x00, 0x00, 0x00, 0x00, 0x00, 0x00,
    0x00, 0x00, 0x00, 0x00, 0x00, 0x00, 0x00, 0x00, 0x00, 0x00, 0x00, 0x00, 0x00, 0x00, 0x00, 0x00,
    0x00, 0x00, 0x00, 0x00, 0x00, 0x00, 0x00, 0x00, 0x00, 0x00, 0x00, 0x00, 0x00, 0x00, 0x00, 0x00,
    0x00, 0x00, 0x00, 0x00, 0x00, 0x00, 0x00, 0x00, 0x00, 0x00, 0x00, 0x00, 0x00, 0x00, 0x00, 0x00,
    0x00, 0x00, 0x00, 0x00, 0x00, 0x00, 0x00, 0x00, 0x00, 0x00, 0x00, 0x00, 0x00, 0x00, 0x00, 0x00,
    0x00, 0x00, 0x00, 0x00, 0x00, 0x00, 0x00, 0x00, 0x00, 0x00, 0x00, 0x00, 0x00, 0x00, 0x00, 0x00,
    0x00, 0x00, 0x00, 0x00, 0x00, 0x00, 0x00, 0x00, 0x00, 0x00, 0x00, 0x00, 0x00, 0x00, 0x00, 0x00,
    0x00, 0x00, 0x00, 0x00, 0x00, 0x00, 0x00, 0x00, 0x00, 0x00, 0x00, 0x00, 0x00, 0x00, 0x00, 0x00,
    0x00, 0x00, 0x00, 0x00, 0x00, 0x00, 0x00, 0x00, 0x00, 0x00, 0x00, 0x00, 0x00, 0x00, 0x00, 0x00,
    0x00, 0x00, 0x00, 0x00, 0x00, 0x00, 0x00, 0x00, 0x00, 0x00, 0x00, 0x00, 0x00, 0x00, 0x00, 0x00,
    0x00, 0x00, 0x07, 0xFF, 0xFE, 0x00, 0x00, 0x00, 0x07, 0xFF, 0xFF, 0xF0, 0x00, 0x00, 0x07, 0xFF,
    0xFF, 0xFC, 0x00, 0x00, 0x07, 0xFF, 0xFF, 0xFF, 0x00, 0x00, 0x07, 0xFF, 0xFF, 0xFF, 0x80, 0x00,
    0x07, 0xE0, 0x00, 0xFF, 0xC0, 0x00, 0x07, 0xE0, 0x00, 0x1F, 0xE0, 0x00, 0x07, 0xE0, 0x00, 0x0F,
    0xF0, 0x00, 0x07, 0xE0, 0x00, 0x03, 0xF8, 0x00, 0x07, 0xE0, 0x00, 0x01, 0xF8, 0x00, 0x07, 0xE0,
    0x00, 0x01, 0xFC, 0x00, 0x07, 0xE0, 0x00, 0x00, 0xFC, 0x00, 0x07, 0xE0, 0x00, 0x00, 0xFE, 0x00,
    0x07, 0xE0, 0x00, 0x00, 0x7E, 0x00, 0x07, 0xE0, 0x00, 0x00, 0x7E, 0x00, 0x07, 0xE0, 0x00, 0x00,
    0x7E, 0x00, 0x07, 0xE0, 0x00, 0x00, 0x7F, 0x00, 0x07, 0xE0, 0x00, 0x00, 0x3F, 0x00, 0x07, 0xE0,
    0x00, 0x00, 0x3F, 0x00, 0x07, 0xE0, 0x00, 0x00, 0x3F, 0x00, 0x07, 0xE0, 0x00, 0x00, 0x3F, 0x00,
    0x07, 0xE0, 0x00, 0x00, 0x3F, 0x00, 0x07, 0xE0, 0x00, 0x00, 0x3F, 0x00, 0x07, 0xE0, 0x00, 0x00,
    0x3F, 0x00, 0x07, 0xE0, 0x00, 0x00, 0x7F, 0x00, 0x07, 0xE0, 0x00, 0x00, 0x7F, 0x00, 0x07, 0xE0,
    0x00, 0x00, 0x7E, 0x00, 0x07, 0xE0, 0x00, 0x00, 0x7E, 0x00, 0x07, 0xE0, 0x00, 0x00, 0x7E, 0x00,
    0x07, 0xE0, 0x00, 0x00, 0xFE, 0x00, 0x07, 0xE0, 0x00, 0x00, 0xFC, 0x00, 0x07, 0xE0, 0x00, 0x01,
    0xFC, 0x00, 0x07, 0xE0, 0x00, 0x01, 0xF8, 0x00, 0x07, 0xE0, 0x00, 0x03, 0xF8, 0x00, 0x07, 0xE0,
    0x00, 0x0F, 0xF0, 0x00, 0x07, 0xE0, 0x00, 0x1F, 0xE0, 0x00, 0x07, 0xE0, 0x00, 0xFF, 0xC0, 0x00,
    0x07, 0xFF, 0xFF, 0xFF, 0x80, 0x00, 0x07, 0xFF, 0xFF, 0xFF, 0x00, 0x00, 0x07, 0xFF, 0xFF, 0xFC,
    0x00, 0x00, 0x07, 0xFF, 0xFF, 0xF0, 0x00, 0x00, 0x07, 0xFF, 0xFE, 0x00, 0x00, 0x00, 0x00, 0x00,
    0x00, 0x00, 0x00, 0x00, 0x00, 0x00, 0x00, 0x00, 0x00, 0x00, 0x00, 0x00, 0x00, 0x00, 0x00, 0x00,
    0x00, 0x00, 0x00, 0x00, 0x00, 0x00, 0x00, 0x00, 0x00, 0x00, 0x00, 0x00, 0x00, 0x00, 0x00, 0x00,
    0x00, 0x00, 0x00, 0x00, 0x00, 0x00, 0x00, 0x00, 0x00, 0x00, 0x00, 0x00, 0x00, 0x00, 0x00, 0x00,
    0x00, 0x00, 0x00, 0x00, 0x00, 0x00, 0x00, 0x00, 0x00, 0x00, 0x00, 0x00, 0x00, 0x00, 0x00, 0x00,
    0x00, 0x00, 0x00, 0x00, 0x00, 0x00, 0x00, 0x00, 0x00, 0x00, 0x00, 0x00, 0x00, 0x00, 0x00, 0x00,
    0x00, 0x00, 0x00, 0x00, 0x00, 0x00, 0x00, 0x00, 0x00, 0x00, 0x00, 0x00, 0x00, 0x00, 0x00, 0x00,
    0x00, 0x00, 0x00, 0x00, 0x00, 0x00, 0x00, 0x00, 0x00, 0x00, 0x00, 0x00, 0x00, 0x00, 0x00, 0x00,
    0x00, 0x00, 0x00, 0x00, 0x00, 0x00, 0x00, 0x00, 0x00, 0x00, 0x00, 0x00, 0x00, 0x00, 0x00, 0x00,
    0x00, 0x00, 0x00, 0x00, 0x00, 0x00, 0x00, 0x00, 0x00, 0x00, 0x00, 0x00, 0x00, 0x00, 0x00, 0x00,
    0x00, 0x00, 0x00, 0x00, 0x00, 0x00, 0x00, 0x00, 0x00, 0x00, 0x00, 0x00, 0x00, 0x00, 0x00, 0x00,
    0x00, 0x00, 0x00, 0x00, 0x00, 0x00, 0x00, 0x00, 0x00, 0x00, 0x00, 0x00, 0x00, 0x00, 0x00, 0x00,
    0x00, 0x00, 0x00, 0x00, 0x00, 0x00, 0x00, 0x00, 0x00, 0x00, 0x00, 0x00, 0x00, 0x00, 0x00, 0x00,
    0x00, 0x00, 0x00, 0x00, 0x00, 0x00, 0x00, 0x00, 0x00, 0x00, 0x00, 0x00, 0x00, 0x00, 0x00, 0x07,
    0xFF, 0xFF, 0xFF, 0xC0, 0x07, 0xFF, 0xFF, 0xFF, 0xC0, 0x07, 0xFF, 0xFF, 0xFF, 0xC0, 0x07, 0xFF,
    0xFF, 0xFF, 0xC0, 0x07, 0xFF, 0xFF, 0xFF, 0xC0, 0x07, 0xE0, 0x00, 0x00, 0x00, 0x07, 0xE0, 0x00,
    0x00, 0x00, 0x07, 0xE0, 0x00, 0x00, 0x00, 0x07, 0xE0, 0x00, 0x00, 0x00, 0x07, 0xE0, 0x00, 0x00,
    0x00, 0x07, 0xE0, 0x00, 0x00, 0x00, 0x07, 0xE0, 0x00, 0x00, 0x00, 0x07, 0xE0, 0x00, 0x00, 0x00,
    0x07, 0xE0, 0x00, 0x00, 0x00, 0x07, 0xE0, 0x00, 0x00, 0x00, 0x07, 0xE0, 0x00, 0x00, 0x00, 0x07,
    0xE0, 0x00, 0x00, 0x00, 0x07, 0xE0, 0x00, 0x00, 0x00, 0x07, 0xFF, 0xFF, 0xF0, 0x00, 0x07, 0xFF,
    0xFF, 0xF0, 0x00, 0x07, 0xFF, 0xFF, 0xF0, 0x00, 0x07, 0xFF, 0xFF, 0xF0, 0x00, 0x07, 0xFF, 0xFF,
    0xF0, 0x00, 0x07, 0xE0, 0x00, 0x00, 0x00, 0x07, 0xE0, 0x00, 0x00, 0x00, 0x07, 0xE0, 0x00, 0x00,
    0x00, 0x07, 0xE0, 0x00, 0x00, 0x00, 0x07, 0xE0, 0x00, 0x00, 0x00, 0x07, 0xE0, 0x00, 0x00, 0x00,
    0x07, 0xE0, 0x00, 0x00, 0x00, 0x07, 0xE0, 0x00, 0x00, 0x00, 0x07, 0xE0, 0x00, 0x00, 0x00, 0x07,
    0xE0, 0x00, 0x00, 0x00, 0x07, 0xE0, 0x00, 0x00, 0x00, 0x07, 0xE0, 0x00, 0x00, 0x00, 0x07, 0xE0,
    0x00, 0x00, 0x00, 0x07, 0xE0, 0x00, 0x00, 0x00, 0x07, 0xFF, 0xFF, 0xFF, 0xC0, 0x07, 0xFF, 0xFF,
    0xFF, 0xC0, 0x07, 0xFF, 0xFF, 0xFF, 0xC0, 0x07, 0xFF, 0xFF, 0xFF, 0xC0, 0x07, 0xFF, 0xFF, 0xFF,
    0xC0, 0x00, 0x00, 0x00, 0x00, 0x00, 0x00, 0x00, 0x00, 0x00, 0x00, 0x00, 0x00, 0x00, 0x00, 0x00,
    0x00, 0x00, 0x00, 0x00, 0x00, 0x00, 0x00, 0x00, 0x00, 0x00, 0x00, 0x00, 0x00, 0x00, 0x00, 0x00,
    0x00, 0x00, 0x00, 0x00, 0x00, 0x00, 0x00, 0x00, 0x00, 0x00, 0x00, 0x00, 0x00, 0x00, 0x00, 0x00,
    0x00, 0x00, 0x00, 0x00, 0x00, 0x00, 0x00, 0x00, 0x00, 0x00, 0x00, 0x00, 0x00, 0x00, 0x00, 0x00,
    0x00, 0x00, 0x00, 0x00, 0x00, 0x00, 0x00, 0x00, 0x00, 0x00, 0x00, 0x00, 0x00, 0x00, 0x00, 0x00,
    0x00, 0x00, 0x00, 0x00, 0x00, 0x00, 0x00, 0x00, 0x00, 0x00, 0x00, 0x00, 0x00, 0x00, 0x00, 0x00,
    0x00, 0x00, 0x00, 0x00, 0x00, 0x00, 0x00, 0x00, 0x00, 0x00, 0x00, 0x00, 0x00, 0x00, 0x00, 0x00,
    0x00, 0x00, 0x00, 0x00, 0x00, 0x00, 0x00, 0x00, 0x00, 0x00, 0x00, 0x00, 0x00, 0x00, 0x00, 0x00,
    0x00, 0x00, 0x00, 0x00, 0x00, 0x00, 0x00, 0x00, 0x00, 0x00, 0x00, 0x00, 0x00, 0x00, 0x00, 0x00,
    0x00, 0x00, 0x00, 0x00, 0x00, 0x00, 0x00, 0x00, 0x00, 0x00, 0x00, 0x00, 0x00, 0x00, 0x00, 0x00,
    0x00, 0x00, 0x00, 0x00, 0x00, 0x00, 0x00, 0x00, 0x00, 0x00, 0x00, 0x00, 0x00, 0x00, 0x00, 0x00,
    0x00, 0x00, 0x00, 0x00, 0x00, 0x00, 0x00, 0x00, 0x00, 0x00, 0x00, 0x00, 0x00, 0x00, 0x00, 0x07,
    0xFF, 0xFF, 0xFF, 0x80, 0x07, 0xFF, 0xFF, 0xFF, 0x80, 0x07, 0xFF, 0xFF, 0xFF, 0x80, 0x07, 0xFF,
    0xFF, 0xFF, 0x80, 0x07, 0xFF, 0xFF, 0xFF, 0x00, 0x07, 0xE0, 0x00, 0x00, 0x00, 0x07, 0xE0, 0x00,
    0x00, 0x00, 0x07, 0xE0, 0x00, 0x00, 0x00, 0x07, 0xE0, 0x00, 0x00, 0x00, 0x07, 0xE0, 0x00, 0x00,
    0x00, 0x07, 0xE0, 0x00, 0x00, 0x00, 0x07, 0xE0, 0x00, 0x00, 0x00, 0x07, 0xE0, 0x00, 0x00, 0x00,
    0x07, 0xE0, 0x00, 0x00, 0x00, 0x07, 0xE0, 0x00, 0x00, 0x00, 0x07, 0xE0, 0x00, 0x00, 0x00, 0x07,
    0xE0, 0x00, 0x00, 0x00, 0x07, 0xE0, 0x00, 0x00, 0x00, 0x07, 0xFF, 0xFF, 0xFF, 0x80, 0x07, 0xFF,
    0xFF, 0xFF, 0x80, 0x07, 0xFF, 0xFF, 0xFF, 0x80, 0x07, 0xFF, 0xFF, 0xFF, 0x80, 0x07, 0xFF, 0xFF,
    0xFF, 0x00, 0x07, 0xE0, 0x00, 0x00, 0x00, 0x07, 0xE0, 0x00, 0x00, 0x00, 0x07, 0xE0, 0x00, 0x00,
    0x00, 0x07, 0xE0, 0x00, 0x00, 0x00, 0x07, 0xE0, 0x00, 0x00, 0x00, 0x07, 0xE0, 0x00, 0x00, 0x00,
    0x07, 0xE0, 0x00, 0x00, 0x00, 0x07, 0xE0, 0x00, 0x00, 0x00, 0x07, 0xE0, 0x00, 0x00, 0x00, 0x07,
    0xE0, 0x00, 0x00, 0x00, 0x07, 0xE0, 0x00, 0x00, 0x00, 0x07, 0xE0, 0x00, 0x00, 0x00, 0x07, 0xE0,
    0x00, 0x00, 0x00, 0x07, 0xE0, 0x00, 0x00, 0x00, 0x07, 0xE0, 0x00, 0x00, 0x00, 0x07, 0xE0, 0x00,
    0x00, 0x00, 0x07, 0xE0, 0x00, 0x00, 0x00, 0x07, 0xE0, 0x00, 0x00, 0x00, 0x07, 0xE0, 0x00, 0x00,
    0x00, 0x00, 0x00, 0x00, 0x00, 0x00, 0x00, 0x00, 0x00, 0x00, 0x00, 0x00, 0x00, 0x00, 0x00, 0x00,
    0x00, 0x00, 0x00, 0x00, 0x00, 0x00, 0x00, 0x00, 0x00, 0x00, 0x00, 0x00, 0x00, 0x00, 0x00, 0x00,
    0x00, 0x00, 0x00, 0x00, 0x00, 0x00, 0x00, 0x00, 0x00, 0x00, 0x00, 0x00, 0x00, 0x00, 0x00, 0x00,
    0x00, 0x00, 0x00, 0x00, 0x00, 0x00, 0x00, 0x00, 0x00, 0x00, 0x00, 0x00, 0x00, 0x00, 0x00, 0x00,
    0x00, 0x00, 0x00, 0x00, 0x00, 0x00, 0x00, 0x00, 0x00, 0x00, 0x00, 0x00, 0x00, 0x00, 0x00, 0x00,
    0x00, 0x00, 0x00, 0x00, 0x00, 0x00, 0x00, 0x00, 0x00, 0x00, 0x00, 0x00, 0x00, 0x00, 0x00, 0x00,
    0x00, 0x00, 0x00, 0x00, 0x00, 0x00, 0x00, 0x00, 0x00, 0x00, 0x00, 0x00, 0x00, 0x00, 0x00, 0x00,
    0x00, 0x00, 0x00, 0x00, 0x00, 0x00, 0x00, 0x00, 0x00, 0x00, 0x00, 0x00, 0x00, 0x00, 0x00, 0x00,
    0x00, 0x00, 0x00, 0x00, 0x00, 0x00, 0x00, 0x00, 0x00, 0x00, 0x00, 0x00, 0x00, 0x00, 0x00, 0x00,
    0x00, 0x00, 0x00, 0x00, 0x00, 0x00, 0x00, 0x00, 0x00, 0x00, 0x00, 0x00, 0x00, 0x00, 0x00, 0x00,
    0x00, 0x00, 0x00, 0x00, 0x00, 0x00, 0x00, 0x00, 0x00, 0x00, 0x00, 0x00, 0x00, 0x00, 0x00, 0x00,
    0x00, 0x00, 0x00, 0x00, 0x00, 0x00, 0x00, 0x00, 0x00, 0x00, 0x00, 0x00, 0x00, 0x00, 0x00, 0x00,
    0x00, 0x00, 0x00, 0x00, 0x00, 0x00, 0x00, 0x00, 0x00, 0x00, 0x00, 0x00, 0x00, 0x00, 0x3F, 0xF0,
    0x00, 0x00, 0x00, 0x01, 0xFF, 0xFE, 0x00, 0x00, 0x00, 0x07, 0xFF, 0xFF, 0x80, 0x00, 0x00, 0x1F,
    0xFF, 0xFF, 0xC0, 0x00, 0x00, 0x3F, 0xFF, 0xFF, 0xF0, 0x00, 0x00, 0x7F, 0xC0, 0x1F, 0xF8, 0x00,
    0x00, 0xFF, 0x00, 0x03, 0xFC, 0x00, 0x01, 0xFE, 0x00, 0x01, 0xFC, 0x00, 0x01, 0xFC, 0x00, 0x00,
    0xFE, 0x00, 0x03, 0xF8, 0x00, 0x00, 0x7E, 0x00, 0x03, 0xF0, 0x00, 0x00, 0x30, 0x00, 0x07, 0xF0,
    0x00, 0x00, 0x00, 0x00, 0x07, 0xE0, 0x00, 0x00, 0x00, 0x00, 0x0F, 0xE0, 0x00, 0x00, 0x00, 0x00,
    0x0F, 0xC0, 0x00, 0x00, 0x00, 0x00, 0x0F, 0xC0, 0x00, 0x00, 0x00, 0x00, 0x0F, 0xC0, 0x00, 0x00,
    0x00, 0x00, 0x0F, 0xC0, 0x00, 0x00, 0x00, 0x00, 0x1F, 0xC0, 0x00, 0x00, 0x00, 0x00, 0x1F, 0x80,
    0x00, 0x00, 0x00, 0x00, 0x1F, 0x80, 0x00, 0x00, 0x00, 0x00, 0x1F, 0x80, 0x01, 0xFF, 0xFF, 0x80,
    0x1F, 0x80, 0x01, 0xFF, 0xFF, 0x80, 0x1F, 0x80, 0x01, 0xFF, 0xFF, 0x80, 0x1F, 0x80, 0x01, 0xFF,
    0xFF, 0x80, 0x1F, 0xC0, 0x01, 0xFF, 0xFF, 0x80, 0x0F, 0xC0, 0x00, 0x00, 0x1F, 0x80, 0x0F, 0xC0,
    0x00, 0x00, 0x1F, 0x80, 0x0F, 0xC0, 0x00, 0x00, 0x1F, 0x80, 0x0F, 0xC0, 0x00, 0x00, 0x1F, 0x80,
    0x0F, 0xE0, 0x00, 0x00, 0x1F, 0x80, 0x07, 0xE0, 0x00, 0x00, 0x1F, 0x80, 0x07, 0xF0, 0x00, 0x00,
    0x1F, 0x80, 0x03, 0xF0, 0x00, 0x00, 0x3F, 0x80, 0x03, 0xF8, 0x00, 0x00, 0x7F, 0x80, 0x01, 0xFC,
    0x00, 0x00, 0x7F, 0x80, 0x01, 0xFE, 0x00, 0x00, 0xFF, 0x80, 0x00, 0xFF, 0x00, 0x03, 0xFF, 0x80,
    0x00, 0x7F, 0xC0, 0x0F, 0xFF, 0x80, 0x00, 0x3F, 0xFF, 0xFF, 0xEF, 0x80, 0x00, 0x1F, 0xFF, 0xFF,
    0xC7, 0x80, 0x00, 0x07, 0xFF, 0xFF, 0x87, 0x80, 0x00, 0x01, 0xFF, 0xFE, 0x07, 0x80, 0x00, 0x00,
    0x3F, 0xF0, 0x00, 0x00, 0x00, 0x00, 0x00, 0x00, 0x00, 0x00, 0x00, 0x00, 0x00, 0x00, 0x00, 0x00,
    0x00, 0x00, 0x00, 0x00, 0x00, 0x00, 0x00, 0x00, 0x00, 0x00, 0x00, 0x00, 0x00, 0x00, 0x00, 0x00,
    0x00, 0x00, 0x00, 0x00, 0x00, 0x00, 0x00, 0x00, 0x00, 0x00, 0x00, 0x00, 0x00, 0x00, 0x00, 0x00,
    0x00, 0x00, 0x00, 0x00, 0x00, 0x00, 0x00, 0x00, 0x00, 0x00, 0x00, 0x00, 0x00, 0x00, 0x00, 0x00,
    0x00, 0x00, 0x00, 0x00, 0x00, 0x00, 0x00, 0x00, 0x00, 0x00, 0x00, 0x00, 0x00, 0x00, 0x00, 0x00,
    0x00, 0x00, 0x00, 0x00, 0x00, 0x00, 0x00, 0x00, 0x00, 0x00, 0x00, 0x00, 0x00, 0x00, 0x00, 0x00,
    0x00, 0x00, 0x00, 0x00, 0x00, 0x00, 0x00, 0x00, 0x00, 0x00, 0x00, 0x00, 0x00, 0x00, 0x00, 0x00,
    0x00, 0x00, 0x00, 0x00, 0x00, 0x00, 0x00, 0x00, 0x00, 0x00, 0x00, 0x00, 0x00, 0x00, 0x00, 0x00,
    0x00, 0x00, 0x00, 0x00, 0x00, 0x00, 0x00, 0x00, 0x00, 0x00, 0x00, 0x00, 0x00, 0x00, 0x00, 0x00,
    0x00, 0x00, 0x00, 0x00, 0x00, 0x00, 0x00, 0x00, 0x00, 0x00, 0x00, 0x00, 0x00, 0x00, 0x00, 0x00,
    0x00, 0x00, 0x00, 0x00, 0x00, 0x00, 0x00, 0x00, 0x00, 0x00, 0x00, 0x00, 0x00, 0x00, 0x00, 0x00,
    0x00, 0x00, 0x00, 0x00, 0x00, 0x00, 0x00, 0x00, 0x00, 0x00, 0x00, 0x00, 0x00, 0x00, 0x00, 0x00,
    0x00, 0x00, 0x00, 0x00, 0x00, 0x00, 0x00, 0x00, 0x00, 0x00, 0x00, 0x00, 0x00, 0x00, 0x00, 0x00,
    0x00, 0x00, 0x00, 0x00, 0x00, 0x00, 0x00, 0x00, 0x00, 0x00, 0x00, 0x00, 0x00, 0x00, 0x00, 0x00,
    0x00, 0x00, 0x07, 0xE0, 0x00, 0x00, 0x7E, 0x00, 0x07, 0xE0, 0x00, 0x00, 0x7E, 0x00, 0x07, 0xE0,
    0x00, 0x00, 0x7E, 0x00, 0x07, 0xE0, 0x00, 0x00, 0x7E, 0x00, 0x07, 0xE0, 0x00, 0x00, 0x7E, 0x00,
    0x07, 0xE0, 0x00, 0x00, 0x7E, 0x00, 0x07, 0xE0, 0x00, 0x00, 0x7E, 0x00, 0x07, 0xE0, 0x00, 0x00,
    0x7E, 0x00, 0x07, 0xE0, 0x00, 0x00, 0x7E, 0x00, 0x07, 0xE0, 0x00, 0x00, 0x7E, 0x00, 0x07, 0xE0,
    0x00, 0x00, 0x7E, 0x00, 0x07, 0xE0, 0x00, 0x00, 0x7E, 0x00, 0x07, 0xE0, 0x00, 0x00, 0x7E, 0x00,
    0x07, 0xE0, 0x00, 0x00, 0x7E, 0x00, 0x07, 0xE0, 0x00, 0x00, 0x7E, 0x00, 0x07, 0xE0, 0x00, 0x00,
    0x7E, 0x00, 0x07, 0xE0, 0x00, 0x00, 0x7E, 0x00, 0x07, 0xE0, 0x00, 0x00, 0x7E, 0x00, 0x07, 0xFF,
    0xFF, 0xFF, 0xFE, 0x00, 0x07, 0xFF, 0xFF, 0xFF, 0xFE, 0x00, 0x07, 0xFF, 0xFF, 0xFF, 0xFE, 0x00,
    0x07, 0xFF, 0xFF, 0xFF, 0xFE, 0x00, 0x07, 0xFF, 0xFF, 0xFF, 0xFE, 0x00, 0x07, 0xE0, 0x00, 0x00,
    0x7E, 0x00, 0x07, 0xE0, 0x00, 0x00, 0x7E, 0x00, 0x07, 0xE0, 0x00, 0x00, 0x7E, 0x00, 0x07, 0xE0,
    0x00, 0x00, 0x7E, 0x00, 0x07, 0xE0, 0x00, 0x00, 0x7E, 0x00, 0x07, 0xE0, 0x00, 0x00, 0x7E, 0x00,
    0x07, 0xE0, 0x00, 0x00, 0x7E, 0x00, 0x07, 0xE0, 0x00, 0x00, 0x7E, 0x00, 0x07, 0xE0, 0x00, 0x00,
    0x7E, 0x00, 0x07, 0xE0, 0x00, 0x00, 0x7E, 0x00, 0x07, 0xE0, 0x00, 0x00, 0x7E, 0x00, 0x07, 0xE0,
    0x00, 0x00, 0x7E, 0x00, 0x07, 0xE0, 0x00, 0x00, 0x7E, 0x00, 0x07, 0xE0, 0x00, 0x00, 0x7E, 0x00,
    0x07, 0xE0, 0x00, 0x00, 0x7E, 0x00, 0x07, 0xE0, 0x00, 0x00, 0x7E, 0x00, 0x07, 0xE0, 0x00, 0x00,
    0x7E, 0x00, 0x07, 0xE0, 0x00, 0x00, 0x7E, 0x00, 0x07, 0xE0, 0x00, 0x00, 0x7E, 0x00, 0x00, 0x00,
    0x00, 0x00, 0x00, 0x00, 0x00, 0x00, 0x00, 0x00, 0x00, 0x00, 0x00, 0x00, 0x00, 0x00, 0x00, 0x00,
    0x00, 0x00, 0x00, 0x00, 0x00, 0x00, 0x00, 0x00, 0x00, 0x00, 0x00, 0x00, 0x00, 0x00, 0x00, 0x00,
    0x00, 0x00, 0x00, 0x00, 0x00, 0x00, 0x00, 0x00, 0x00, 0x00, 0x00, 0x00, 0x00, 0x00, 0x00, 0x00,
    0x00, 0x00, 0x00, 0x00, 0x00, 0x00, 0x00, 0x00, 0x00, 0x00, 0x00, 0x00, 0x00, 0x00, 0x00, 0x00,
    0x00, 0x00, 0x00, 0x00, 0x00, 0x00, 0x00, 0x00, 0x00, 0x00, 0x00, 0x00, 0x00, 0x00, 0x00, 0x00,
    0x00, 0x00, 0x00, 0x00, 0x00, 0x00, 0x00, 0x00, 0x00, 0x00, 0x00, 0x00, 0x00, 0x00, 0x00, 0x00,
    0x00, 0x00, 0x00, 0x00, 0x00, 0x00, 0x00, 0x00, 0x00, 0x00, 0x00, 0x00, 0x00, 0x00, 0x00, 0x00,
    0x00, 0x00, 0x00, 0x00, 0x00, 0x00, 0x00, 0x00, 0x00, 0x00, 0x00, 0x00, 0x00, 0x00, 0x00, 0x00,
    0x00, 0x00, 0x00, 0x00, 0x00, 0x00, 0x00, 0x00, 0x00, 0x00, 0x00, 0x00, 0x00, 0x00, 0x00, 0x00,
    0x00, 0x00, 0x00, 0x00, 0x00, 0x00, 0x00, 0x00, 0x00, 0x00, 0x00, 0x00, 0x00, 0x00, 0x00, 0x00,
    0x00, 0x00, 0x00, 0x00, 0x00, 0x00, 0x00, 0x00, 0x00, 0x00, 0x00, 0x00, 0x00, 0x00, 0x00, 0x00,
    0x00, 0x00, 0x00, 0x00, 0x00, 0x00, 0x00, 0x00, 0x00, 0x00, 0x00, 0x00, 0x0F, 0xFF, 0xFC, 0x00,
    0x0F, 0xFF, 0xFC, 0x00, 0x0F, 0xFF, 0xFC, 0x00, 0x0F, 0xFF, 0xFC, 0x00, 0x0F, 0xFF, 0xFC, 0x00,
    0x00, 0x3F, 0x00, 0x00, 0x00, 0x3F, 0x00, 0x00, 0x00, 0x3F, 0x00, 0x00, 0x00, 0x3F, 0x00, 0x00,
    0x00, 0x3F, 0x00, 0x00, 0x00, 0x3F, 0x00, 0x00, 0x00, 0x3F, 0x00, 0x00, 0x00, 0x3F, 0x00, 0x00,
    0x00, 0x3F, 0x00, 0x00, 0x00, 0x3F, 0x00, 0x00, 0x00, 0x3F, 0x00, 0x00, 0x00, 0x3F, 0x00, 0x00,
    0x00, 0x3F, 0x00, 0x00, 0x00, 0x3F, 0x00, 0x00, 0x00, 0x3F, 0x00, 0x00, 0x00, 0x3F, 0x00, 0x00,
    0x00, 0x3F, 0x00, 0x00, 0x00, 0x3F, 0x00, 0x00, 0x00, 0x3F, 0x00, 0x00, 0x00, 0x3F, 0x00, 0x00,
    0x00, 0x3F, 0x00, 0x00, 0x00, 0x3F, 0x00, 0x00, 0x00, 0x3F, 0x00, 0x00, 0x00, 0x3F, 0x00, 0x00,
    0x00, 0x3F, 0x00, 0x00, 0x00, 0x3F, 0x00, 0x00, 0x00, 0x3F, 0x00, 0x00, 0x00, 0x3F, 0x00, 0x00,
    0x00, 0x3F, 0x00, 0x00, 0x00, 0x3F, 0x00, 0x00, 0x00, 0x3F, 0x00, 0x00, 0x00, 0x3F, 0x00, 0x00,
    0x0F, 0xFF, 0xFC, 0x00, 0x0F, 0xFF, 0xFC, 0x00, 0x0F, 0xFF, 0xFC, 0x00, 0x0F, 0xFF, 0xFC, 0x00,
    0x0F, 0xFF, 0xFC, 0x00, 0x00, 0x00, 0x00, 0x00, 0x00, 0x00, 0x00, 0x00, 0x00, 0x00, 0x00, 0x00,
    0x00, 0x00, 0x00, 0x00, 0x00, 0x00, 0x00, 0x00, 0x00, 0x00, 0x00, 0x00, 0x00, 0x00, 0x00, 0x00,
    0x00, 0x00, 0x00, 0x00, 0x00, 0x00, 0x00, 0x00, 0x00, 0x00, 0x00, 0x00, 0x00, 0x00, 0x00, 0x00,
    0x00, 0x00, 0x00, 0x00, 0x00, 0x00, 0x00, 0x00, 0x00, 0x00, 0x00, 0x00, 0x00, 0x00, 0x00, 0x00,
    0x00, 0x00, 0x00, 0x00, 0x00, 0x00, 0x00, 0x00, 0x00, 0x00, 0x00, 0x00, 0x00, 0x00, 0x00, 0x00,
    0x00, 0x00, 0x00, 0x00, 0x00, 0x00, 0x00, 0x00, 0x00, 0x00, 0x00, 0x00, 0x00, 0x00, 0x00, 0x00,
    0x00, 0x00, 0x00, 0x00, 0x00, 0x00, 0x00, 0x00, 0x00, 0x00, 0x00, 0x00, 0x00, 0x00, 0x00, 0x00,
    0x00, 0x00, 0x00, 0x00, 0x00, 0x00, 0x00, 0x00, 0x00, 0x00, 0x00, 0x00, 0x00, 0x00, 0x00, 0x00,
    0x00, 0x00, 0x00, 0x00, 0x00, 0x00, 0x00, 0x00, 0x00, 0x00, 0x00, 0x00, 0x00, 0x00, 0x00, 0x00,
    0x00, 0x00, 0x00, 0x00, 0x00, 0x00, 0x00, 0x00, 0x00, 0x00, 0x00, 0x00, 0x00, 0x00, 0x00, 0x00,
    0x00, 0x00, 0x00, 0x00, 0x00, 0x00, 0x00, 0x00, 0x00, 0x00, 0x00, 0x00, 0x00, 0x00, 0x00, 0x00,
    0x00, 0x03, 0xF0, 0x00, 0x00, 0x00, 0x03, 0xF0, 0x00, 0x00, 0x00, 0x03, 0xF0, 0x00, 0x00, 0x00,
    0x03, 0xF0, 0x00, 0x00, 0x00, 0x03, 0xF0, 0x00, 0x00, 0x00, 0x03, 0xF0, 0x00, 0x00, 0x00, 0x03,
    0xF0, 0x00, 0x00, 0x00, 0x03, 0xF0, 0x00, 0x00, 0x00, 0x03, 0xF0, 0x00, 0x00, 0x00, 0x03, 0xF0,
    0x00, 0x00, 0x00, 0x03, 0xF0, 0x00, 0x00, 0x00, 0x03, 0xF0, 0x00, 0x00, 0x00, 0x03, 0xF0, 0x00,
    0x00, 0x00, 0x03, 0xF0, 0x00, 0x00, 0x00, 0x03, 0xF0, 0x00, 0x00, 0x00, 0x03, 0xF0, 0x00, 0x00,
    0x00, 0x03, 0xF0, 0x00, 0x00, 0x00, 0x03, 0xF0, 0x00, 0x00, 0x00, 0x03, 0xF0, 0x00, 0x00, 0x00,
    0x03, 0xF0, 0x00, 0x00, 0x00, 0x03, 0xF0, 0x00, 0x00, 0x00, 0x03, 0xF0, 0x00, 0x00, 0x00, 0x03,
    0xF0, 0x00, 0x00, 0x00, 0x03, 0xF0, 0x00, 0x00, 0x00, 0x03, 0xF0, 0x00, 0x00, 0x00, 0x03, 0xF0,
    0x00, 0x00, 0x00, 0x03, 0xF0, 0x00, 0x00, 0x00, 0x03, 0xF0, 0x00, 0x00, 0x00, 0x03, 0xF0, 0x00,
    0x0E, 0x00, 0x03, 0xF0, 0x00, 0x7E, 0x00, 0x03, 0xF0, 0x00, 0x7E, 0x00, 0x03, 0xF0, 0x00, 0x7E,
    0x00, 0x07, 0xE0, 0x00, 0x7E, 0x00, 0x07, 0xE0, 0x00, 0x3F, 0x00, 0x07, 0xE0, 0x00, 0x3F, 0x00,
    0x0F, 0xE0, 0x00, 0x3F, 0x80, 0x1F, 0xC0, 0x00, 0x1F, 0xE0, 0x3F, 0xC0, 0x00, 0x0F, 0xFF, 0xFF,
    0x80, 0x00, 0x0F, 0xFF, 0xFF, 0x00, 0x00, 0x03, 0xFF, 0xFE, 0x00, 0x00, 0x01, 0xFF, 0xF8, 0x00,
    0x00, 0x00, 0x3F, 0xE0, 0x00, 0x00, 0x00, 0x00, 0x00, 0x00, 0x00, 0x00, 0x00, 0x00, 0x00, 0x00,
    0x00, 0x00, 0x00, 0x00, 0x00, 0x00, 0x00, 0x00, 0x00, 0x00, 0x00, 0x00, 0x00, 0x00, 0x00, 0x00,
    0x00, 0x00, 0x00, 0x00, 0x00, 0x00, 0x00, 0x00, 0x00, 0x00, 0x00, 0x00, 0x00, 0x00, 0x00, 0x00,
    0x00, 0x00, 0x00, 0x00, 0x00, 0x00, 0x00, 0x00, 0x00, 0x00, 0x00, 0x00, 0x00, 0x00, 0x00, 0x00,
    0x00, 0x00, 0x00, 0x00, 0x00, 0x00, 0x00, 0x00, 0x00, 0x00, 0x00, 0x00, 0x00, 0x00, 0x00, 0x00,
    0x00, 0x00, 0x00, 0x00, 0x00, 0x00, 0x00, 0x00, 0x00, 0x00, 0x00, 0x00, 0x00, 0x00, 0x00, 0x00,
    0x00, 0x00, 0x00, 0x00, 0x00, 0x00, 0x00, 0x00, 0x00, 0x00, 0x00, 0x00, 0x00, 0x00, 0x00, 0x00,
    0x00, 0x00, 0x00, 0x00, 0x00, 0x00, 0x00, 0x00, 0x00, 0x00, 0x00, 0x00, 0x00, 0x00, 0x00, 0x00,
    0x00, 0x00, 0x00, 0x00, 0x00, 0x00, 0x00, 0x00, 0x00, 0x00, 0x00, 0x00, 0x00, 0x00, 0x00, 0x00,
    0x00, 0x00, 0x00, 0x00, 0x00, 0x00, 0x00, 0x00, 0x00, 0x00, 0x00, 0x00, 0x00, 0x00, 0x00, 0x00,
    0x00, 0x00, 0x00, 0x00, 0x00, 0x00, 0x00, 0x00, 0x00, 0x00, 0x00, 0x00, 0x00, 0x00, 0x00, 0x00,
    0x00, 0x00, 0x00, 0x00, 0x00, 0x00, 0x00, 0x00, 0x00, 0x00, 0x00, 0x00, 0x00, 0x00, 0x00, 0x07,
    0xE0, 0x00, 0x03, 0xF8, 0x07, 0xE0, 0x00, 0x07, 0xF0, 0x07, 0xE0, 0x00, 0x0F, 0xE0, 0x07, 0xE0,
    0x00, 0x1F, 0xC0, 0x07, 0xE0, 0x00, 0x3F, 0xC0, 0x07, 0xE0, 0x00, 0x7F, 0x80, 0x07, 0xE0, 0x00,
    0xFF, 0x00, 0x07, 0xE0, 0x01, 0xFE, 0x00, 0x07, 0xE0, 0x03, 0xFC, 0x00, 0x07, 0xE0, 0x07, 0xF8,
    0x00, 0x07, 0xE0, 0x07, 0xF0, 0x00, 0x07, 0xE0, 0x0F, 0xE0, 0x00, 0x07, 0xE0, 0x1F, 0xC0, 0x00,
    0x07, 0xE0, 0x3F, 0x80, 0x00, 0x07, 0xE0, 0x7F, 0x00, 0x00, 0x07, 0xE0, 0xFE, 0x00, 0x00, 0x07,
    0xE1, 0xFC, 0x00, 0x00, 0x07, 0xE3, 0xFC, 0x00, 0x00, 0x07, 0xE7, 0xFC, 0x00, 0x00, 0x07, 0xEF,
    0xFE, 0x00, 0x00, 0x07, 0xEF, 0xFE, 0x00, 0x00, 0x07, 0xFF, 0xFF, 0x00, 0x00, 0x07, 0xFF, 0xBF,
    0x80, 0x00, 0x07, 0xFF, 0x3F, 0xC0, 0x00, 0x07, 0xFE, 0x1F, 0xC0, 0x00, 0x07, 0xFC, 0x0F, 0xE0,
    0x00, 0x07, 0xF8, 0x07, 0xF0, 0x00, 0x07, 0xF0, 0x07, 0xF8, 0x00, 0x07, 0xE0, 0x03, 0xF8, 0x00,
    0x07, 0xE0, 0x01, 0xFC, 0x00, 0x07, 0xE0, 0x00, 0xFE, 0x00, 0x07, 0xE0, 0x00, 0xFF, 0x00, 0x07,
    0xE0, 0x00, 0x7F, 0x00, 0x07, 0xE0, 0x00, 0x3F, 0x80, 0x07, 0xE0, 0x00, 0x1F, 0xC0, 0x07, 0xE0,
    0x00, 0x1F, 0xE0, 0x07, 0xE0, 0x00, 0x0F, 0xE0, 0x07, 0xE0, 0x00, 0x07, 0xF0, 0x07, 0xE0, 0x00,
    0x07, 0xF8, 0x07, 0xE0, 0x00, 0x03, 0xFC, 0x07, 0xE0, 0x00, 0x01, 0xFC, 0x07, 0xE0, 0x00, 0x00,
    0xFE, 0x00, 0x00, 0x00, 0x00, 0x00, 0x00, 0x00, 0x00, 0x00, 0x00, 0x00, 0x00, 0x00, 0x00, 0x00,
    0x00, 0x00, 0x00, 0x00, 0x00, 0x00, 0x00, 0x00, 0x00, 0x00, 0x00, 0x00, 0x00, 0x00, 0x00, 0x00,
    0x00, 0x00, 0x00, 0x00, 0x00, 0x00, 0x00, 0x00, 0x00, 0x00, 0x00, 0x00, 0x00, 0x00, 0x00, 0x00,
    0x00, 0x00, 0x00, 0x00, 0x00, 0x00, 0x00, 0x00, 0x00, 0x00, 0x00, 0x00, 0x00, 0x00, 0x00, 0x00,
    0x00, 0x00, 0x00, 0x00, 0x00, 0x00, 0x00, 0x00, 0x00, 0x00, 0x00, 0x00, 0x00, 0x00, 0x00, 0x00,
    0x00, 0x00, 0x00, 0x00, 0x00, 0x00, 0x00, 0x00, 0x00, 0x00, 0x00, 0x00, 0x00, 0x00, 0x00, 0x00,
    0x00, 0x00, 0x00, 0x00, 0x00, 0x00, 0x00, 0x00, 0x00, 0x00, 0x00, 0x00, 0x00, 0x00, 0x00, 0x00,
    0x00, 0x00, 0x00, 0x00, 0x00, 0x00, 0x00, 0x00, 0x00, 0x00, 0x00, 0x00, 0x00, 0x00, 0x00, 0x00,
    0x00, 0x00, 0x00, 0x00, 0x00, 0x00, 0x00, 0x00, 0x00, 0x00, 0x00, 0x00, 0x00, 0x00, 0x00, 0x00,
    0x00, 0x00, 0x00, 0x00, 0x00, 0x00, 0x00, 0x00, 0x00, 0x00, 0x00, 0x00, 0x00, 0x00, 0x00, 0x00,
    0x00, 0x00, 0x00, 0x00, 0x00, 0x00, 0x00, 0x00, 0x00, 0x00, 0x00, 0x00, 0x00, 0x00, 0x00, 0x00,
    0x00, 0x00, 0x00, 0x00, 0x00, 0x00, 0x00, 0x00, 0x00, 0x00, 0x00, 0x00, 0x00, 0x00, 0x00, 0x07,
    0xE0, 0x00, 0x00, 0x00, 0x07, 0xE0, 0x00, 0x00, 0x00, 0x07, 0xE0, 0x00, 0x00, 0x00, 0x07, 0xE0,
    0x00, 0x00, 0x00, 0x07, 0xE0, 0x00, 0x00, 0x00, 0x07, 0xE0, 0x00, 0x00, 0x00, 0x07, 0xE0, 0x00,
    0x00, 0x00, 0x07, 0xE0, 0x00, 0x00, 0x00, 0x07, 0xE0, 0x00, 0x00, 0x00, 0x07, 0xE0, 0x00, 0x00,
    0x00, 0x07, 0xE0, 0x00, 0x00, 0x00, 0x07, 0xE0, 0x00, 0x00, 0x00, 0x07, 0xE0, 0x00, 0x00, 0x00,
    0x07, 0xE0, 0x00, 0x00, 0x00, 0x07, 0xE0, 0x00, 0x00, 0x00, 0x07, 0xE0, 0x00, 0x00, 0x00, 0x07,
    0xE0, 0x00, 0x00, 0x00, 0x07, 0xE0, 0x00, 0x00, 0x00, 0x07, 0xE0, 0x00, 0x00, 0x00, 0x07, 0xE0,
    0x00, 0x00, 0x00, 0x07, 0xE0, 0x00, 0x00, 0x00, 0x07, 0xE0, 0x00, 0x00, 0x00, 0x07, 0xE0, 0x00,
    0x00, 0x00, 0x07, 0xE0, 0x00, 0x00, 0x00, 0x07, 0xE0, 0x00, 0x00, 0x00, 0x07, 0xE0, 0x00, 0x00,
    0x00, 0x07, 0xE0, 0x00, 0x00, 0x00, 0x07, 0xE0, 0x00, 0x00, 0x00, 0x07, 0xE0, 0x00, 0x00, 0x00,
    0x07, 0xE0, 0x00, 0x00, 0x00, 0x07, 0xE0, 0x00, 0x00, 0x00, 0x07, 0xE0, 0x00, 0x00, 0x00, 0x07,
    0xE0, 0x00, 0x00, 0x00, 0x07, 0xE0, 0x00, 0x00, 0x00, 0x07, 0xE0, 0x00, 0x00, 0x00, 0x07, 0xE0,
    0x00, 0x00, 0x00, 0x07, 0xE0, 0x00, 0x00, 0x00, 0x07, 0xFF, 0xFF, 0xFF, 0xC0, 0x07, 0xFF, 0xFF,
    0xFF, 0xC0, 0x07, 0xFF, 0xFF, 0xFF, 0xC0, 0x07, 0xFF, 0xFF, 0xFF, 0xC0, 0x07, 0xFF, 0xFF, 0xFF,
    0xC0, 0x00, 0x00, 0x00, 0x00, 0x00, 0x00, 0x00, 0x00, 0x00, 0x00, 0x00, 0x00, 0x00, 0x00, 0x00,
    0x00, 0x00, 0x00, 0x00, 0x00, 0x00, 0x00, 0x00, 0x00, 0x00, 0x00, 0x00, 0x00, 0x00, 0x00, 0x00,
    0x00, 0x00, 0x00, 0x00, 0x00, 0x00, 0x00, 0x00, 0x00, 0x00, 0x00, 0x00, 0x00, 0x00, 0x00, 0x00,
    0x00, 0x00, 0x00, 0x00, 0x00, 0x00, 0x00, 0x00, 0x00, 0x00, 0x00, 0x00, 0x00, 0x00, 0x00, 0x00,
    0x00, 0x00, 0x00, 0x00, 0x00, 0x00, 0x00, 0x00, 0x00, 0x00, 0x00, 0x00, 0x00, 0x00, 0x00, 0x00,
    0x00, 0x00, 0x00, 0x00, 0x00, 0x00, 0x00, 0x00, 0x00, 0x00, 0x00, 0x00, 0x00, 0x00, 0x00, 0x00,
    0x00, 0x00, 0x00, 0x00, 0x00, 0x00, 0x00, 0x00, 0x00, 0x00, 0x00, 0x00, 0x00, 0x00, 0x00, 0x00,
    0x00, 0x00, 0x00, 0x00, 0x00, 0x00, 0x00, 0x00, 0x00, 0x00, 0x00, 0x00, 0x00, 0x00, 0x00, 0x00,
    0x00, 0x00, 0x00, 0x00, 0x00, 0x00, 0x00, 0x00, 0x00, 0x00, 0x00, 0x00, 0x00, 0x00, 0x00, 0x00,
    0x00, 0x00, 0x00, 0x00, 0x00, 0x00, 0x00, 0x00, 0x00, 0x00, 0x00, 0x00, 0x00, 0x00, 0x00, 0x00,
    0x00, 0x00, 0x00, 0x00, 0x00, 0x00, 0x00, 0x00, 0x00, 0x00, 0x00, 0x00, 0x00, 0x00, 0x00, 0x00,
    0x00, 0x00, 0x00, 0x00, 0x00, 0x00, 0x00, 0x00, 0x00, 0x00, 0x00, 0x00, 0x00, 0x00, 0x00, 0x00,
    0x00, 0x00, 0x00, 0x00, 0x00, 0x00, 0x00, 0x00, 0x00, 0x00, 0x00, 0x00, 0x00, 0x00, 0x00, 0x00,
    0x00, 0x00, 0x00, 0x00, 0x00, 0x00, 0x00, 0x00, 0x00, 0x00, 0x00, 0x00, 0x00, 0x00, 0x00, 0x00,
    0x00, 0x00, 0x00, 0x00, 0x00, 0x07, 0xFE, 0x00, 0x00, 0x07, 0xFF, 0x00, 0x07, 0xFE, 0x00, 0x00,
    0x07, 0xFF, 0x00, 0x07, 0xFF, 0x00, 0x00, 0x07, 0xFF, 0x00, 0x07, 0xFF, 0x00, 0x00, 0x0F, 0xFF,
    0x00, 0x07, 0xFF, 0x00, 0x00, 0x0F, 0xFF, 0x00, 0x07, 0xFF, 0x80, 0x00, 0x0F, 0xFF, 0x00, 0x07,
    0xFF, 0x80, 0x00, 0x1F, 0xFF, 0x00, 0x07, 0xFF, 0x80, 0x00, 0x1F, 0xFF, 0x00, 0x07, 0xEF, 0xC0,
    0x00, 0x1F, 0xBF, 0x00, 0x07, 0xEF, 0xC0, 0x00, 0x3F, 0xBF, 0x00, 0x07, 0xEF, 0xC0, 0x00, 0x3F,
    0x3F, 0x00, 0x07, 0xE7, 0xE0, 0x00, 0x3F, 0x3F, 0x00, 0x07, 0xE7, 0xE0, 0x00, 0x7E, 0x3F, 0x00,
    0x07, 0xE7, 0xE0, 0x00, 0x7E, 0x3F, 0x00, 0x07, 0xE3, 0xF0, 0x00, 0x7E, 0x3F, 0x00, 0x07, 0xE3,
    0xF0, 0x00, 0xFC, 0x3F, 0x00, 0x07, 0xE3, 0xF0, 0x00, 0xFC, 0x3F, 0x00, 0x07, 0xE1, 0xF8, 0x00,
    0xFC, 0x3F, 0x00, 0x07, 0xE1, 0xF8, 0x01, 0xF8, 0x3F, 0x00, 0x07, 0xE1, 0xF8, 0x01, 0xF8, 0x3F,
    0x00, 0x07, 0xE0, 0xFC, 0x01, 0xF8, 0x3F, 0x00, 0x07, 0xE0, 0xFC, 0x03, 0xF0, 0x3F, 0x00, 0x07,
    0xE0, 0xFC, 0x03, 0xF0, 0x3F, 0x00, 0x07, 0xE0, 0x7E, 0x03, 0xF0, 0x3F, 0x00, 0x07, 0xE0, 0x7E,
    0x07, 0xE0, 0x3F, 0x00, 0x07, 0xE0, 0x3E, 0x07, 0xE0, 0x3F, 0x00, 0x07, 0xE0, 0x3F, 0x07, 0xE0,
    0x3F, 0x00, 0x07, 0xE0, 0x3F, 0x0F, 0xC0, 0x3F, 0x00, 0x07, 0xE0, 0x1F, 0x0F, 0xC0, 0x3F, 0x00,
    0x07, 0xE0, 0x1F, 0x8F, 0xC0, 0x3F, 0x00, 0x07, 0xE0, 0x1F, 0x9F, 0x80, 0x3F, 0x00, 0x07, 0xE0,
    0x0F, 0x9F, 0x80, 0x3F, 0x00, 0x07, 0xE0, 0x0F, 0xDF, 0x80, 0x3F, 0x00, 0x07, 0xE0, 0x0F, 0xFF,
    0x00, 0x3F, 0x00, 0x07, 0xE0, 0x07, 0xFF, 0x00, 0x3F, 0x00, 0x07, 0xE0, 0x07, 0xFF, 0x00, 0x3F,
    0x00, 0x07, 0xE0, 0x07, 0xFE, 0x00, 0x3F, 0x00, 0x07, 0xE0, 0x03, 0xFE, 0x00, 0x3F, 0x00, 0x07,
    0xE0, 0x03, 0xFC, 0x00, 0x3F, 0x00, 0x07, 0xE0, 0x03, 0xFC, 0x00, 0x3F, 0x00, 0x07, 0xE0, 0x01,
    0xFC, 0x00, 0x3F, 0x00, 0x07, 0xE0, 0x01, 0xF8, 0x00, 0x3F, 0x00, 0x00, 0x00, 0x00, 0x00, 0x00,
    0x00, 0x00, 0x00, 0x00, 0x00, 0x00, 0x00, 0x00, 0x00, 0x00, 0x00, 0x00, 0x00, 0x00, 0x00, 0x00,
    0x00, 0x00, 0x00, 0x00, 0x00, 0x00, 0x00, 0x00, 0x00, 0x00, 0x00, 0x00, 0x00, 0x00, 0x00, 0x00,
    0x00, 0x00, 0x00, 0x00, 0x00, 0x00, 0x00, 0x00, 0x00, 0x00, 0x00, 0x00, 0x00, 0x00, 0x00, 0x00,
    0x00, 0x00, 0x00, 0x00, 0x00, 0x00, 0x00, 0x00, 0x00, 0x00, 0x00, 0x00, 0x00, 0x00, 0x00, 0x00,
    0x00, 0x00, 0x00, 0x00, 0x00, 0x00, 0x00, 0x00, 0x00, 0x00, 0x00, 0x00, 0x00, 0x00, 0x00, 0x00,
    0x00, 0x00, 0x00, 0x00, 0x00, 0x00, 0x00, 0x00, 0x00, 0x00, 0x00, 0x00, 0x00, 0x00, 0x00, 0x00,
    0x00, 0x00, 0x00, 0x00, 0x00, 0x00, 0x00, 0x00, 0x00, 0x00, 0x00, 0x00, 0x00, 0x00, 0x00, 0x00,
    0x00, 0x00, 0x00, 0x00, 0x00, 0x00, 0x00, 0x00, 0x00, 0x00, 0x00, 0x00, 0x00, 0x00, 0x00, 0x00,
    0x00, 0x00, 0x00, 0x00, 0x00, 0x00, 0x00, 0x00, 0x00, 0x00, 0x00, 0x00, 0x00, 0x00, 0x00, 0x00,
    0x00, 0x00, 0x00, 0x00, 0x00, 0x00, 0x00, 0x00, 0x00, 0x00, 0x00, 0x00, 0x00, 0x00, 0x00, 0x00,
    0x00, 0x00, 0x00, 0x00, 0x00, 0x00, 0x00, 0x00, 0x00, 0x00, 0x00, 0x00, 0x00, 0x00, 0x00, 0x00,
    0x00, 0x00, 0x00, 0x00, 0x00, 0x00, 0x00, 0x00, 0x00, 0x00, 0x00, 0x00, 0x00, 0x00, 0x00, 0x00,
    0x00, 0x00, 0x00, 0x00, 0x00, 0x00, 0x00, 0x00, 0x00, 0x00, 0x00, 0x00, 0x00, 0x00, 0x00, 0x00,
    0x00, 0x00, 0x00, 0x00, 0x00, 0x00, 0x00, 0x00, 0x00, 0x00, 0x00, 0x00, 0x00, 0x00, 0x00, 0x00,
    0x00, 0x00, 0x00, 0x00, 0x00, 0x00, 0x00, 0x00, 0x00, 0x00, 0x00, 0x00, 0x00, 0x00, 0x00, 0x00,
    0x00, 0x00, 0x07, 0xFC, 0x00, 0x00, 0x7E, 0x00, 0x07, 0xFE, 0x00, 0x00, 0x7E, 0x00, 0x07, 0xFE,
    0x00, 0x00, 0x7E, 0x00, 0x07, 0xFF, 0x00, 0x00, 0x7E, 0x00, 0x07, 0xFF, 0x00, 0x00, 0x7E, 0x00,
    0x07, 0xFF, 0x80, 0x00, 0x7E, 0x00, 0x07, 0xFF, 0x80, 0x00, 0x7E, 0x00, 0x07, 0xFF, 0xC0, 0x00,
    0x7E, 0x00, 0x07, 0xEF, 0xC0, 0x00, 0x7E, 0x00, 0x07, 0xE7, 0xE0, 0x00, 0x7E, 0x00, 0x07, 0xE7,
    0xF0, 0x00, 0x7E, 0x00, 0x07, 0xE3, 0xF0, 0x00, 0x7E, 0x00, 0x07, 0xE3, 0xF8, 0x00, 0x7E, 0x00,
    0x07, 0xE1, 0xF8, 0x00, 0x7E, 0x00, 0x07, 0xE1, 0xFC, 0x00, 0x7E, 0x00, 0x07, 0xE0, 0xFC, 0x00,
    0x7E, 0x00, 0x07, 0xE0, 0xFE, 0x00, 0x7E, 0x00, 0x07, 0xE0, 0x7E, 0x00, 0x7E, 0x00, 0x07, 0xE0,
    0x3F, 0x00, 0x7E, 0x00, 0x07, 0xE0, 0x3F, 0x00, 0x7E, 0x00, 0x07, 0xE0, 0x1F, 0x80, 0x7E, 0x00,
    0x07, 0xE0, 0x1F, 0x80, 0x7E, 0x00, 0x07, 0xE0, 0x0F, 0xC0, 0x7E, 0x00, 0x07, 0xE0, 0x0F, 0xE0,
    0x7E, 0x00, 0x07, 0xE0, 0x07, 0xE0, 0x7E, 0x00, 0x07, 0xE0, 0x07, 0xF0, 0x7E, 0x00, 0x07, 0xE0,
    0x03, 0xF0, 0x7E, 0x00, 0x07, 0xE0, 0x03, 0xF8, 0x7E, 0x00, 0x07, 0xE0, 0x01, 0xF8, 0x7E, 0x00,
    0x07, 0xE0, 0x00, 0xFC, 0x7E, 0x00, 0x07, 0xE0, 0x00, 0xFC, 0x7E, 0x00, 0x07, 0xE0, 0x00, 0x7E,
    0x7E, 0x00, 0x07, 0xE0, 0x00, 0x7E, 0x7E, 0x00, 0x07, 0xE0, 0x00, 0x3F, 0x7E, 0x00, 0x07, 0xE0,
    0x00, 0x3F, 0xFE, 0x00, 0x07, 0xE0, 0x00, 0x1F, 0xFE, 0x00, 0x07, 0xE0, 0x00, 0x1F, 0xFE, 0x00,
    0x07, 0xE0, 0x00, 0x0F, 0xFE, 0x00, 0x07, 0xE0, 0x00, 0x0F, 0xFE, 0x00, 0x07, 0xE0, 0x00, 0x07,
    0xFE, 0x00, 0x07, 0xE0, 0x00, 0x03, 0xFE, 0x00, 0x07, 0xE0, 0x00, 0x03, 0xFE, 0x00, 0x00, 0x00,
    0x00, 0x00, 0x00, 0x00, 0x00, 0x00, 0x00, 0x00, 0x00, 0x00, 0x00, 0x00, 0x00, 0x00, 0x00, 0x00,
    0x00, 0x00, 0x00, 0x00, 0x00, 0x00, 0x00, 0x00, 0x00, 0x00, 0x00, 0x00, 0x00, 0x00, 0x00, 0x00,
    0x00, 0x00, 0x00, 0x00, 0x00, 0x00, 0x00, 0x00, 0x00, 0x00, 0x00, 0x00, 0x00, 0x00, 0x00, 0x00,
    0x00, 0x00, 0x00, 0x00, 0x00, 0x00, 0x00, 0x00, 0x00, 0x00, 0x00, 0x00, 0x00, 0x00, 0x00, 0x00,
    0x00, 0x00, 0x00, 0x00, 0x00, 0x00, 0x00, 0x00, 0x00, 0x00, 0x00, 0x00, 0x00, 0x00, 0x00, 0x00,
    0x00, 0x00, 0x00, 0x00, 0x00, 0x00, 0x00, 0x00, 0x00, 0x00, 0x00, 0x00, 0x00, 0x00, 0x00, 0x00,
    0x00, 0x00, 0x00, 0x00, 0x00, 0x00, 0x00, 0x00, 0x00, 0x00, 0x00, 0x00, 0x00, 0x00, 0x00, 0x00,
    0x00, 0x00, 0x00, 0x00, 0x00, 0x00, 0x00, 0x00, 0x00, 0x00, 0x00, 0x00, 0x00, 0x00, 0x00, 0x00,
    0x00, 0x00, 0x00, 0x00, 0x00, 0x00, 0x00, 0x00, 0x00, 0x00, 0x00, 0x00, 0x00, 0x00, 0x00, 0x00,
    0x00, 0x00, 0x00, 0x00, 0x00, 0x00, 0x00, 0x00, 0x00, 0x00, 0x00, 0x00, 0x00, 0x00, 0x00, 0x00,
    0x00, 0x00, 0x00, 0x00, 0x00, 0x00, 0x00, 0x00, 0x00, 0x00, 0x00, 0x00, 0x00, 0x00, 0x00, 0x00,
    0x00, 0x00, 0x00, 0x00, 0x00, 0x00, 0x00, 0x00, 0x00, 0x00, 0x00, 0x00, 0x00, 0x00, 0x00, 0x00,
    0x00, 0x00, 0x00, 0x00, 0x00, 0x00, 0x00, 0x00, 0x00, 0x00, 0x00, 0x00, 0x00, 0x00, 0x00, 0x00,
    0x00, 0x00, 0x00, 0x00, 0x00, 0x00, 0x00, 0x00, 0x00, 0x00, 0x00, 0x00, 0x00, 0x00, 0x3F, 0xF0,
    0x00, 0x00, 0x00, 0x01, 0xFF, 0xFE, 0x00, 0x00, 0x00, 0x07, 0xFF, 0xFF, 0x80, 0x00, 0x00, 0x0F,
    0xFF, 0xFF, 0xE0, 0x00, 0x00, 0x3F, 0xFF, 0xFF, 0xF0, 0x00, 0x00, 0x7F, 0xE0, 0x0F, 0xF8, 0x00,
    0x00, 0xFF, 0x80, 0x03, 0xFC, 0x00, 0x00, 0xFE, 0x00, 0x01, 0xFE, 0x00, 0x01, 0xFC, 0x00, 0x00,
    0xFF, 0x00, 0x03, 0xF8, 0x00, 0x00, 0x7F, 0x00, 0x03, 0xF0, 0x00, 0x00, 0x3F, 0x80, 0x07, 0xF0,
    0x00, 0x00, 0x1F, 0x80, 0x07, 0xE0, 0x00, 0x00, 0x1F, 0xC0, 0x0F, 0xE0, 0x00, 0x00, 0x0F, 0xC0,
    0x0F, 0xC0, 0x00, 0x00, 0x0F, 0xC0, 0x0F, 0xC0, 0x00, 0x00, 0x0F, 0xE0, 0x0F, 0xC0, 0x00, 0x00,
    0x07, 0xE0, 0x0F, 0xC0, 0x00, 0x00, 0x07, 0xE0, 0x1F, 0xC0, 0x00, 0x00, 0x07, 0xE0, 0x1F, 0x80,
    0x00, 0x00, 0x07, 0xE0, 0x1F, 0x80, 0x00, 0x00, 0x07, 0xE0, 0x1F, 0x80, 0x00, 0x00, 0x07, 0xE0,
    0x1F, 0x80, 0x00, 0x00, 0x07, 0xE0, 0x1F, 0x80, 0x00, 0x00, 0x07, 0xE0, 0x1F, 0x80, 0x00, 0x00,
    0x07, 0xE0, 0x1F, 0xC0, 0x00, 0x00, 0x07, 0xE0, 0x0F, 0xC0, 0x00, 0x00, 0x07, 0xE0, 0x0F, 0xC0,
    0x00, 0x00, 0x07, 0xE0, 0x0F, 0xC0, 0x00, 0x00, 0x0F, 0xE0, 0x0F, 0xC0, 0x00, 0x00, 0x0F, 0xC0,
    0x0F, 0xE0, 0x00, 0x00, 0x0F, 0xC0, 0x07, 0xE0, 0x00, 0x00, 0x1F, 0xC0, 0x07, 0xF0, 0x00, 0x00,
    0x1F, 0x80, 0x03, 0xF0, 0x00, 0x00, 0x3F, 0x80, 0x03, 0xF8, 0x00, 0x00, 0x7F, 0x00, 0x01, 0xFC,
    0x00, 0x00, 0xFF, 0x00, 0x00, 0xFE, 0x00, 0x01, 0xFE, 0x00, 0x00, 0xFF, 0x80, 0x03, 0xFC, 0x00,
    0x00, 0x7F, 0xE0, 0x0F, 0xF8, 0x00, 0x00, 0x3F, 0xFF, 0xFF, 0xF0, 0x00, 0x00, 0x0F, 0xFF, 0xFF,
    0xE0, 0x00, 0x00, 0x07, 0xFF, 0xFF, 0x80, 0x00, 0x00, 0x01, 0xFF, 0xFE, 0x00, 0x00, 0x00, 0x00,
    0x3F, 0xF0, 0x00, 0x00, 0x00, 0x00, 0x00, 0x00, 0x00, 0x00, 0x00, 0x00, 0x00, 0x00, 0x00, 0x00,
    0x00, 0x00, 0x00, 0x00, 0x00, 0x00, 0x00, 0x00, 0x00, 0x00, 0x00, 0x00, 0x00, 0x00, 0x00, 0x00,
    0x00, 0x00, 0x00, 0x00, 0x00, 0x00, 0x00, 0x00, 0x00, 0x00, 0x00, 0x00, 0x00, 0x00, 0x00, 0x00,
    0x00, 0x00, 0x00, 0x00, 0x00, 0x00, 0x00, 0x00, 0x00, 0x00, 0x00, 0x00, 0x00, 0x00, 0x00, 0x00,
    0x00, 0x00, 0x00, 0x00, 0x00, 0x00, 0x00, 0x00, 0x00, 0x00, 0x00, 0x00, 0x00, 0x00, 0x00, 0x00,
    0x00, 0x00, 0x00, 0x00, 0x00, 0x00, 0x00, 0x00, 0x00, 0x00, 0x00, 0x00, 0x00, 0x00, 0x00, 0x00,
    0x00, 0x00, 0x00, 0x00, 0x00, 0x00, 0x00, 0x00, 0x00, 0x00, 0x00, 0x00, 0x00, 0x00, 0x00, 0x00,
    0x00, 0x00, 0x00, 0x00, 0x00, 0x00, 0x00, 0x00, 0x00, 0x00, 0x00, 0x00, 0x00, 0x00, 0x00, 0x00,
    0x00, 0x00, 0x00, 0x00, 0x00, 0x00, 0x00, 0x00, 0x00, 0x00, 0x00, 0x00, 0x00, 0x00, 0x00, 0x00,
    0x00, 0x00, 0x00, 0x00, 0x00, 0x00, 0x00, 0x00, 0x00, 0x00, 0x00, 0x00, 0x00, 0x00, 0x00, 0x00,
    0x00, 0x00, 0x00, 0x00, 0x00, 0x00, 0x00, 0x00, 0x00, 0x00, 0x00, 0x00, 0x00, 0x00, 0x00, 0x00,
    0x00, 0x00, 0x00, 0x00, 0x00, 0x00, 0x00, 0x00, 0x00, 0x00, 0x00, 0x00, 0x00, 0x00, 0x00, 0x00,
    0x00, 0x00, 0x00, 0x00, 0x00, 0x00, 0x00, 0x00, 0x00, 0x00, 0x00, 0x00, 0x00, 0x00, 0x00, 0x07,
    0xFF, 0xFF, 0x80, 0x00, 0x07, 0xFF, 0xFF, 0xF8, 0x00, 0x07, 0xFF, 0xFF, 0xFE, 0x00, 0x07, 0xFF,
    0xFF, 0xFF, 0x80, 0x07, 0xFF, 0xFF, 0xFF, 0xC0, 0x07, 0xE0, 0x00, 0x7F, 0xC0, 0x07, 0xE0, 0x00,
    0x1F, 0xE0, 0x07, 0xE0, 0x00, 0x0F, 0xE0, 0x07, 0xE0, 0x00, 0x07, 0xF0, 0x07, 0xE0, 0x00, 0x07,
    0xF0, 0x07, 0xE0, 0x00, 0x03, 0xF0, 0x07, 0xE0, 0x00, 0x03, 0xF0, 0x07, 0xE0, 0x00, 0x03, 0xF0,
    0x07, 0xE0, 0x00, 0x03, 0xF0, 0x07, 0xE0, 0x00, 0x03, 0xF0, 0x07, 0xE0, 0x00, 0x07, 0xF0, 0x07,
    0xE0, 0x00, 0x07, 0xF0, 0x07, 0xE0, 0x00, 0x07, 0xE0, 0x07, 0xE0, 0x00, 0x1F, 0xE0, 0x07, 0xE0,
    0x00, 0x3F, 0xC0, 0x07, 0xFF, 0xFF, 0xFF, 0xC0, 0x07, 0xFF, 0xFF, 0xFF, 0x80, 0x07, 0xFF, 0xFF,
    0xFE, 0x00, 0x07, 0xFF, 0xFF, 0xF8, 0x00, 0x07, 0xFF, 0xFF, 0x80, 0x00, 0x07, 0xE0, 0x00, 0x00,
    0x00, 0x07, 0xE0, 0x00, 0x00, 0x00, 0x07, 0xE0, 0x00, 0x00, 0x00, 0x07, 0xE0, 0x00, 0x00, 0x00,
    0x07, 0xE0, 0x00, 0x00, 0x00, 0x07, 0xE0, 0x00, 0x00, 0x00, 0x07, 0xE0, 0x00, 0x00, 0x00, 0x07,
    0xE0, 0x00, 0x00, 0x00, 0x07, 0xE0, 0x00, 0x00, 0x00, 0x07, 0xE0, 0x00, 0x00, 0x00, 0x07, 0xE0,
    0x00, 0x00, 0x00, 0x07, 0xE0, 0x00, 0x00, 0x00, 0x07, 0xE0, 0x00, 0x00, 0x00, 0x07, 0xE0, 0x00,
    0x00, 0x00, 0x07, 0xE0, 0x00, 0x00, 0x00, 0x07, 0xE0, 0x00, 0x00, 0x00, 0x07, 0xE0, 0x00, 0x00,
    0x00, 0x00, 0x00, 0x00, 0x00, 0x00, 0x00, 0x00, 0x00, 0x00, 0x00, 0x00, 0x00, 0x00, 0x00, 0x00,
    0x00, 0x00, 0x00, 0x00, 0x00, 0x00, 0x00, 0x00, 0x00, 0x00, 0x00, 0x00, 0x00, 0x00, 0x00, 0x00,
    0x00, 0x00, 0x00, 0x00, 0x00, 0x00, 0x00, 0x00, 0x00, 0x00, 0x00, 0x00, 0x00, 0x00, 0x00, 0x00,
    0x00, 0x00, 0x00, 0x00, 0x00, 0x00, 0x00, 0x00, 0x00, 0x00, 0x00, 0x00, 0x00, 0x00, 0x00, 0x00,
    0x00, 0x00, 0x00, 0x00, 0x00, 0x00, 0x00, 0x00, 0x00, 0x00, 0x00, 0x00, 0x00, 0x00, 0x00, 0x00,
    0x00, 0x00, 0x00, 0x00, 0x00, 0x00, 0x00, 0x00, 0x00, 0x00, 0x00, 0x00, 0x00, 0x00, 0x00, 0x00,
    0x00, 0x00, 0x00, 0x00, 0x00, 0x00, 0x00, 0x00, 0x00, 0x00, 0x00, 0x00, 0x00, 0x00, 0x00, 0x00,
    0x00, 0x00, 0x00, 0x00, 0x00, 0x00, 0x00, 0x00, 0x00, 0x00, 0x00, 0x00, 0x00, 0x00, 0x00, 0x00,
    0x00, 0x00, 0x00, 0x00, 0x00, 0x00, 0x00, 0x00, 0x00, 0x00, 0x00, 0x00, 0x00, 0x00, 0x00, 0x00,
    0x00, 0x00, 0x00, 0x00, 0x00, 0x00, 0x00, 0x00, 0x00, 0x00, 0x00, 0x00, 0x00, 0x00, 0x00, 0x00,
    0x00, 0x00, 0x00, 0x00, 0x00, 0x00, 0x00, 0x00, 0x00, 0x00, 0x00, 0x00, 0x00, 0x00, 0x00, 0x00,
    0x00, 0x00, 0x00, 0x00, 0x00, 0x00, 0x00, 0x00, 0x00, 0x00, 0x00, 0x00, 0x00, 0x00, 0x00, 0x00,
    0x00, 0x00, 0x00, 0x00, 0x00, 0x00, 0x00, 0x00, 0x00, 0x00, 0x00, 0x00, 0x00, 0x00, 0x00, 0x00,
    0x00, 0x00, 0x00, 0x00, 0x00, 0x00, 0x00, 0x00, 0x00, 0x00, 0x00, 0x00, 0x00, 0x00, 0x00, 0x00,
    0x3F, 0xF0, 0x00, 0x00, 0x00, 0x00, 0x01, 0xFF, 0xFE, 0x00, 0x00, 0x00, 0x00, 0x07, 0xFF, 0xFF,
    0x80, 0x00, 0x00, 0x00, 0x0F, 0xFF, 0xFF, 0xE0, 0x00, 0x00, 0x00, 0x3F, 0xFF, 0xFF, 0xF0, 0x00,
    0x00, 0x00, 0x7F, 0xE0, 0x0F, 0xF8, 0x00, 0x00, 0x00, 0xFF, 0x80, 0x03, 0xFC, 0x00, 0x00, 0x00,
    0xFE, 0x00, 0x01, 0xFE, 0x00, 0x00, 0x01, 0xFC, 0x00, 0x00, 0xFF, 0x00, 0x00, 0x03, 0xF8, 0x00,
    0x00, 0x7F, 0x00, 0x00, 0x03, 0xF0, 0x00, 0x00, 0x3F, 0x80, 0x00, 0x07, 0xF0, 0x00, 0x00, 0x1F,
    0x80, 0x00, 0x07, 0xE0, 0x00, 0x00, 0x1F, 0xC0, 0x00, 0x0F, 0xE0, 0x00, 0x00, 0x0F, 0xC0, 0x00,
    0x0F, 0xC0, 0x00, 0x00, 0x0F, 0xC0, 0x00, 0x0F, 0xC0, 0x00, 0x00, 0x0F, 0xE0, 0x00, 0x0F, 0xC0,
    0x00, 0x00, 0x07, 0xE0, 0x00, 0x0F, 0xC0, 0x00, 0x00, 0x07, 0xE0, 0x00, 0x1F, 0xC0, 0x00, 0x00,
    0x07, 0xE0, 0x00, 0x1F, 0x80, 0x00, 0x00, 0x07, 0xE0, 0x00, 0x1F, 0x80, 0x00, 0x00, 0x07, 0xE0,
    0x00, 0x1F, 0x80, 0x00, 0xE0, 0x07, 0xE0, 0x00, 0x1F, 0x80, 0x01, 0xF0, 0x07, 0xE0, 0x00, 0x1F,
    0x80, 0x03, 0xF8, 0x07, 0xE0, 0x00, 0x1F, 0x80, 0x07, 0xFC, 0x07, 0xE0, 0x00, 0x1F, 0xC0, 0x03,
    0xFE, 0x07, 0xE0, 0x00, 0x0F, 0xC0, 0x01, 0xFF, 0x07, 0xE0, 0x00, 0x0F, 0xC0, 0x00, 0xFF, 0x87,
    0xE0, 0x00, 0x0F, 0xC0, 0x00, 0x7F, 0xCF, 0xE0, 0x00, 0x0F, 0xC0, 0x00, 0x3F, 0xEF, 0xC0, 0x00,
    0x0F, 0xE0, 0x00, 0x1F, 0xFF, 0xC0, 0x00, 0x07, 0xE0, 0x00, 0x0F, 0xFF, 0xC0, 0x00, 0x07, 0xF0,
    0x00, 0x07, 0xFF, 0x80, 0x00, 0x03, 0xF0, 0x00, 0x03, 0xFF, 0x80, 0x00, 0x03, 0xF8, 0x00, 0x01,
    0xFF, 0x80, 0x00, 0x01, 0xFC, 0x00, 0x00, 0xFF, 0x80, 0x00, 0x00, 0xFE, 0x00, 0x01, 0xFF, 0xC0,
    0x00, 0x00, 0xFF, 0x80, 0x03, 0xFF, 0xE0, 0x00, 0x00, 0x7F, 0xE0, 0x0F, 0xFF, 0xF8, 0x00, 0x00,
    0x3F, 0xFF, 0xFF, 0xFF, 0xFC, 0x00, 0x00, 0x0F, 0xFF, 0xFF, 0xE3, 0xFE, 0x00, 0x00, 0x07, 0xFF,
    0xFF, 0xC1, 0xFF, 0x00, 0x00, 0x01, 0xFF, 0xFF, 0x00, 0xFF, 0x00, 0x00, 0x00, 0x3F, 0xF0, 0x00,
    0x7E, 0x00, 0x00, 0x00, 0x00, 0x00, 0x00, 0x3C, 0x00, 0x00, 0x00, 0x00, 0x00, 0x00, 0x18, 0x00,
    0x00, 0x00, 0x00, 0x00, 0x00, 0x00, 0x00, 0x00, 0x00, 0x00, 0x00, 0x00, 0x00, 0x00, 0x00, 0x00,
    0x00, 0x00, 0x00, 0x00, 0x00, 0x00, 0x00, 0x00, 0x00, 0x00, 0x00, 0x00, 0x00, 0x00, 0x00, 0x00,
    0x00, 0x00, 0x00, 0x00, 0x00, 0x00, 0x00, 0x00, 0x00, 0x00, 0x00, 0x00, 0x00, 0x00, 0x00, 0x00,
    0x00, 0x00, 0x00, 0x00, 0x00, 0x00, 0x00, 0x00, 0x00, 0x00, 0x00, 0x00, 0x00, 0x00, 0x00, 0x00,
    0x00, 0x00, 0x00, 0x00, 0x00, 0x00, 0x00, 0x00, 0x00, 0x00, 0x00, 0x00, 0x00, 0x00, 0x00, 0x00,
    0x00, 0x00, 0x00, 0x00, 0x00, 0x00, 0x00, 0x00, 0x00, 0x00, 0x00, 0x00, 0x00, 0x00, 0x00, 0x00,
    0x00, 0x00, 0x00, 0x00, 0x00, 0x00, 0x00, 0x00, 0x00, 0x00, 0x00, 0x00, 0x00, 0x00, 0x00, 0x00,
    0x00, 0x00, 0x00, 0x00, 0x00, 0x00, 0x00, 0x00, 0x00, 0x00, 0x00, 0x00, 0x00, 0x00, 0x00, 0x00,
    0x00, 0x00, 0x00, 0x00, 0x00, 0x00, 0x00, 0x00, 0x00, 0x00, 0x00, 0x00, 0x00, 0x00, 0x00, 0x00,
    0x00, 0x00, 0x00, 0x00, 0x00, 0x00, 0x00, 0x00, 0x00, 0x00, 0x00, 0x00, 0x00, 0x00, 0x00, 0x00,
    0x00, 0x00, 0x00, 0x00, 0x00, 0x00, 0x00, 0x00, 0x00, 0x00, 0x00, 0x00, 0x00, 0x00, 0x00, 0x00,
    0x00, 0x00, 0x00, 0x00, 0x00, 0x00, 0x00, 0x00, 0x00, 0x00, 0x00, 0x00, 0x00, 0x00, 0x00, 0x00,
    0x00, 0x00, 0x00, 0x00, 0x00, 0x00, 0x00, 0x00, 0x00, 0x00, 0x00, 0x00, 0x00, 0x00, 0x00, 0x07,
    0xFF, 0xFF, 0xC0, 0x00, 0x07, 0xFF, 0xFF, 0xFC, 0x00, 0x07, 0xFF, 0xFF, 0xFF, 0x00, 0x07, 0xFF,
    0xFF, 0xFF, 0x80, 0x07, 0xFF, 0xFF, 0xFF, 0xC0, 0x07, 0xE0, 0x00, 0x3F, 0xE0, 0x07, 0xE0, 0x00,
    0x0F, 0xE0, 0x07, 0xE0, 0x00, 0x07, 0xF0, 0x07, 0xE0, 0x00, 0x07, 0xF0, 0x07, 0xE0, 0x00, 0x03,
    0xF0, 0x07, 0xE0, 0x00, 0x03, 0xF0, 0x07, 0xE0, 0x00, 0x03, 0xF0, 0x07, 0xE0, 0x00, 0x03, 0xF0,
    0x07, 0xE0, 0x00, 0x03, 0xF0, 0x07, 0xE0, 0x00, 0x03, 0xF0, 0x07, 0xE0, 0x00, 0x07, 0xF0, 0x07,
    0xE0, 0x00, 0x07, 0xF0, 0x07, 0xE0, 0x00, 0x0F, 0xE0, 0x07, 0xE0, 0x00, 0x3F, 0xE0, 0x07, 0xFF,
    0xFF, 0xFF, 0xC0, 0x07, 0xFF, 0xFF, 0xFF, 0x80, 0x07, 0xFF, 0xFF, 0xFE, 0x00, 0x07, 0xFF, 0xFF,
    0xF8, 0x00, 0x07, 0xFF, 0xFF, 0x80, 0x00, 0x07, 0xE0, 0x3F, 0x80, 0x00, 0x07, 0xE0, 0x3F, 0xC0,
    0x00, 0x07, 0xE0, 0x1F, 0xE0, 0x00, 0x07, 0xE0, 0x0F, 0xE0, 0x00, 0x07, 0xE0, 0x0F, 0xF0, 0x00,
    0x07, 0xE0, 0x07, 0xF8, 0x00, 0x07, 0xE0, 0x03, 0xF8, 0x00, 0x07, 0xE0, 0x01, 0xFC, 0x00, 0x07,
    0xE0, 0x01, 0xFE, 0x00, 0x07, 0xE0, 0x00, 0xFF, 0x00, 0x07, 0xE0, 0x00, 0x7F, 0x00, 0x07, 0xE0,
    0x00, 0x3F, 0x80, 0x07, 0xE0, 0x00, 0x3F, 0xC0, 0x07, 0xE0, 0x00, 0x1F, 0xC0, 0x07, 0xE0, 0x00,
    0x0F, 0xE0, 0x07, 0xE0, 0x00, 0x0F, 0xF0, 0x07, 0xE0, 0x00, 0x07, 0xF8, 0x07, 0xE0, 0x00, 0x03,
    0xF8, 0x00, 0x00, 0x00, 0x00, 0x00, 0x00, 0x00, 0x00, 0x00, 0x00, 0x00, 0x00, 0x00, 0x00, 0x00,
    0x00, 0x00, 0x00, 0x00, 0x00, 0x00, 0x00, 0x00, 0x00, 0x00, 0x00, 0x00, 0x00, 0x00, 0x00, 0x00,
    0x00, 0x00, 0x00, 0x00, 0x00, 0x00, 0x00, 0x00, 0x00, 0x00, 0x00, 0x00, 0x00, 0x00, 0x00, 0x00,
    0x00, 0x00, 0x00, 0x00, 0x00, 0x00, 0x00, 0x00, 0x00, 0x00, 0x00, 0x00, 0x00, 0x00, 0x00, 0x00,
    0x00, 0x00, 0x00, 0x00, 0x00, 0x00, 0x00, 0x00, 0x00, 0x00, 0x00, 0x00, 0x00, 0x00, 0x00, 0x00,
    0x00, 0x00, 0x00, 0x00, 0x00, 0x00, 0x00, 0x00, 0x00, 0x00, 0x00, 0x00, 0x00, 0x00, 0x00, 0x00,
    0x00, 0x00, 0x00, 0x00, 0x00, 0x00, 0x00, 0x00, 0x00, 0x00, 0x00, 0x00, 0x00, 0x00, 0x00, 0x00,
    0x00, 0x00, 0x00, 0x00, 0x00, 0x00, 0x00, 0x00, 0x00, 0x00, 0x00, 0x00, 0x00, 0x00, 0x00, 0x00,
    0x00, 0x00, 0x00, 0x00, 0x00, 0x00, 0x00, 0x00, 0x00, 0x00, 0x00, 0x00, 0x00, 0x00, 0x00, 0x00,
    0x00, 0x00, 0x00, 0x00, 0x00, 0x00, 0x00, 0x00, 0x00, 0x00, 0x00, 0x00, 0x00, 0x00, 0x00, 0x00,
    0x00, 0x00, 0x00, 0x00, 0x00, 0x00, 0x00, 0x00, 0x00, 0x00, 0x00, 0x00, 0x00, 0x00, 0x00, 0x00,
    0x00, 0x00, 0x00, 0x00, 0x00, 0x00, 0x00, 0x00, 0x00, 0x00, 0x00, 0x03, 0xFE, 0x00, 0x00, 0x00,
    0x1F, 0xFF, 0xC0, 0x00, 0x00, 0x7F, 0xFF, 0xF0, 0x00, 0x01, 0xFF, 0xFF, 0xFC, 0x00, 0x03, 0xFF,
    0xFF, 0xFE, 0x00, 0x07, 0xFC, 0x01, 0xFF, 0x00, 0x0F, 0xF0, 0x00, 0x7F, 0x80, 0x0F, 0xE0, 0x00,
    0x3F, 0x80, 0x1F, 0xC0, 0x00, 0x1E, 0x00, 0x1F, 0x80, 0x00, 0x00, 0x00, 0x1F, 0x80, 0x00, 0x00,
    0x00, 0x1F, 0x80, 0x00, 0x00, 0x00, 0x1F, 0x80, 0x00, 0x00, 0x00, 0x1F, 0xC0, 0x00, 0x00, 0x00,
    0x1F, 0xC0, 0x00, 0x00, 0x00, 0x0F, 0xE0, 0x00, 0x00, 0x00, 0x0F, 0xF8, 0x00, 0x00, 0x00, 0x07,
    0xFF, 0x00, 0x00, 0x00, 0x07, 0xFF, 0xF0, 0x00, 0x00, 0x03, 0xFF, 0xFF, 0x00, 0x00, 0x00, 0xFF,
    0xFF, 0xE0, 0x00, 0x00, 0x7F, 0xFF, 0xFC, 0x00, 0x00, 0x0F, 0xFF, 0xFE, 0x00, 0x00, 0x01, 0xFF,
    0xFF, 0x00, 0x00, 0x00, 0x1F, 0xFF, 0x80, 0x00, 0x00, 0x01, 0xFF, 0xC0, 0x00, 0x00, 0x00, 0x3F,
    0xE0, 0x00, 0x00, 0x00, 0x1F, 0xE0, 0x00, 0x00, 0x00, 0x0F, 0xE0, 0x00, 0x00, 0x00, 0x07, 0xE0,
    0x00, 0x00, 0x00, 0x07, 0xF0, 0x00, 0x00, 0x00, 0x07, 0xF0, 0x00, 0x00, 0x00, 0x07, 0xF0, 0x07,
    0x80, 0x00, 0x07, 0xE0, 0x1F, 0x80, 0x00, 0x07, 0xE0, 0x1F, 0xC0, 0x00, 0x0F, 0xE0, 0x0F, 0xE0,
    0x00, 0x1F, 0xC0, 0x0F, 0xF0, 0x00, 0x3F, 0xC0, 0x07, 0xFE, 0x00, 0xFF, 0x80, 0x03, 0xFF, 0xFF,
    0xFF, 0x00, 0x01, 0xFF, 0xFF, 0xFE, 0x00, 0x00, 0x7F, 0xFF, 0xF8, 0x00, 0x00, 0x1F, 0xFF, 0xE0,
    0x00, 0x00, 0x03, 0xFF, 0x00, 0x00, 0x00, 0x00, 0x00, 0x00, 0x00, 0x00, 0x00, 0x00, 0x00, 0x00,
    0x00, 0x00, 0x00, 0x00, 0x00, 0x00, 0x00, 0x00, 0x00, 0x00, 0x00, 0x00, 0x00, 0x00, 0x00, 0x00,
    0x00, 0x00, 0x00, 0x00, 0x00, 0x00, 0x00, 0x00, 0x00, 0x00, 0x00, 0x00, 0x00, 0x00, 0x00, 0x00,
    0x00, 0x00, 0x00, 0x00, 0x00, 0x00, 0x00, 0x00, 0x00, 0x00, 0x00, 0x00, 0x00, 0x00, 0x00, 0x00,
    0x00, 0x00, 0x00, 0x00, 0x00, 0x00, 0x00, 0x00, 0x00, 0x00, 0x00, 0x00, 0x00, 0x00, 0x00, 0x00,
    0x00, 0x00, 0x00, 0x00, 0x00, 0x00, 0x00, 0x00, 0x00, 0x00, 0x00, 0x00, 0x00, 0x00, 0x00, 0x00,
    0x00, 0x00, 0x00, 0x00, 0x00, 0x00, 0x00, 0x00, 0x00, 0x00, 0x00, 0x00, 0x00, 0x00, 0x00, 0x00,
    0x00, 0x00, 0x00, 0x00, 0x00, 0x00, 0x00, 0x00, 0x00, 0x00, 0x00, 0x00, 0x00, 0x00, 0x00, 0x00,
    0x00, 0x00, 0x00, 0x00, 0x00, 0x00, 0x00, 0x00, 0x00, 0x00, 0x00, 0x00, 0x00, 0x00, 0x00, 0x00,
    0x00, 0x00, 0x00, 0x00, 0x00, 0x00, 0x00, 0x00, 0x00, 0x00, 0x00, 0x00, 0x00, 0x00, 0x00, 0x00,
    0x00, 0x00, 0x00, 0x00, 0x00, 0x00, 0x00, 0x00, 0x00, 0x00, 0x00, 0x00, 0x00, 0x00, 0x00, 0x00,
    0x00, 0x00, 0x00, 0x00, 0x00, 0x00, 0x00, 0x00, 0x00, 0x00, 0x00, 0x00, 0x00, 0x00, 0x00, 0x7F,
    0xFF, 0xFF, 0xFF, 0xE0, 0x7F, 0xFF, 0xFF, 0xFF, 0xE0, 0x7F, 0xFF, 0xFF, 0xFF, 0xE0, 0x7F, 0xFF,
    0xFF, 0xFF, 0xE0, 0x7F, 0xFF, 0xFF, 0xFF, 0xE0, 0x00, 0x01, 0xF8, 0x00, 0x00, 0x00, 0x01, 0xF8,
    0x00, 0x00, 0x00, 0x01, 0xF8, 0x00, 0x00, 0x00, 0x01, 0xF8, 0x00, 0x00, 0x00, 0x01, 0xF8, 0x00,
    0x00, 0x00, 0x01, 0xF8, 0x00, 0x00, 0x00, 0x01, 0xF8, 0x00, 0x00, 0x00, 0x01, 0xF8, 0x00, 0x00,
    0x00, 0x01, 0xF8, 0x00, 0x00, 0x00, 0x01, 0xF8, 0x00, 0x00, 0x00, 0x01, 0xF8, 0x00, 0x00, 0x00,
    0x01, 0xF8, 0x00, 0x00, 0x00, 0x01, 0xF8, 0x00, 0x00, 0x00, 0x01, 0xF8, 0x00, 0x00, 0x00, 0x01,
    0xF8, 0x00, 0x00, 0x00, 0x01, 0xF8, 0x00, 0x00, 0x00, 0x01, 0xF8, 0x00, 0x00, 0x00, 0x01, 0xF8,
    0x00, 0x00, 0x00, 0x01, 0xF8, 0x00, 0x00, 0x00, 0x01, 0xF8, 0x00, 0x00, 0x00, 0x01, 0xF8, 0x00,
    0x00, 0x00, 0x01, 0xF8, 0x00, 0x00, 0x00, 0x01, 0xF8, 0x00, 0x00, 0x00, 0x01, 0xF8, 0x00, 0x00,
    0x00, 0x01, 0xF8, 0x00, 0x00, 0x00, 0x01, 0xF8, 0x00, 0x00, 0x00, 0x01, 0xF8, 0x00, 0x00, 0x00,
    0x01, 0xF8, 0x00, 0x00, 0x00, 0x01, 0xF8, 0x00, 0x00, 0x00, 0x01, 0xF8, 0x00, 0x00, 0x00, 0x01,
    0xF8, 0x00, 0x00, 0x00, 0x01, 0xF8, 0x00, 0x00, 0x00, 0x01, 0xF8, 0x00, 0x00, 0x00, 0x01, 0xF8,
    0x00, 0x00, 0x00, 0x01, 0xF8, 0x00, 0x00, 0x00, 0x01, 0xF8, 0x00, 0x00, 0x00, 0x01, 0xF8, 0x00,
    0x00, 0x00, 0x00, 0x00, 0x00, 0x00, 0x00, 0x00, 0x00, 0x00, 0x00, 0x00, 0x00, 0x00, 0x00, 0x00,
    0x00, 0x00, 0x00, 0x00, 0x00, 0x00, 0x00, 0x00, 0x00, 0x00, 0x00, 0x00, 0x00, 0x00, 0x00, 0x00,
    0x00, 0x00, 0x00, 0x00, 0x00, 0x00, 0x00, 0x00, 0x00, 0x00, 0x00, 0x00, 0x00, 0x00, 0x00, 0x00,
    0x00, 0x00, 0x00, 0x00, 0x00, 0x00, 0x00, 0x00, 0x00, 0x00, 0x00, 0x00, 0x00, 0x00, 0x00, 0x00,
    0x00, 0x00, 0x00, 0x00, 0x00, 0x00, 0x00, 0x00, 0x00, 0x00, 0x00, 0x00, 0x00, 0x00, 0x00, 0x00,
    0x00, 0x00, 0x00, 0x00, 0x00, 0x00, 0x00, 0x00, 0x00, 0x00, 0x00, 0x00, 0x00, 0x00, 0x00, 0x00,
    0x00, 0x00, 0x00, 0x00, 0x00, 0x00, 0x00, 0x00, 0x00, 0x00, 0x00, 0x00, 0x00, 0x00, 0x00, 0x00,
    0x00, 0x00, 0x00, 0x00, 0x00, 0x00, 0x00, 0x00, 0x00, 0x00, 0x00, 0x00, 0x00, 0x00, 0x00, 0x00,
    0x00, 0x00, 0x00, 0x00, 0x00, 0x00, 0x00, 0x00, 0x00, 0x00, 0x00, 0x00, 0x00, 0x00, 0x00, 0x00,
    0x00, 0x00, 0x00, 0x00, 0x00, 0x00, 0x00, 0x00, 0x00, 0x00, 0x00, 0x00, 0x00, 0x00, 0x00, 0x00,
    0x00, 0x00, 0x00, 0x00, 0x00, 0x00, 0x00, 0x00, 0x00, 0x00, 0x00, 0x00, 0x00, 0x00, 0x00, 0x00,
    0x00, 0x00, 0x00, 0x00, 0x00, 0x00, 0x00, 0x00, 0x00, 0x00, 0x00, 0x00, 0x00, 0x00, 0x00, 0x00,
    0x00, 0x00, 0x00, 0x00, 0x00, 0x00, 0x00, 0x00, 0x00, 0x00, 0x00, 0x00, 0x00, 0x00, 0x00, 0x00,
    0x00, 0x00, 0x07, 0xE0, 0x00, 0x00, 0x7E, 0x00, 0x07, 0xE0, 0x00, 0x00, 0x7E, 0x00, 0x07, 0xE0,
    0x00, 0x00, 0x7E, 0x00, 0x07, 0xE0, 0x00, 0x00, 0x7E, 0x00, 0x07, 0xE0, 0x00, 0x00, 0x7E, 0x00,
    0x07, 0xE0, 0x00, 0x00, 0x7E, 0x00, 0x07, 0xE0, 0x00, 0x00, 0x7E, 0x00, 0x07, 0xE0, 0x00, 0x00,
    0x7E, 0x00, 0x07, 0xE0, 0x00, 0x00, 0x7E, 0x00, 0x07, 0xE0, 0x00, 0x00, 0x7E, 0x00, 0x07, 0xE0,
    0x00, 0x00, 0x7E, 0x00, 0x07, 0xE0, 0x00, 0x00, 0x7E, 0x00, 0x07, 0xE0, 0x00, 0x00, 0x7E, 0x00,
    0x07, 0xE0, 0x00, 0x00, 0x7E, 0x00, 0x07, 0xE0, 0x00, 0x00, 0x7E, 0x00, 0x07, 0xE0, 0x00, 0x00,
    0x7E, 0x00, 0x07, 0xE0, 0x00, 0x00, 0x7E, 0x00, 0x07, 0xE0, 0x00, 0x00, 0x7E, 0x00, 0x07, 0xE0,
    0x00, 0x00, 0x7E, 0x00, 0x07, 0xE0, 0x00, 0x00, 0x7E, 0x00, 0x07, 0xE0, 0x00, 0x00, 0x7E, 0x00,
    0x07, 0xE0, 0x00, 0x00, 0x7E, 0x00, 0x07, 0xE0, 0x00, 0x00, 0x7E, 0x00, 0x07, 0xE0, 0x00, 0x00,
    0x7E, 0x00, 0x07, 0xE0, 0x00, 0x00, 0x7E, 0x00, 0x07, 0xE0, 0x00, 0x00, 0x7E, 0x00, 0x07, 0xE0,
    0x00, 0x00, 0x7E, 0x00, 0x07, 0xE0, 0x00, 0x00, 0x7E, 0x00, 0x07, 0xE0, 0x00, 0x00, 0x7E, 0x00,
    0x07, 0xE0, 0x00, 0x00, 0x7E, 0x00, 0x07, 0xE0, 0x00, 0x00, 0x7E, 0x00, 0x03, 0xF0, 0x00, 0x00,
    0xFE, 0x00, 0x03, 0xF0, 0x00, 0x00, 0xFC, 0x00, 0x03, 0xF8, 0x00, 0x00, 0xFC, 0x00, 0x03, 0xF8,
    0x00, 0x01, 0xFC, 0x00, 0x01, 0xFC, 0x00, 0x03, 0xF8, 0x00, 0x01, 0xFE, 0x00, 0x07, 0xF8, 0x00,
    0x00, 0xFF, 0x80, 0x1F, 0xF0, 0x00, 0x00, 0x7F, 0xFF, 0xFF, 0xE0, 0x00, 0x00, 0x3F, 0xFF, 0xFF,
    0xC0, 0x00, 0x00, 0x1F, 0xFF, 0xFF, 0x80, 0x00, 0x00, 0x07, 0xFF, 0xFE, 0x00, 0x00, 0x00, 0x00,
    0xFF, 0xF0, 0x00, 0x00, 0x00, 0x00, 0x00, 0x00, 0x00, 0x00, 0x00, 0x00, 0x00, 0x00, 0x00, 0x00,
    0x00, 0x00, 0x00, 0x00, 0x00, 0x00, 0x00, 0x00, 0x00, 0x00, 0x00, 0x00, 0x00, 0x00, 0x00, 0x00,
    0x00, 0x00, 0x00, 0x00, 0x00, 0x00, 0x00, 0x00, 0x00, 0x00, 0x00, 0x00, 0x00, 0x00, 0x00, 0x00,
    0x00, 0x00, 0x00, 0x00, 0x00, 0x00, 0x00, 0x00, 0x00, 0x00, 0x00, 0x00, 0x00, 0x00, 0x00, 0x00,
    0x00, 0x00, 0x00, 0x00, 0x00, 0x00, 0x00, 0x00, 0x00, 0x00, 0x00, 0x00, 0x00, 0x00, 0x00, 0x00,
    0x00, 0x00, 0x00, 0x00, 0x00, 0x00, 0x00, 0x00, 0x00, 0x00, 0x00, 0x00, 0x00, 0x00, 0x00, 0x00,
    0x00, 0x00, 0x00, 0x00, 0x00, 0x00, 0x00, 0x00, 0x00, 0x00, 0x00, 0x00, 0x00, 0x00, 0x00, 0x00,
    0x00, 0x00, 0x00, 0x00, 0x00, 0x00, 0x00, 0x00, 0x00, 0x00, 0x00, 0x00, 0x00, 0x00, 0x00, 0x00,
    0x00, 0x00, 0x00, 0x00, 0x00, 0x00, 0x00, 0x00, 0x00, 0x00, 0x00, 0x00, 0x00, 0x00, 0x00, 0x00,
    0x00, 0x00, 0x00, 0x00, 0x00, 0x00, 0x00, 0x00, 0x00, 0x00, 0x00, 0x00, 0x00, 0x00, 0x00, 0x00,
    0x00, 0x00, 0x00, 0x00, 0x00, 0x00, 0x00, 0x00, 0x00, 0x00, 0x00, 0x00, 0x00, 0x00, 0x00, 0x00,
    0x00, 0x00, 0x00, 0x00, 0x00, 0x00, 0x00, 0x00, 0x00, 0x00, 0x00, 0x00, 0x00, 0x00, 0x00, 0x00,
    0x00, 0x00, 0x00, 0x00, 0x00, 0x00, 0x00, 0x00, 0x00, 0x00, 0x00, 0x00, 0x00, 0x00, 0x00, 0x7E,
    0x00, 0x00, 0x03, 0xF8, 0x7F, 0x00, 0x00, 0x03, 0xF8, 0x7F, 0x00, 0x00, 0x03, 0xF0, 0x3F, 0x00,
    0x00, 0x07, 0xF0, 0x3F, 0x80, 0x00, 0x07, 0xF0, 0x1F, 0x80, 0x00, 0x07, 0xE0, 0x1F, 0x80, 0x00,
    0x0F, 0xE0, 0x1F, 0xC0, 0x00, 0x0F, 0xC0, 0x0F, 0xC0, 0x00, 0x0F, 0xC0, 0x0F, 0xC0, 0x00, 0x1F,
    0xC0, 0x0F, 0xE0, 0x00, 0x1F, 0x80, 0x07, 0xE0, 0x00, 0x1F, 0x80, 0x07, 0xE0, 0x00, 0x3F, 0x80,
    0x07, 0xF0, 0x00, 0x3F, 0x00, 0x03, 0xF0, 0x00, 0x3F, 0x00, 0x03, 0xF0, 0x00, 0x7F, 0x00, 0x03,
    0xF8, 0x00, 0x7E, 0x00, 0x01, 0xF8, 0x00, 0x7E, 0x00, 0x01, 0xF8, 0x00, 0xFE, 0x00, 0x01, 0xFC,
    0x00, 0xFC, 0x00, 0x00, 0xFC, 0x00, 0xFC, 0x00, 0x00, 0xFC, 0x01, 0xFC, 0x00, 0x00, 0xFE, 0x01,
    0xF8, 0x00, 0x00, 0x7E, 0x01, 0xF8, 0x00, 0x00, 0x7E, 0x03, 0xF8, 0x00, 0x00, 0x3F, 0x03, 0xF0,
    0x00, 0x00, 0x3F, 0x03, 0xF0, 0x00, 0x00, 0x3F, 0x07, 0xE0, 0x00, 0x00, 0x1F, 0x87, 0xE0, 0x00,
    0x00, 0x1F, 0x87, 0xE0, 0x00, 0x00, 0x1F, 0x8F, 0xC0, 0x00, 0x00, 0x0F, 0xCF, 0xC0, 0x00, 0x00,
    0x0F, 0xCF, 0xC0, 0x00, 0x00, 0x0F, 0xDF, 0x80, 0x00, 0x00, 0x07, 0xFF, 0x80, 0x00, 0x00, 0x07,
    0xFF, 0x80, 0x00, 0x00, 0x07, 0xFF, 0x00, 0x00, 0x00, 0x03, 0xFF, 0x00, 0x00, 0x00, 0x03, 0xFF,
    0x00, 0x00, 0x00, 0x03, 0xFE, 0x00, 0x00, 0x00, 0x01, 0xFE, 0x00, 0x00, 0x00, 0x01, 0xFE, 0x00,
    0x00, 0x00, 0x00, 0x00, 0x00, 0x00, 0x00, 0x00, 0x00, 0x00, 0x00, 0x00, 0x00, 0x00, 0x00, 0x00,
    0x00, 0x00, 0x00, 0x00, 0x00, 0x00, 0x00, 0x00, 0x00, 0x00, 0x00, 0x00, 0x00, 0x00, 0x00, 0x00,
    0x00, 0x00, 0x00, 0x00, 0x00, 0x00, 0x00, 0x00, 0x00, 0x00, 0x00, 0x00, 0x00, 0x00, 0x00, 0x00,
    0x00, 0x00, 0x00, 0x00, 0x00, 0x00, 0x00, 0x00, 0x00, 0x00, 0x00, 0x00, 0x00, 0x00, 0x00, 0x00,
    0x00, 0x00, 0x00, 0x00, 0x00, 0x00, 0x00, 0x00, 0x00, 0x00, 0x00, 0x00, 0x00, 0x00, 0x00, 0x00,
    0x00, 0x00, 0x00, 0x00, 0x00, 0x00, 0x00, 0x00, 0x00, 0x00, 0x00, 0x00, 0x00, 0x00, 0x00, 0x00,
    0x00, 0x00, 0x00, 0x00, 0x00, 0x00, 0x00, 0x00, 0x00, 0x00, 0x00, 0x00, 0x00, 0x00, 0x00, 0x00,
    0x00, 0x00, 0x00, 0x00, 0x00, 0x00, 0x00, 0x00, 0x00, 0x00, 0x00, 0x00, 0x00, 0x00, 0x00, 0x00,
    0x00, 0x00, 0x00, 0x00, 0x00, 0x00, 0x00, 0x00, 0x00, 0x00, 0x00, 0x00, 0x00, 0x00, 0x00, 0x00,
    0x00, 0x00, 0x00, 0x00, 0x00, 0x00, 0x00, 0x00, 0x00, 0x00, 0x00, 0x00, 0x00, 0x00, 0x00, 0x00,
    0x00, 0x00, 0x00, 0x00, 0x00, 0x00, 0x00, 0x00, 0x00, 0x00, 0x00, 0x00, 0x00, 0x00, 0x00, 0x00,
    0x00, 0x00, 0x00, 0x00, 0x00, 0x00, 0x00, 0x00, 0x00, 0x00, 0x00, 0x00, 0x00, 0x00, 0x00, 0x00,
    0x00, 0x00, 0x00, 0x00, 0x00, 0x00, 0x00, 0x00, 0x00, 0x00, 0x00, 0x00, 0x00, 0x00, 0x00, 0x00,
    0x00, 0x00, 0x00, 0x00, 0x00, 0x00, 0x00, 0x00, 0x00, 0x00, 0x00, 0x00, 0x00, 0x00, 0x00, 0x00,
    0x00, 0x00, 0x00, 0x00, 0x00, 0x7E, 0x00, 0x01, 0xFE, 0x00, 0x03, 0xF8, 0x7F, 0x00, 0x01, 0xFE,
    0x00, 0x03, 0xF8, 0x7F, 0x00, 0x01, 0xFE, 0x00, 0x03, 0xF8, 0x3F, 0x00, 0x01, 0xFE, 0x00, 0x03,
    0xF0, 0x3F, 0x00, 0x03, 0xFE, 0x00, 0x07, 0xF0, 0x3F, 0x80, 0x03, 0xFF, 0x00, 0x07, 0xF0, 0x3F,
    0x80, 0x03, 0xFF, 0x00, 0x07, 0xF0, 0x1F, 0x80, 0x03, 0xFF, 0x00, 0x07, 0xE0, 0x1F, 0x80, 0x07,
    0xFF, 0x00, 0x0F, 0xE0, 0x1F, 0xC0, 0x07, 0xDF, 0x80, 0x0F, 0xE0, 0x1F, 0xC0, 0x07, 0xCF, 0x80,
    0x0F, 0xC0, 0x0F, 0xC0, 0x07, 0xCF, 0x80, 0x0F, 0xC0, 0x0F, 0xC0, 0x07, 0xCF, 0x80, 0x0F, 0xC0,
    0x0F, 0xC0, 0x0F, 0x8F, 0x80, 0x1F, 0xC0, 0x0F, 0xE0, 0x0F, 0x87, 0xC0, 0x1F, 0x80, 0x07, 0xE0,
    0x0F, 0x87, 0xC0, 0x1F, 0x80, 0x07, 0xE0, 0x0F, 0x87, 0xC0, 0x1F, 0x80, 0x07, 0xE0, 0x1F, 0x87,
    0xC0, 0x3F, 0x80, 0x07, 0xF0, 0x1F, 0x07, 0xE0, 0x3F, 0x00, 0x03, 0xF0, 0x1F, 0x03, 0xE0, 0x3F,
    0x00, 0x03, 0xF0, 0x1F, 0x03, 0xE0, 0x3F, 0x00, 0x03, 0xF0, 0x3F, 0x03, 0xE0, 0x7F, 0x00, 0x03,
    0xF8, 0x3E, 0x03, 0xE0, 0x7E, 0x00, 0x01, 0xF8, 0x3E, 0x01, 0xF0, 0x7E, 0x00, 0x01, 0xF8, 0x3E,
    0x01, 0xF0, 0x7E, 0x00, 0x01, 0xF8, 0x3E, 0x01, 0xF0, 0xFE, 0x00, 0x01, 0xFC, 0x7C, 0x01, 0xF0,
    0xFC, 0x00, 0x00, 0xFC, 0x7C, 0x00, 0xF8, 0xFC, 0x00, 0x00, 0xFC, 0x7C, 0x00, 0xF8, 0xFC, 0x00,
    0x00, 0xFC, 0x7C, 0x00, 0xF9, 0xFC, 0x00, 0x00, 0xFE, 0xF8, 0x00, 0xF9, 0xF8, 0x00, 0x00, 0x7E,
    0xF8, 0x00, 0x7D, 0xF8, 0x00, 0x00, 0x7E, 0xF8, 0x00, 0x7D, 0xF8, 0x00, 0x00, 0x7E, 0xF8, 0x00,
    0x7F, 0xF8, 0x00, 0x00, 0x7F, 0xF0, 0x00, 0x7F, 0xF0, 0x00, 0x00, 0x3F, 0xF0, 0x00, 0x3F, 0xF0,
    0x00, 0x00, 0x3F, 0xF0, 0x00, 0x3F, 0xF0, 0x00, 0x00, 0x3F, 0xF0, 0x00, 0x3F, 0xF0, 0x00, 0x00,
    0x3F, 0xE0, 0x00, 0x3F, 0xE0, 0x00, 0x00, 0x1F, 0xE0, 0x00, 0x1F, 0xE0, 0x00, 0x00, 0x1F, 0xE0,
    0x00, 0x1F, 0xE0, 0x00, 0x00, 0x1F, 0xE0, 0x00, 0x1F, 0xE0, 0x00, 0x00, 0x00, 0x00, 0x00, 0x00,
    0x00, 0x00, 0x00, 0x00, 0x00, 0x00, 0x00, 0x00, 0x00, 0x00, 0x00, 0x00, 0x00, 0x00, 0x00, 0x00,
    0x00, 0x00, 0x00, 0x00, 0x00, 0x00, 0x00, 0x00, 0x00, 0x00, 0x00, 0x00, 0x00, 0x00, 0x00, 0x00,
    0x00, 0x00, 0x00, 0x00, 0x00, 0x00, 0x00, 0x00, 0x00, 0x00, 0x00, 0x00, 0x00, 0x00, 0x00, 0x00,
    0x00, 0x00, 0x00, 0x00, 0x00, 0x00, 0x00, 0x00, 0x00, 0x00, 0x00, 0x00, 0x00, 0x00, 0x00, 0x00,
    0x00, 0x00, 0x00, 0x00, 0x00, 0x00, 0x00, 0x00, 0x00, 0x00, 0x00, 0x00, 0x00, 0x00, 0x00, 0x00,
    0x00, 0x00, 0x00, 0x00, 0x00, 0x00, 0x00, 0x00, 0x00, 0x00, 0x00, 0x00, 0x00, 0x00, 0x00, 0x00,
    0x00, 0x00, 0x00, 0x00, 0x00, 0x00, 0x00, 0x00, 0x00, 0x00, 0x00, 0x00, 0x00, 0x00, 0x00, 0x00,
    0x00, 0x00, 0x00, 0x00, 0x00, 0x00, 0x00, 0x00, 0x00, 0x00, 0x00, 0x00, 0x00, 0x00, 0x00, 0x00,
    0x00, 0x00, 0x00, 0x00, 0x00, 0x00, 0x00, 0x00, 0x00, 0x00, 0x00, 0x00, 0x00, 0x00, 0x00, 0x00,
    0x00, 0x00, 0x00, 0x00, 0x00, 0x00, 0x00, 0x00, 0x00, 0x00, 0x00, 0x00, 0x00, 0x00, 0x00, 0x00,
    0x00, 0x00, 0x00, 0x00, 0x00, 0x00, 0x00, 0x00, 0x00, 0x00, 0x00, 0x00, 0x00, 0x00, 0x00, 0x00,
    0x00, 0x00, 0x00, 0x00, 0x00, 0x00, 0x00, 0x00, 0x00, 0x00, 0x00, 0x00, 0x00, 0x00, 0x00, 0x00,
    0x00, 0x00, 0x00, 0x00, 0x00, 0x00, 0x00, 0x00, 0x00, 0x00, 0x00, 0x00, 0x00, 0x00, 0x00, 0x00,
    0x00, 0x00, 0x00, 0x00, 0x00, 0x00, 0x00, 0x00, 0x00, 0x00, 0x00, 0x00, 0x00, 0x00, 0x00, 0x3F,
    0x80, 0x00, 0x01, 0xFC, 0x1F, 0xC0, 0x00, 0x03, 0xF8, 0x1F, 0xE0, 0x00, 0x07, 0xF8, 0x0F, 0xE0,
    0x00, 0x07, 0xF0, 0x07, 0xF0, 0x00, 0x0F, 0xE0, 0x07, 0xF8, 0x00, 0x1F, 0xC0, 0x03, 0xF8, 0x00,
    0x3F, 0xC0, 0x01, 0xFC, 0x00, 0x3F, 0x80, 0x00, 0xFE, 0x00, 0x7F, 0x00, 0x00, 0xFF, 0x00, 0xFF,
    0x00, 0x00, 0x7F, 0x00, 0xFE, 0x00, 0x00, 0x3F, 0x81, 0xFC, 0x00, 0x00, 0x1F, 0xC3, 0xF8, 0x00,
    0x00, 0x1F, 0xC7, 0xF8, 0x00, 0x00, 0x0F, 0xE7, 0xF0, 0x00, 0x00, 0x07, 0xFF, 0xE0, 0x00, 0x00,
    0x07, 0xFF, 0xC0, 0x00, 0x00, 0x03, 0xFF, 0xC0, 0x00, 0x00, 0x01, 0xFF, 0x80, 0x00, 0x00, 0x00,
    0xFF, 0x00, 0x00, 0x00, 0x00, 0xFF, 0x00, 0x00, 0x00, 0x00, 0xFF, 0x00, 0x00, 0x00, 0x01, 0xFF,
    0x80, 0x00, 0x00, 0x03, 0xFF, 0xC0, 0x00, 0x00, 0x07, 0xFF, 0xE0, 0x00, 0x00, 0x07, 0xFF, 0xE0,
    0x00, 0x00, 0x0F, 0xE7, 0xF0, 0x00, 0x00, 0x1F, 0xC7, 0xF8, 0x00, 0x00, 0x3F, 0xC3, 0xF8, 0x00,
    0x00, 0x3F, 0x81, 0xFC, 0x00, 0x00, 0x7F, 0x00, 0xFE, 0x00, 0x00, 0xFF, 0x00, 0xFF, 0x00, 0x00,
    0xFE, 0x00, 0x7F, 0x00, 0x01, 0xFC, 0x00, 0x3F, 0x80, 0x03, 0xF8, 0x00, 0x3F, 0xC0, 0x07, 0xF8,
    0x00, 0x1F, 0xE0, 0x07, 0xF0, 0x00, 0x0F, 0xE0, 0x0F, 0xE0, 0x00, 0x07, 0xF0, 0x1F, 0xC0, 0x00,
    0x07, 0xF8, 0x3F, 0xC0, 0x00, 0x03, 0xF8, 0x3F, 0x80, 0x00, 0x01, 0xFC, 0x7F, 0x00, 0x00, 0x00,
    0xFE, 0x00, 0x00, 0x00, 0x00, 0x00, 0x00, 0x00, 0x00, 0x00, 0x00, 0x00, 0x00, 0x00, 0x00, 0x00,
    0x00, 0x00, 0x00, 0x00, 0x00, 0x00, 0x00, 0x00, 0x00, 0x00, 0x00, 0x00, 0x00, 0x00, 0x00, 0x00,
    0x00, 0x00, 0x00, 0x00, 0x00, 0x00, 0x00, 0x00, 0x00, 0x00, 0x00, 0x00, 0x00, 0x00, 0x00, 0x00,
    0x00, 0x00, 0x00, 0x00, 0x00, 0x00, 0x00, 0x00, 0x00, 0x00, 0x00, 0x00, 0x00, 0x00, 0x00, 0x00,
    0x00, 0x00, 0x00, 0x00, 0x00, 0x00, 0x00, 0x00, 0x00, 0x00, 0x00, 0x00, 0x00, 0x00, 0x00, 0x00,
    0x00, 0x00, 0x00, 0x00, 0x00, 0x00, 0x00, 0x00, 0x00, 0x00, 0x00, 0x00, 0x00, 0x00, 0x00, 0x00,
    0x00, 0x00, 0x00, 0x00, 0x00, 0x00, 0x00, 0x00, 0x00, 0x00, 0x00, 0x00, 0x00, 0x00, 0x00, 0x00,
    0x00, 0x00, 0x00, 0x00, 0x00, 0x00, 0x00, 0x00, 0x00, 0x00, 0x00, 0x00, 0x00, 0x00, 0x00, 0x00,
    0x00, 0x00, 0x00, 0x00, 0x00, 0x00, 0x00, 0x00, 0x00, 0x00, 0x00, 0x00, 0x00, 0x00, 0x00, 0x00,
    0x00, 0x00, 0x00, 0x00, 0x00, 0x00, 0x00, 0x00, 0x00, 0x00, 0x00, 0x00, 0x00, 0x00, 0x00, 0x00,
    0x00, 0x00, 0x00, 0x00, 0x00, 0x00, 0x00, 0x00, 0x00, 0x00, 0x00, 0x00, 0x00, 0x00, 0x00, 0x00,
    0x00, 0x00, 0x00, 0x00, 0x00, 0x00, 0x00, 0x00, 0x00, 0x00, 0x00, 0x00, 0x00, 0x00, 0x00, 0x7F,
    0x00, 0x00, 0x01, 0xF8, 0x3F, 0x00, 0x00, 0x03, 0xF8, 0x3F, 0x80, 0x00, 0x07, 0xF0, 0x1F, 0x80,
    0x00, 0x07, 0xE0, 0x1F, 0xC0, 0x00, 0x0F, 0xE0, 0x0F, 0xC0, 0x00, 0x0F, 0xC0, 0x0F, 0xE0, 0x00,
    0x1F, 0xC0, 0x07, 0xF0, 0x00, 0x3F, 0x80, 0x03, 0xF0, 0x00, 0x3F, 0x00, 0x03, 0xF8, 0x00, 0x7F,
    0x00, 0x01, 0xF8, 0x00, 0x7E, 0x00, 0x01, 0xFC, 0x00, 0xFE, 0x00, 0x00, 0xFE, 0x00, 0xFC, 0x00,
    0x00, 0x7E, 0x01, 0xF8, 0x00, 0x00, 0x7F, 0x03, 0xF8, 0x00, 0x00, 0x3F, 0x03, 0xF0, 0x00, 0x00,
    0x3F, 0x87, 0xF0, 0x00, 0x00, 0x1F, 0x87, 0xE0, 0x00, 0x00, 0x0F, 0xCF, 0xC0, 0x00, 0x00, 0x0F,
    0xEF, 0xC0, 0x00, 0x00, 0x07, 0xFF, 0x80, 0x00, 0x00, 0x07, 0xFF, 0x80, 0x00, 0x00, 0x03, 0xFF,
    0x00, 0x00, 0x00, 0x01, 0xFE, 0x00, 0x00, 0x00, 0x01, 0xFE, 0x00, 0x00, 0x00, 0x00, 0xFC, 0x00,
    0x00, 0x00, 0x00, 0xFC, 0x00, 0x00, 0x00, 0x00, 0xFC, 0x00, 0x00, 0x00, 0x00, 0xFC, 0x00, 0x00,
    0x00, 0x00, 0xFC, 0x00, 0x00, 0x00, 0x00, 0xFC, 0x00, 0x00, 0x00, 0x00, 0xFC, 0x00, 0x00, 0x00,
    0x00, 0xFC, 0x00, 0x00, 0x00, 0x00, 0xFC, 0x00, 0x00, 0x00, 0x00, 0xFC, 0x00, 0x00, 0x00, 0x00,
    0xFC, 0x00, 0x00, 0x00, 0x00, 0xFC, 0x00, 0x00, 0x00, 0x00, 0xFC, 0x00, 0x00, 0x00, 0x00, 0xFC,
    0x00, 0x00, 0x00, 0x00, 0xFC, 0x00, 0x00, 0x00, 0x00, 0xFC, 0x00, 0x00, 0x00, 0x00, 0xFC, 0x00,
    0x00, 0x00, 0x00, 0x00, 0x00, 0x00, 0x00, 0x00, 0x00, 0x00, 0x00, 0x00, 0x00, 0x00, 0x00, 0x00,
    0x00, 0x00, 0x00, 0x00, 0x00, 0x00, 0x00, 0x00, 0x00, 0x00, 0x00, 0x00, 0x00, 0x00, 0x00, 0x00,
    0x00, 0x00, 0x00, 0x00, 0x00, 0x00, 0x00, 0x00, 0x00, 0x00, 0x00, 0x00, 0x00, 0x00, 0x00, 0x00,
    0x00, 0x00, 0x00, 0x00, 0x00, 0x00, 0x00, 0x00, 0x00, 0x00, 0x00, 0x00, 0x00, 0x00, 0x00, 0x00,
    0x00, 0x00, 0x00, 0x00, 0x00, 0x00, 0x00, 0x00, 0x00, 0x00, 0x00, 0x00, 0x00, 0x00, 0x00, 0x00,
    0x00, 0x00, 0x00, 0x00, 0x00, 0x00, 0x00, 0x00, 0x00, 0x00, 0x00, 0x00, 0x00, 0x00, 0x00, 0x00,
    0x00, 0x00, 0x00, 0x00, 0x00, 0x00, 0x00, 0x00, 0x00, 0x00, 0x00, 0x00, 0x00, 0x00, 0x00, 0x00,
    0x00, 0x00, 0x00, 0x00, 0x00, 0x00, 0x00, 0x00, 0x00, 0x00, 0x00, 0x00, 0x00, 0x00, 0x00, 0x00,
    0x00, 0x00, 0x00, 0x00, 0x00, 0x00, 0x00, 0x00, 0x00, 0x00, 0x00, 0x00, 0x00, 0x00, 0x00, 0x00,
    0x00, 0x00, 0x00, 0x00, 0x00, 0x00, 0x00, 0x00, 0x00, 0x00, 0x00, 0x00, 0x00, 0x00, 0x00, 0x00,
    0x00, 0x00, 0x00, 0x00, 0x00, 0x00, 0x00, 0x00, 0x00, 0x00, 0x00, 0x00, 0x00, 0x00, 0x00, 0x00,
    0x00, 0x00, 0x00, 0x00, 0x00, 0x00, 0x00, 0x00, 0x00, 0x00, 0x00, 0x00, 0x00, 0x00, 0x00, 0x0F,
    0xFF, 0xFF, 0xFF, 0xE0, 0x0F, 0xFF, 0xFF, 0xFF, 0xE0, 0x0F, 0xFF, 0xFF, 0xFF, 0xE0, 0x0F, 0xFF,
    0xFF, 0xFF, 0xE0, 0x0F, 0xFF, 0xFF, 0xFF, 0xE0, 0x00, 0x00, 0x00, 0x1F, 0xC0, 0x00, 0x00, 0x00,
    0x1F, 0xC0, 0x00, 0x00, 0x00, 0x3F, 0x80, 0x00, 0x00, 0x00, 0x7F, 0x00, 0x00, 0x00, 0x00, 0xFE,
    0x00, 0x00, 0x00, 0x00, 0xFE, 0x00, 0x00, 0x00, 0x01, 0xFC, 0x00, 0x00, 0x00, 0x03, 0xF8, 0x00,
    0x00, 0x00, 0x07, 0xF0, 0x00, 0x00, 0x00, 0x0F, 0xF0, 0x00, 0x00, 0x00, 0x0F, 0xE0, 0x00, 0x00,
    0x00, 0x1F, 0xC0, 0x00, 0x00, 0x00, 0x3F, 0x80, 0x00, 0x00, 0x00, 0x7F, 0x00, 0x00, 0x00, 0x00,
    0x7F, 0x00, 0x00, 0x00, 0x00, 0xFE, 0x00, 0x00, 0x00, 0x01, 0xFC, 0x00, 0x00, 0x00, 0x03, 0xF8,
    0x00, 0x00, 0x00, 0x07, 0xF8, 0x00, 0x00, 0x00, 0x07, 0xF0, 0x00, 0x00, 0x00, 0x0F, 0xE0, 0x00,
    0x00, 0x00, 0x1F, 0xC0, 0x00, 0x00, 0x00, 0x3F, 0xC0, 0x00, 0x00, 0x00, 0x3F, 0x80, 0x00, 0x00,
    0x00, 0x7F, 0x00, 0x00, 0x00, 0x00, 0xFE, 0x00, 0x00, 0x00, 0x01, 0xFC, 0x00, 0x00, 0x00, 0x03,
    0xFC, 0x00, 0x00, 0x00, 0x03, 0xF8, 0x00, 0x00, 0x00, 0x07, 0xF0, 0x00, 0x00, 0x00, 0x0F, 0xE0,
    0x00, 0x00, 0x00, 0x1F, 0xE0, 0x00, 0x00, 0x00, 0x1F, 0xFF, 0xFF, 0xFF, 0xF0, 0x1F, 0xFF, 0xFF,
    0xFF, 0xF0, 0x1F, 0xFF, 0xFF, 0xFF, 0xF0, 0x1F, 0xFF, 0xFF, 0xFF, 0xF0, 0x1F, 0xFF, 0xFF, 0xFF,
    0xF0, 0x00, 0x00, 0x00, 0x00, 0x00, 0x00, 0x00, 0x00, 0x00, 0x00, 0x00, 0x00, 0x00, 0x00, 0x00,
    0x00, 0x00, 0x00, 0x00, 0x00, 0x00, 0x00, 0x00, 0x00, 0x00, 0x00, 0x00, 0x00, 0x00, 0x00, 0x00,
    0x00, 0x00, 0x00, 0x00, 0x00, 0x00, 0x00, 0x00, 0x00, 0x00, 0x00, 0x00, 0x00, 0x00, 0x00, 0x00,
    0x00, 0x00, 0x00, 0x00, 0x00, 0x00, 0x00, 0x00, 0x00, 0x00, 0x00, 0x00, 0x00, 0x00, 0x00, 0x00,
    0x00, 0x00, 0x00, 0x00, 0x00, 0x00, 0x00, 0x00, 0x00, 0x00, 0x00, 0x00, 0x00, 0x00, 0x00, 0x00,
    0x00, 0x00, 0x00, 0x00, 0x00, 0x00, 0x00, 0x00, 0x00, 0x00, 0x00, 0x00, 0x00, 0x00, 0x00, 0x00,
    0x00, 0x00, 0x00, 0x00, 0x00, 0x00, 0x00, 0x00, 0x00, 0x00, 0x00, 0x00, 0x00, 0x00, 0x00, 0x00,
    0x00, 0x00, 0x00, 0x00, 0x00, 0x00, 0x00, 0x00, 0x00, 0x00, 0x00, 0x00, 0x00, 0x00, 0x00, 0x00,
    0x00, 0x00, 0x00, 0x00, 0x00, 0x00, 0x00, 0x00, 0x00, 0x00, 0x00, 0x00, 0x00, 0x00, 0x00, 0x00,
    0x00, 0x00, 0x00, 0x00, 0x00, 0x00, 0x00, 0x00, 0x00, 0x07, 0xFF, 0xC0, 0x07, 0xFF, 0xC0, 0x07,
    0xFF, 0xC0, 0x07, 0xFF, 0xC0, 0x07, 0xFF, 0xC0, 0x07, 0xC0, 0x00, 0x07, 0xC0, 0x00, 0x07, 0xC0,
    0x00, 0x07, 0xC0, 0x00, 0x07, 0xC0, 0x00, 0x07, 0xC0, 0x00, 0x07, 0xC0, 0x00, 0x07, 0xC0, 0x00,
    0x07, 0xC0, 0x00, 0x07, 0xC0, 0x00, 0x07, 0xC0, 0x00, 0x07, 0xC0, 0x00, 0x07, 0xC0, 0x00, 0x07,
    0xC0, 0x00, 0x07, 0xC0, 0x00, 0x07, 0xC0, 0x00, 0x07, 0xC0, 0x00, 0x07, 0xC0, 0x00, 0x07, 0xC0,
    0x00, 0x07, 0xC0, 0x00, 0x07, 0xC0, 0x00, 0x07, 0xC0, 0x00, 0x07, 0xC0, 0x00, 0x07, 0xC0, 0x00,
    0x07, 0xC0, 0x00, 0x07, 0xC0, 0x00, 0x07, 0xC0, 0x00, 0x07, 0xC0, 0x00, 0x07, 0xC0, 0x00, 0x07,
    0xC0, 0x00, 0x07, 0xC0, 0x00, 0x07, 0xC0, 0x00, 0x07, 0xC0, 0x00, 0x07, 0xC0, 0x00, 0x07, 0xC0,
    0x00, 0x07, 0xC0, 0x00, 0x07, 0xC0, 0x00, 0x07, 0xC0, 0x00, 0x07, 0xC0, 0x00, 0x07, 0xC0, 0x00,
    0x07, 0xC0, 0x00, 0x07, 0xC0, 0x00, 0x07, 0xFF, 0xC0, 0x07, 0xFF, 0xC0, 0x07, 0xFF, 0xC0, 0x07,
    0xFF, 0xC0, 0x07, 0xFF, 0xC0, 0x00, 0x00, 0x00, 0x00, 0x00, 0x00, 0x00, 0x00, 0x00, 0x00, 0x00,
    0x00, 0x00, 0x00, 0x00, 0x00, 0x00, 0x00, 0x00, 0x00, 0x00, 0x00, 0x00, 0x00, 0x00, 0x00, 0x00,
    0x00, 0x00, 0x00, 0x00, 0x00, 0x00, 0x00, 0x00, 0x00, 0x00, 0x00, 0x00, 0x00, 0x00, 0x00, 0x00,
    0x00, 0x00, 0x00, 0x00, 0x00, 0x00, 0x00, 0x00, 0x00, 0x00, 0x00, 0x00, 0x00, 0x00, 0x00, 0x00,
    0x00, 0x00, 0x00, 0x00, 0x00, 0x00, 0x00, 0x00, 0x00, 0x00, 0x00, 0x00, 0x00, 0x00, 0x00, 0x00,
    0x00, 0x00, 0x00, 0x00, 0x00, 0x00, 0x00, 0x00, 0x00, 0x7E, 0x00, 0x00, 0x3E, 0x00, 0x00, 0x3F,
    0x00, 0x00, 0x3F, 0x00, 0x00, 0x1F, 0x00, 0x00, 0x1F, 0x80, 0x00, 0x1F, 0x80, 0x00, 0x0F, 0xC0,
    0x00, 0x0F, 0xC0, 0x00, 0x07, 0xC0, 0x00, 0x07, 0xE0, 0x00, 0x07, 0xE0, 0x00, 0x03, 0xF0, 0x00,
    0x03, 0xF0, 0x00, 0x01, 0xF0, 0x00, 0x01, 0xF8, 0x00, 0x01, 0xF8, 0x00, 0x00, 0xF8, 0x00, 0x00,
    0xFC, 0x00, 0x00, 0x7C, 0x00, 0x00, 0x7E, 0x00, 0x00, 0x7E, 0x00, 0x00, 0x3E, 0x00, 0x00, 0x3F,
    0x00, 0x00, 0x1F, 0x00, 0x00, 0x1F, 0x80, 0x00, 0x1F, 0x80, 0x00, 0x0F, 0x80, 0x00, 0x0F, 0xC0,
    0x00, 0x07, 0xC0, 0x00, 0x07, 0xE0, 0x00, 0x07, 0xE0, 0x00, 0x03, 0xE0, 0x00, 0x03, 0xF0, 0x00,
    0x01, 0xF0, 0x00, 0x01, 0xF8, 0x00, 0x01, 0xF8, 0x00, 0x00, 0xF8, 0x00, 0x00, 0xFC, 0x00, 0x00,
    0x7C, 0x00, 0x00, 0x7E, 0x00, 0x00, 0x7E, 0x00, 0x00, 0x00, 0x00, 0x00, 0x00, 0x00, 0x00, 0x00,
    0x00, 0x00, 0x00, 0x00, 0x00, 0x00, 0x00, 0x00, 0x00, 0x00, 0x00, 0x00, 0x00, 0x00, 0x00, 0x00,
    0x00, 0x00, 0x00, 0x00, 0x00, 0x00, 0x00, 0x00, 0x00, 0x00, 0x00, 0x00, 0x00, 0x00, 0x00, 0x00,
    0x00, 0x00, 0x00, 0x00, 0x00, 0x00, 0x00, 0x00, 0x00, 0x00, 0x00, 0x00, 0x00, 0x00, 0x00, 0x00,
    0x00, 0x00, 0x00, 0x00, 0x00, 0x00, 0x00, 0x00, 0x00, 0x00, 0x00, 0x00, 0x00, 0x00, 0x00, 0x00,
    0x00, 0x00, 0x00, 0x00, 0x00, 0x00, 0x00, 0x00, 0x00, 0x00, 0x00, 0x00, 0x00, 0x00, 0x00, 0x00,
    0x00, 0x00, 0x00, 0x00, 0x00, 0x00, 0x00, 0x00, 0x00, 0x00, 0x00, 0x00, 0x00, 0x00, 0x00, 0x00,
    0x00, 0x00, 0x00, 0x00, 0x00, 0x00, 0x00, 0x00, 0x00, 0x3F, 0xFE, 0x00, 0x3F, 0xFE, 0x00, 0x3F,
    0xFE, 0x00, 0x3F, 0xFE, 0x00, 0x3F, 0xFE, 0x00, 0x00, 0x3E, 0x00, 0x00, 0x3E, 0x00, 0x00, 0x3E,
    0x00, 0x00, 0x3E, 0x00, 0x00, 0x3E, 0x00, 0x00, 0x3E, 0x00, 0x00, 0x3E, 0x00, 0x00, 0x3E, 0x00,
    0x00, 0x3E, 0x00, 0x00, 0x3E, 0x00, 0x00, 0x3E, 0x00, 0x00, 0x3E, 0x00, 0x00, 0x3E, 0x00, 0x00,
    0x3E, 0x00, 0x00, 0x3E, 0x00, 0x00, 0x3E, 0x00, 0x00, 0x3E, 0x00, 0x00, 0x3E, 0x00, 0x00, 0x3E,
    0x00, 0x00, 0x3E, 0x00, 0x00, 0x3E, 0x00, 0x00, 0x3E, 0x00, 0x00, 0x3E, 0x00, 0x00, 0x3E, 0x00,
    0x00, 0x3E, 0x00, 0x00, 0x3E, 0x00, 0x00, 0x3E, 0x00, 0x00, 0x3E, 0x00, 0x00, 0x3E, 0x00, 0x00,
    0x3E, 0x00, 0x00, 0x3E, 0x00, 0x00, 0x3E, 0x00, 0x00, 0x3E, 0x00, 0x00, 0x3E, 0x00, 0x00, 0x3E,
    0x00, 0x00, 0x3E, 0x00, 0x00, 0x3E, 0x00, 0x00, 0x3E, 0x00, 0x00, 0x3E, 0x00, 0x00, 0x3E, 0x00,
    0x00, 0x3E, 0x00, 0x00, 0x3E, 0x00, 0x3F, 0xFE, 0x00, 0x3F, 0xFE, 0x00, 0x3F, 0xFE, 0x00, 0x3F,
    0xFE, 0x00, 0x3F, 0xFE, 0x00, 0x00, 0x00, 0x00, 0x00, 0x00, 0x00, 0x00, 0x00, 0x00, 0x00, 0x00,
    0x00, 0x00, 0x00, 0x00, 0x00, 0x00, 0x00, 0x00, 0x00, 0x00, 0x00, 0x00, 0x00, 0x00, 0x00, 0x00,
    0x00, 0x00, 0x00, 0x00, 0x00, 0x00, 0x00, 0x00, 0x00, 0x00, 0x00, 0x00, 0x00, 0x00, 0x00, 0x00,
    0x00, 0x00, 0x00, 0x00, 0x00, 0x00, 0x00, 0x00, 0x00, 0x00, 0x00, 0x00, 0x00, 0x00, 0x00, 0x00,
    0x00, 0x00, 0x00, 0x00, 0x00, 0x00, 0x00, 0x00, 0x00, 0x00, 0x00, 0x00, 0x00, 0x00, 0x00, 0x00,
    0x00, 0x00, 0x00, 0x00, 0x00, 0x00, 0x00, 0x00, 0x00, 0x00, 0x00, 0x00, 0x00, 0x00, 0x00, 0x00,
    0x00, 0x00, 0x00, 0x00, 0x00, 0x00, 0x00, 0x00, 0x00, 0x00, 0x00, 0x00, 0x00, 0x00, 0x00, 0x00,
    0x00, 0x00, 0x00, 0x00, 0x00, 0x00, 0x00, 0x00, 0x00, 0x00, 0x00, 0x00, 0xF0, 0x00, 0x00, 0x00,
    0x01, 0xF8, 0x00, 0x00, 0x00, 0x03, 0xF8, 0x00, 0x00, 0x00, 0x03, 0xFC, 0x00, 0x00, 0x00, 0x07,
    0xFC, 0x00, 0x00, 0x00, 0x07, 0xFE, 0x00, 0x00, 0x00, 0x0F, 0xFE, 0x00, 0x00, 0x00, 0x0F, 0xBF,
    0x00, 0x00, 0x00, 0x1F, 0xBF, 0x00, 0x00, 0x00, 0x3F, 0x1F, 0x80, 0x00, 0x00, 0x3F, 0x0F, 0x80,
    0x00, 0x00, 0x7E, 0x0F, 0xC0, 0x00, 0x00, 0x7E, 0x07, 0xC0, 0x00, 0x00, 0xFC, 0x07, 0xE0, 0x00,
    0x00, 0xFC, 0x03, 0xE0, 0x00, 0x01, 0xF8, 0x03, 0xF0, 0x00, 0x01, 0xF8, 0x01, 0xF8, 0x00, 0x03,
    0xF0, 0x01, 0xF8, 0x00, 0x03, 0xF0, 0x00, 0xFC, 0x00, 0x07, 0xE0, 0x00, 0xFC, 0x00, 0x07, 0xC0,
    0x00, 0x7E, 0x00, 0x0F, 0xC0, 0x00, 0x7E, 0x00, 0x0F, 0x80, 0x00, 0x3F, 0x00, 0x00, 0x00, 0x00,
    0x00, 0x00, 0x00, 0x00, 0x00, 0x00, 0x00, 0x00, 0x00, 0x00, 0x00, 0x00, 0x00, 0x00, 0x00, 0x00,
    0x00, 0x00, 0x00, 0x00, 0x00, 0x00, 0x00, 0x00, 0x00, 0x00, 0x00, 0x00, 0x00, 0x00, 0x00, 0x00,
    0x00, 0x00, 0x00, 0x00, 0x00, 0x00, 0x00, 0x00, 0x00, 0x00, 0x00, 0x00, 0x00, 0x00, 0x00, 0x00,
    0x00, 0x00, 0x00, 0x00, 0x00, 0x00, 0x00, 0x00, 0x00, 0x00, 0x00, 0x00, 0x00, 0x00, 0x00, 0x00,
    0x00, 0x00, 0x00, 0x00, 0x00, 0x00, 0x00, 0x00, 0x00, 0x00, 0x00, 0x00, 0x00, 0x00, 0x00, 0x00,
    0x00, 0x00, 0x00, 0x00, 0x00, 0x00, 0x00, 0x00, 0x00, 0x00, 0x00, 0x00, 0x00, 0x00, 0x00, 0x00,
    0x00, 0x00, 0x00, 0x00, 0x00, 0x00, 0x00, 0x00, 0x00, 0x00, 0x00, 0x00, 0x00, 0x00, 0x00, 0x00,
    0x00, 0x00, 0x00, 0x00, 0x00, 0x00, 0x00, 0x00, 0x00, 0x00, 0x00, 0x00, 0x00, 0x00, 0x00, 0x00,
    0x00, 0x00, 0x00, 0x00, 0x00, 0x00, 0x00, 0x00, 0x00, 0x00, 0x00, 0x00, 0x00, 0x00, 0x00, 0x00,
    0x00, 0x00, 0x00, 0x00, 0x00, 0x00, 0x00, 0x00, 0x00, 0x00, 0x00, 0x00, 0x00, 0x00, 0x00, 0x00,
    0x00, 0x00, 0x00, 0x00, 0x00, 0x00, 0x00, 0x00, 0x00, 0x00, 0x00, 0x00, 0x00, 0x00, 0x00, 0x00,
    0x00, 0x00, 0x00, 0x00, 0x00, 0x00, 0x00, 0x00, 0x00, 0x00, 0x00, 0x00, 0x00, 0x00, 0x00, 0x00,
    0x00, 0x00, 0x00, 0x00, 0x00, 0x00, 0x00, 0x00, 0x00, 0x00, 0x00, 0x00, 0x00, 0x00, 0x00, 0x00,
    0x00, 0x00, 0x00, 0x00, 0x00, 0x00, 0x00, 0x00, 0x00, 0x00, 0x00, 0x00, 0x00, 0x00, 0x00, 0x00,
    0x00, 0x00, 0x00, 0x00, 0x00, 0x00, 0x00, 0x00, 0x00, 0x00, 0x00, 0x00, 0x00, 0x00, 0x00, 0x00,
    0x00, 0x00, 0x00, 0x00, 0x00, 0x00, 0x00, 0x00, 0x00, 0x00, 0x00, 0x00, 0x00, 0x00, 0x00, 0x00,
    0x00, 0x00, 0x00, 0x00, 0x00, 0x00, 0x00, 0x00, 0x00, 0x00, 0x00, 0x00, 0x00, 0x00, 0x00, 0x00,
    0x00, 0x00, 0x00, 0x00, 0x00, 0x00, 0x00, 0x00, 0x00, 0x00, 0x00, 0x00, 0x00, 0x00, 0x00, 0x00,
    0x00, 0x00, 0x00, 0x00, 0x00, 0x00, 0x00, 0x00, 0x00, 0x00, 0x00, 0x00, 0x00, 0x00, 0x00, 0x00,
    0x00, 0x00, 0x00, 0x00, 0x00, 0x00, 0x00, 0x00, 0x00, 0x00, 0x00, 0x00, 0x00, 0x00, 0x00, 0x00,
    0x00, 0x00, 0x00, 0x00, 0x00, 0x00, 0x00, 0x00, 0x00, 0x00, 0x00, 0x00, 0x00, 0x00, 0x00, 0x00,
    0x00, 0x00, 0x00, 0x00, 0x00, 0x00, 0x00, 0x00, 0x00, 0x00, 0x00, 0x00, 0x00, 0x00, 0x00, 0x00,
    0x00, 0x00, 0x00, 0x00, 0x00, 0x00, 0x00, 0x00, 0x00, 0x00, 0x00, 0x00, 0x00, 0x00, 0x00, 0x00,
    0x00, 0x00, 0x00, 0x00, 0x00, 0x00, 0x00, 0x00, 0x00, 0x00, 0x00, 0x00, 0x00, 0x00, 0x00, 0x00,
    0x00, 0x00, 0x00, 0x00, 0x00, 0x00, 0x00, 0x00, 0x00, 0x00, 0x00, 0x00, 0x00, 0x00, 0x00, 0x00,
    0x00, 0x00, 0x00, 0x00, 0x00, 0x00, 0x00, 0x00, 0x00, 0x00, 0x00, 0x00, 0x00, 0x00, 0x00, 0x00,
    0x00, 0x00, 0x00, 0x00, 0x00, 0x00, 0x00, 0x00, 0x00, 0x00, 0x00, 0x00, 0x00, 0x00, 0x00, 0x00,
    0x00, 0x00, 0x00, 0x00, 0x7F, 0xFF, 0xFF, 0x80, 0x7F, 0xFF, 0xFF, 0x80, 0x7F, 0xFF, 0xFF, 0x80,
    0x7F, 0xFF, 0xFF, 0x80, 0x7F, 0xFF, 0xFF, 0x80, 0x00, 0x00, 0x00, 0x00, 0x00, 0x00, 0x00, 0x00,
    0x00, 0x00, 0x00, 0x00, 0x00, 0x00, 0x00, 0x00, 0x00, 0x00, 0x00, 0x00, 0x00, 0x00, 0x00, 0x00,
    0x00, 0x00, 0x00, 0x00, 0x00, 0x00, 0x00, 0x00, 0x00, 0x00, 0x00, 0x00, 0x00, 0x00, 0x00, 0x00,
    0x00, 0x00, 0x00, 0x00, 0x00, 0x00, 0x00, 0x00, 0x00, 0x00, 0x00, 0x00, 0x00, 0x00, 0x00, 0x00,
    0x00, 0x00, 0x00, 0x00, 0x00, 0x00, 0x00, 0x00, 0x00, 0x00, 0x00, 0x00, 0x00, 0x00, 0x00, 0x00,
    0x00, 0x00, 0x00, 0x00, 0x00, 0x00, 0x00, 0x00, 0x00, 0x00, 0x00, 0x00, 0x00, 0x00, 0x00, 0x00,
    0x00, 0x00, 0x00, 0x00, 0x00, 0x00, 0x00, 0x00, 0x00, 0x00, 0x00, 0x00, 0x00, 0x00, 0x00, 0x00,
    0x00, 0x00, 0x00, 0x0F, 0x00, 0x00, 0x1F, 0x80, 0x00, 0x0F, 0x80, 0x00, 0x0F, 0xC0, 0x00, 0x07,
    0xE0, 0x00, 0x03, 0xF0, 0x00, 0x01, 0xF8, 0x00, 0x00, 0x78, 0x00, 0x00, 0x00, 0x00, 0x00, 0x00,
    0x00, 0x00, 0x00, 0x00, 0x00, 0x00, 0x00, 0x00, 0x00, 0x00, 0x00, 0x00, 0x00, 0x00, 0x00, 0x00,
    0x00, 0x00, 0x00, 0x00, 0x00, 0x00, 0x00, 0x00, 0x00, 0x00, 0x00, 0x00, 0x00, 0x00, 0x00, 0x00,
    0x00, 0x00, 0x00, 0x00, 0x00, 0x00, 0x00, 0x00, 0x00, 0x00, 0x00, 0x00, 0x00, 0x00, 0x00, 0x00,
    0x00, 0x00, 0x00, 0x00, 0x00, 0x00, 0x00, 0x00, 0x00, 0x00, 0x00, 0x00, 0x00, 0x00, 0x00, 0x00,
    0x00, 0x00, 0x00, 0x00, 0x00, 0x00, 0x00, 0x00, 0x00, 0x00, 0x00, 0x00, 0x00, 0x00, 0x00, 0x00,
    0x00, 0x00, 0x00, 0x00, 0x00, 0x00, 0x00, 0x00, 0x00, 0x00, 0x00, 0x00, 0x00, 0x00, 0x00, 0x00,
    0x00, 0x00, 0x00, 0x00, 0x00, 0x00, 0x00, 0x00, 0x00, 0x00, 0x00, 0x00, 0x00, 0x00, 0x00, 0x00,
    0x00, 0x00, 0x00, 0x00, 0x00, 0x00, 0x00, 0x00, 0x00, 0x00, 0x00, 0x00, 0x00, 0x00, 0x00, 0x00,
    0x00, 0x00, 0x00, 0x00, 0x00, 0x00, 0x00, 0x00, 0x00, 0x00, 0x00, 0x00, 0x00, 0x00, 0x00, 0x00,
    0x00, 0x00, 0x00, 0x00, 0x00, 0x00, 0x00, 0x00, 0x00, 0x00, 0x00, 0x00, 0x00, 0x00, 0x00, 0x00,
    0x00, 0x00, 0x00, 0x00, 0x00, 0x00, 0x00, 0x00, 0x00, 0x00, 0x00, 0x00, 0x00, 0x00, 0x00, 0x00,
    0x00, 0x00, 0x00, 0x00, 0x00, 0x00, 0x00, 0x00, 0x00, 0x00, 0x00, 0x00, 0x00, 0x00, 0x00, 0x00,
    0x00, 0x00, 0x00, 0x00, 0x00, 0x00, 0x00, 0x00, 0x00, 0x00, 0x00, 0x00, 0x00, 0x00, 0x00, 0x00,
    0x00, 0x00, 0x00, 0x00, 0x00, 0x00, 0x00, 0x00, 0x00, 0x00, 0x00, 0x00, 0x00, 0x00, 0x00, 0x00,
    0x00, 0x00, 0x00, 0x00, 0x00, 0x00, 0x00, 0x00, 0x00, 0x00, 0x00, 0x00, 0x00, 0x00, 0x00, 0x00,
    0x00, 0x00, 0x00, 0x00, 0x00, 0x00, 0x00, 0x00, 0x00, 0x00, 0x00, 0x00, 0x00, 0x00, 0x00, 0x00,
    0x00, 0x00, 0x00, 0x00, 0x00, 0x00, 0x00, 0x00, 0x00, 0x00, 0x00, 0x00, 0x00, 0x00, 0x00, 0x00,
    0x00, 0x00, 0x00, 0x00, 0x00, 0x00, 0x00, 0x00, 0x00, 0x00, 0x00, 0x00, 0x00, 0x00, 0x00, 0x00,
    0x00, 0x00, 0x00, 0x00, 0x00, 0x00, 0x00, 0x00, 0x00, 0x00, 0x00, 0x00, 0x00, 0x00, 0x80, 0x00,
    0x00, 0x00, 0x1F, 0xFE, 0x00, 0x00, 0x00, 0x7F, 0xFF, 0x80, 0x00, 0x00, 0xFF, 0xFF, 0xC0, 0x00,
    0x01, 0xFF, 0xFF, 0xE0, 0x00, 0x03, 0xFC, 0x1F, 0xF0, 0x00, 0x07, 0xF0, 0x07, 0xF0, 0x00, 0x07,
    0xE0, 0x03, 0xF8, 0x00, 0x07, 0xC0, 0x01, 0xF8, 0x00, 0x01, 0xC0, 0x01, 0xF8, 0x00, 0x00, 0x00,
    0x00, 0xF8, 0x00, 0x00, 0x00, 0x00, 0xF8, 0x00, 0x00, 0x00, 0x00, 0xF8, 0x00, 0x00, 0x00, 0x00,
    0xF8, 0x00, 0x00, 0x00, 0x7F, 0xF8, 0x00, 0x00, 0x0F, 0xFF, 0xF8, 0x00, 0x00, 0x7F, 0xFF, 0xF8,
    0x00, 0x01, 0xFF, 0xFF, 0xF8, 0x00, 0x03, 0xFF, 0xE0, 0xF8, 0x00, 0x0F, 0xFC, 0x00, 0xF8, 0x00,
    0x0F, 0xE0, 0x00, 0xF8, 0x00, 0x1F, 0xC0, 0x00, 0xF8, 0x00, 0x1F, 0x80, 0x00, 0xF8, 0x00, 0x1F,
    0x80, 0x00, 0xF8, 0x00, 0x3F, 0x00, 0x01, 0xF8, 0x00, 0x3F, 0x80, 0x01, 0xF8, 0x00, 0x1F, 0x80,
    0x03, 0xFC, 0x00, 0x1F, 0xC0, 0x07, 0xFC, 0x00, 0x1F, 0xE0, 0x1F, 0xFC, 0x00, 0x0F, 0xFF, 0xFF,
    0xFC, 0x00, 0x0F, 0xFF, 0xFE, 0x7C, 0x00, 0x03, 0xFF, 0xFC, 0x7C, 0x00, 0x01, 0xFF, 0xF0, 0x7C,
    0x00, 0x00, 0x7F, 0xC0, 0x00, 0x00, 0x00, 0x00, 0x00, 0x00, 0x00, 0x00, 0x00, 0x00, 0x00, 0x00,
    0x00, 0x00, 0x00, 0x00, 0x00, 0x00, 0x00, 0x00, 0x00, 0x00, 0x00, 0x00, 0x00, 0x00, 0x00, 0x00,
    0x00, 0x00, 0x00, 0x00, 0x00, 0x00, 0x00, 0x00, 0x00, 0x00, 0x00, 0x00, 0x00, 0x00, 0x00, 0x00,
    0x00, 0x00, 0x00, 0x00, 0x00, 0x00, 0x00, 0x00, 0x00, 0x00, 0x00, 0x00, 0x00, 0x00, 0x00, 0x00,
    0x00, 0x00, 0x00, 0x00, 0x00, 0x00, 0x00, 0x00, 0x00, 0x00, 0x00, 0x00, 0x00, 0x00, 0x00, 0x00,
    0x00, 0x00, 0x00, 0x00, 0x00, 0x00, 0x00, 0x00, 0x00, 0x00, 0x00, 0x00, 0x00, 0x00, 0x00, 0x00,
    0x00, 0x00, 0x00, 0x00, 0x00, 0x00, 0x00, 0x00, 0x00, 0x00, 0x00, 0x00, 0x00, 0x00, 0x00, 0x00,
    0x00, 0x00, 0x00, 0x00, 0x00, 0x00, 0x00, 0x00, 0x00, 0x00, 0x00, 0x00, 0x00, 0x00, 0x00, 0x00,
    0x00, 0x00, 0x00, 0x00, 0x00, 0x00, 0x00, 0x00, 0x00, 0x00, 0x00, 0x00, 0x00, 0x00, 0x00, 0x00,
    0x00, 0x00, 0x00, 0x00, 0x00, 0x00, 0x00, 0x00, 0x00, 0x00, 0x00, 0x00, 0x00, 0x00, 0x00, 0x00,
    0x00, 0x00, 0x00, 0x00, 0x00, 0x00, 0x00, 0x00, 0x00, 0x00, 0x00, 0x00, 0x00, 0x00, 0x00, 0x00,
    0x00, 0x00, 0x00, 0x00, 0x00, 0x00, 0x00, 0x00, 0x00, 0x00, 0x00, 0x00, 0x00, 0x00, 0x00, 0x0F,
    0xC0, 0x00, 0x00, 0x00, 0x0F, 0xC0, 0x00, 0x00, 0x00, 0x0F, 0xC0, 0x00, 0x00, 0x00, 0x0F, 0xC0,
    0x00, 0x00, 0x00, 0x0F, 0xC0, 0x00, 0x00, 0x00, 0x0F, 0xC0, 0x00, 0x00, 0x00, 0x0F, 0xC0, 0x00,
    0x00, 0x00, 0x0F, 0xC0, 0x00, 0x00, 0x00, 0x0F, 0xC0, 0x00, 0x00, 0x00, 0x0F, 0xC0, 0x08, 0x00,
    0x00, 0x0F, 0xC1, 0xFF, 0x80, 0x00, 0x0F, 0xC7, 0xFF, 0xE0, 0x00, 0x0F, 0xCF, 0xFF, 0xF0, 0x00,
    0x0F, 0xDF, 0xFF, 0xF8, 0x00, 0x0F, 0xFF, 0x87, 0xFC, 0x00, 0x0F, 0xFC, 0x01, 0xFE, 0x00, 0x0F,
    0xF8, 0x00, 0xFF, 0x00, 0x0F, 0xF0, 0x00, 0x7F, 0x00, 0x0F, 0xF0, 0x00, 0x3F, 0x00, 0x0F, 0xE0,
    0x00, 0x1F, 0x80, 0x0F, 0xE0, 0x00, 0x1F, 0x80, 0x0F, 0xC0, 0x00, 0x1F, 0x80, 0x0F, 0xC0, 0x00,
    0x1F, 0xC0, 0x0F, 0xC0, 0x00, 0x0F, 0xC0, 0x0F, 0xC0, 0x00, 0x0F, 0xC0, 0x0F, 0xC0, 0x00, 0x0F,
    0xC0, 0x0F, 0xC0, 0x00, 0x0F, 0xC0, 0x0F, 0xC0, 0x00, 0x0F, 0xC0, 0x0F, 0xC0, 0x00, 0x0F, 0xC0,
    0x0F, 0xC0, 0x00, 0x1F, 0xC0, 0x0F, 0xC0, 0x00, 0x1F, 0x80, 0x0F, 0xC0, 0x00, 0x1F, 0x80, 0x0F,
    0xE0, 0x00, 0x1F, 0x80, 0x0F, 0xE0, 0x00, 0x3F, 0x80, 0x0F, 0xF0, 0x00, 0x3F, 0x00, 0x0F, 0xF8,
    0x00, 0x7F, 0x00, 0x0F, 0xFC, 0x00, 0xFE, 0x00, 0x0F, 0xFE, 0x03, 0xFE, 0x00, 0x0F, 0xDF, 0xFF,
    0xFC, 0x00, 0x0F, 0x9F, 0xFF, 0xF8, 0x00, 0x0F, 0x87, 0xFF, 0xF0, 0x00, 0x0F, 0x83, 0xFF, 0xC0,
    0x00, 0x00, 0x00, 0xFF, 0x00, 0x00, 0x00, 0x00, 0x00, 0x00, 0x00, 0x00, 0x00, 0x00, 0x00, 0x00,
    0x00, 0x00, 0x00, 0x00, 0x00, 0x00, 0x00, 0x00, 0x00, 0x00, 0x00, 0x00, 0x00, 0x00, 0x00, 0x00,
    0x00, 0x00, 0x00, 0x00, 0x00, 0x00, 0x00, 0x00, 0x00, 0x00, 0x00, 0x00, 0x00, 0x00, 0x00, 0x00,
    0x00, 0x00, 0x00, 0x00, 0x00, 0x00, 0x00, 0x00, 0x00, 0x00, 0x00, 0x00, 0x00, 0x00, 0x00, 0x00,
    0x00, 0x00, 0x00, 0x00, 0x00, 0x00, 0x00, 0x00, 0x00, 0x00, 0x00, 0x00, 0x00, 0x00, 0x00, 0x00,
    0x00, 0x00, 0x00, 0x00, 0x00, 0x00, 0x00, 0x00, 0x00, 0x00, 0x00, 0x00, 0x00, 0x00, 0x00, 0x00,
    0x00, 0x00, 0x00, 0x00, 0x00, 0x00, 0x00, 0x00, 0x00, 0x00, 0x00, 0x00, 0x00, 0x00, 0x00, 0x00,
    0x00, 0x00, 0x00, 0x00, 0x00, 0x00, 0x00, 0x00, 0x00, 0x00, 0x00, 0x00, 0x00, 0x00, 0x00, 0x00,
    0x00, 0x00, 0x00, 0x00, 0x00, 0x00, 0x00, 0x00, 0x00, 0x00, 0x00, 0x00, 0x00, 0x00, 0x00, 0x00,
    0x00, 0x00, 0x00, 0x00, 0x00, 0x00, 0x00, 0x00, 0x00, 0x00, 0x00, 0x00, 0x00, 0x00, 0x00, 0x00,
    0x00, 0x00, 0x00, 0x00, 0x00, 0x00, 0x00, 0x00, 0x00, 0x00, 0x00, 0x00, 0x00, 0x00, 0x00, 0x00,
    0x00, 0x00, 0x00, 0x00, 0x00, 0x00, 0x00, 0x00, 0x00, 0x00, 0x00, 0x00, 0x00, 0x00, 0x00, 0x00,
    0x00, 0x00, 0x00, 0x00, 0x00, 0x00, 0x00, 0x00, 0x00, 0x00, 0x00, 0x00, 0x00, 0x00, 0x00, 0x00,
    0x00, 0x00, 0x40, 0x00, 0x00, 0x0F, 0xFE, 0x00, 0x00, 0x3F, 0xFF, 0x80, 0x00, 0xFF, 0xFF, 0xC0,
    0x01, 0xFF, 0xFF, 0xE0, 0x03, 0xFE, 0x0F, 0xF0, 0x03, 0xF8, 0x03, 0xF8, 0x07, 0xF0, 0x01, 0xFC,
    0x0F, 0xE0, 0x00, 0xF0, 0x0F, 0xC0, 0x00, 0x00, 0x0F, 0xC0, 0x00, 0x00, 0x1F, 0x80, 0x00, 0x00,
    0x1F, 0x80, 0x00, 0x00, 0x1F, 0x80, 0x00, 0x00, 0x1F, 0x00, 0x00, 0x00, 0x3F, 0x00, 0x00, 0x00,
    0x3F, 0x00, 0x00, 0x00, 0x3F, 0x00, 0x00, 0x00, 0x3F, 0x00, 0x00, 0x00, 0x1F, 0x00, 0x00, 0x00,
    0x1F, 0x80, 0x00, 0x00, 0x1F, 0x80, 0x00, 0x00, 0x1F, 0x80, 0x00, 0x00, 0x1F, 0x80, 0x00, 0x00,
    0x0F, 0xC0, 0x00, 0x00, 0x0F, 0xC0, 0x00, 0x40, 0x07, 0xE0, 0x00, 0xF8, 0x07, 0xF0, 0x01, 0xF8,
    0x03, 0xFC, 0x07, 0xF8, 0x01, 0xFF, 0xFF, 0xF0, 0x00, 0xFF, 0xFF, 0xE0, 0x00, 0x7F, 0xFF, 0xC0,
    0x00, 0x1F, 0xFF, 0x00, 0x00, 0x07, 0xF8, 0x00, 0x00, 0x00, 0x00, 0x00, 0x00, 0x00, 0x00, 0x00,
    0x00, 0x00, 0x00, 0x00, 0x00, 0x00, 0x00, 0x00, 0x00, 0x00, 0x00, 0x00, 0x00, 0x00, 0x00, 0x00,
    0x00, 0x00, 0x00, 0x00, 0x00, 0x00, 0x00, 0x00, 0x00, 0x00, 0x00, 0x00, 0x00, 0x00, 0x00, 0x00,
    0x00, 0x00, 0x00, 0x00, 0x00, 0x00, 0x00, 0x00, 0x00, 0x00, 0x00, 0x00, 0x00, 0x00, 0x00, 0x00,
    0x00, 0x00, 0x00, 0x00, 0x00, 0x00, 0x00, 0x00, 0x00, 0x00, 0x00, 0x00, 0x00, 0x00, 0x00, 0x00,
    0x00, 0x00, 0x00, 0x00, 0x00, 0x00, 0x00, 0x00, 0x00, 0x00, 0x00, 0x00, 0x00, 0x00, 0x00, 0x00,
    0x00, 0x00, 0x00, 0x00, 0x00, 0x00, 0x00, 0x00, 0x00, 0x00, 0x00, 0x00, 0x00, 0x00, 0x00, 0x00,
    0x00, 0x00, 0x00, 0x00, 0x00, 0x00, 0x00, 0x00, 0x00, 0x00, 0x00, 0x00, 0x00, 0x00, 0x00, 0x00,
    0x00, 0x00, 0x00, 0x00, 0x00, 0x00, 0x00, 0x00, 0x00, 0x00, 0x00, 0x00, 0x00, 0x00, 0x00, 0x00,
    0x00, 0x00, 0x00, 0x00, 0x00, 0x00, 0x00, 0x00, 0x00, 0x00, 0x00, 0x00, 0x00, 0x00, 0x00, 0x00,
    0x00, 0x00, 0x00, 0x00, 0x00, 0x00, 0x00, 0x00, 0x00, 0x00, 0x00, 0x00, 0x00, 0x00, 0x00, 0x00,
    0x00, 0x00, 0x3F, 0x00, 0x00, 0x00, 0x00, 0x3F, 0x00, 0x00, 0x00, 0x00, 0x3F, 0x00, 0x00, 0x00,
    0x00, 0x3F, 0x00, 0x00, 0x00, 0x00, 0x3F, 0x00, 0x00, 0x00, 0x00, 0x3F, 0x00, 0x00, 0x00, 0x00,
    0x3F, 0x00, 0x00, 0x00, 0x00, 0x3F, 0x00, 0x00, 0x00, 0x00, 0x3F, 0x00, 0x00, 0x00, 0x80, 0x3F,
    0x00, 0x00, 0x1F, 0xF8, 0x3F, 0x00, 0x00, 0x7F, 0xFE, 0x3F, 0x00, 0x00, 0xFF, 0xFF, 0x3F, 0x00,
    0x01, 0xFF, 0xFF, 0xBF, 0x00, 0x03, 0xFE, 0x0F, 0xFF, 0x00, 0x07, 0xF8, 0x03, 0xFF, 0x00, 0x07,
    0xF0, 0x01, 0xFF, 0x00, 0x0F, 0xE0, 0x00, 0xFF, 0x00, 0x0F, 0xC0, 0x00, 0x7F, 0x00, 0x1F, 0xC0,
    0x00, 0x7F, 0x00, 0x1F, 0x80, 0x00, 0x3F, 0x00, 0x1F, 0x80, 0x00, 0x3F, 0x00, 0x1F, 0x80, 0x00,
    0x3F, 0x00, 0x1F, 0x80, 0x00, 0x3F, 0x00, 0x3F, 0x80, 0x00, 0x3F, 0x00, 0x3F, 0x80, 0x00, 0x3F,
    0x00, 0x3F, 0x80, 0x00, 0x3F, 0x00, 0x3F, 0x80, 0x00, 0x3F, 0x00, 0x1F, 0x80, 0x00, 0x3F, 0x00,
    0x1F, 0x80, 0x00, 0x3F, 0x00, 0x1F, 0x80, 0x00, 0x3F, 0x00, 0x1F, 0x80, 0x00, 0x3F, 0x00, 0x1F,
    0xC0, 0x00, 0x7F, 0x00, 0x0F, 0xC0, 0x00, 0x7F, 0x00, 0x0F, 0xE0, 0x00, 0xFF, 0x00, 0x0F, 0xE0,
    0x00, 0xFF, 0x00, 0x07, 0xF0, 0x01, 0xFF, 0x00, 0x03, 0xFC, 0x07, 0xFF, 0x00, 0x03, 0xFF, 0xFF,
    0xDF, 0x00, 0x01, 0xFF, 0xFF, 0x9F, 0x00, 0x00, 0x7F, 0xFF, 0x1F, 0x80, 0x00, 0x3F, 0xFC, 0x0F,
    0x80, 0x00, 0x07, 0xF0, 0x00, 0x00, 0x00, 0x00, 0x00, 0x00, 0x00, 0x00, 0x00, 0x00, 0x00, 0x00,
    0x00, 0x00, 0x00, 0x00, 0x00, 0x00, 0x00, 0x00, 0x00, 0x00, 0x00, 0x00, 0x00, 0x00, 0x00, 0x00,
    0x00, 0x00, 0x00, 0x00, 0x00, 0x00, 0x00, 0x00, 0x00, 0x00, 0x00, 0x00, 0x00, 0x00, 0x00, 0x00,
    0x00, 0x00, 0x00, 0x00, 0x00, 0x00, 0x00, 0x00, 0x00, 0x00, 0x00, 0x00, 0x00, 0x00, 0x00, 0x00,
    0x00, 0x00, 0x00, 0x00, 0x00, 0x00, 0x00, 0x00, 0x00, 0x00, 0x00, 0x00, 0x00, 0x00, 0x00, 0x00,
    0x00, 0x00, 0x00, 0x00, 0x00, 0x00, 0x00, 0x00, 0x00, 0x00, 0x00, 0x00, 0x00, 0x00, 0x00, 0x00,
    0x00, 0x00, 0x00, 0x00, 0x00, 0x00, 0x00, 0x00, 0x00, 0x00, 0x00, 0x00, 0x00, 0x00, 0x00, 0x00,
    0x00, 0x00, 0x00, 0x00, 0x00, 0x00, 0x00, 0x00, 0x00, 0x00, 0x00, 0x00, 0x00, 0x00, 0x00, 0x00,
    0x00, 0x00, 0x00, 0x00, 0x00, 0x00, 0x00, 0x00, 0x00, 0x00, 0x00, 0x00, 0x00, 0x00, 0x00, 0x00,
    0x00, 0x00, 0x00, 0x00, 0x00, 0x00, 0x00, 0x00, 0x00, 0x00, 0x00, 0x00, 0x00, 0x00, 0x00, 0x00,
    0x00, 0x00, 0x00, 0x00, 0x00, 0x00, 0x00, 0x00, 0x00, 0x00, 0x00, 0x00, 0x00, 0x00, 0x00, 0x00,
    0x00, 0x00, 0x00, 0x00, 0x00, 0x00, 0x00, 0x00, 0x00, 0x00, 0x00, 0x00, 0x00, 0x00, 0x00, 0x00,
    0x00, 0x00, 0x00, 0x00, 0x00, 0x00, 0x00, 0x00, 0x00, 0x00, 0x00, 0x00, 0x00, 0x00, 0x00, 0x00,
    0x00, 0x00, 0x00, 0x00, 0x00, 0x00, 0x00, 0x00, 0x00, 0x00, 0x00, 0x00, 0x00, 0x00, 0x00, 0x00,
    0x00, 0x00, 0x00, 0x00, 0x00, 0x00, 0x00, 0x00, 0x00, 0x00, 0x00, 0x00, 0x00, 0x00, 0x40, 0x00,
    0x00, 0x00, 0x0F, 0xFE, 0x00, 0x00, 0x00, 0x3F, 0xFF, 0x80, 0x00, 0x00, 0x7F, 0xFF, 0xE0, 0x00,
    0x01, 0xFF, 0xFF, 0xF0, 0x00, 0x03, 0xFE, 0x0F, 0xF8, 0x00, 0x03, 0xF8, 0x01, 0xF8, 0x00, 0x07,
    0xE0, 0x00, 0xFC, 0x00, 0x0F, 0xC0, 0x00, 0x7E, 0x00, 0x0F, 0xC0, 0x00, 0x7E, 0x00, 0x1F, 0x80,
    0x00, 0x3F, 0x00, 0x1F, 0x80, 0x00, 0x3F, 0x00, 0x1F, 0x80, 0x00, 0x1F, 0x00, 0x1F, 0x00, 0x00,
    0x1F, 0x00, 0x1F, 0xFF, 0xFF, 0xFF, 0x80, 0x3F, 0xFF, 0xFF, 0xFF, 0x80, 0x3F, 0xFF, 0xFF, 0xFF,
    0x80, 0x3F, 0xFF, 0xFF, 0xFF, 0x80, 0x3F, 0xFF, 0xFF, 0xFF, 0x80, 0x1F, 0x00, 0x00, 0x00, 0x00,
    0x1F, 0x00, 0x00, 0x00, 0x00, 0x1F, 0x80, 0x00, 0x00, 0x00, 0x1F, 0x80, 0x00, 0x00, 0x00, 0x1F,
    0x80, 0x00, 0x00, 0x00, 0x0F, 0xC0, 0x00, 0x00, 0x00, 0x0F, 0xC0, 0x00, 0x00, 0x00, 0x07, 0xE0,
    0x00, 0x40, 0x00, 0x07, 0xF0, 0x00, 0xFC, 0x00, 0x03, 0xFC, 0x03, 0xFC, 0x00, 0x01, 0xFF, 0xFF,
    0xF8, 0x00, 0x00, 0xFF, 0xFF, 0xF0, 0x00, 0x00, 0x7F, 0xFF, 0xE0, 0x00, 0x00, 0x1F, 0xFF, 0x80,
    0x00, 0x00, 0x03, 0xFC, 0x00, 0x00, 0x00, 0x00, 0x00, 0x00, 0x00, 0x00, 0x00, 0x00, 0x00, 0x00,
    0x00, 0x00, 0x00, 0x00, 0x00, 0x00, 0x00, 0x00, 0x00, 0x00, 0x00, 0x00, 0x00, 0x00, 0x00, 0x00,
    0x00, 0x00, 0x00, 0x00, 0x00, 0x00, 0x00, 0x00, 0x00, 0x00, 0x00, 0x00, 0x00, 0x00, 0x00, 0x00,
    0x00, 0x00, 0x00, 0x00, 0x00, 0x00, 0x00, 0x00, 0x00, 0x00, 0x00, 0x00, 0x00, 0x00, 0x00, 0x00,
    0x00, 0x00, 0x00, 0x00, 0x00, 0x00, 0x00, 0x00, 0x00, 0x00, 0x00, 0x00, 0x00, 0x00, 0x00, 0x00,
    0x00, 0x00, 0x00, 0x00, 0x00, 0x00, 0x00, 0x00, 0x00, 0x00, 0x00, 0x00, 0x00, 0x00, 0x00, 0x00,
    0x00, 0x00, 0x00, 0x00, 0x00, 0x00, 0x00, 0x00, 0x00, 0x00, 0x00, 0x00, 0x00, 0x00, 0x00, 0x00,
    0x00, 0x00, 0x00, 0x00, 0x00, 0x00, 0x00, 0x00, 0x00, 0x00, 0x00, 0x00, 0x00, 0x00, 0x00, 0x00,
    0x00, 0x00, 0x00, 0x00, 0x00, 0x00, 0x00, 0x00, 0x00, 0x00, 0x00, 0x00, 0x00, 0x00, 0x00, 0x00,
    0x00, 0x3F, 0xC0, 0x00, 0xFF, 0xC0, 0x01, 0xFF, 0xC0, 0x01, 0xFF, 0xC0, 0x01, 0xFF, 0xC0, 0x03,
    0xF0, 0x00, 0x03, 0xF0, 0x00, 0x03, 0xF0, 0x00, 0x03, 0xF0, 0x00, 0x03, 0xF0, 0x00, 0x03, 0xF0,
    0x00, 0x03, 0xF0, 0x00, 0x03, 0xF0, 0x00, 0x7F, 0xFF, 0xC0, 0x7F, 0xFF, 0xC0, 0x7F, 0xFF, 0xC0,
    0x7F, 0xFF, 0xC0, 0x7F, 0xFF, 0xC0, 0x03, 0xF0, 0x00, 0x03, 0xF0, 0x00, 0x03, 0xF0, 0x00, 0x03,
    0xF0, 0x00, 0x03, 0xF0, 0x00, 0x03, 0xF0, 0x00, 0x03, 0xF0, 0x00, 0x03, 0xF0, 0x00, 0x03, 0xF0,
    0x00, 0x03, 0xF0, 0x00, 0x03, 0xF0, 0x00, 0x03, 0xF0, 0x00, 0x03, 0xF0, 0x00, 0x03, 0xF0, 0x00,
    0x03, 0xF0, 0x00, 0x03, 0xF0, 0x00, 0x03, 0xF0, 0x00, 0x03, 0xF0, 0x00, 0x03, 0xF0, 0x00, 0x03,
    0xF0, 0x00, 0x03, 0xF0, 0x00, 0x03, 0xF0, 0x00, 0x03, 0xF0, 0x00, 0x03, 0xF0, 0x00, 0x03, 0xF0,
    0x00, 0x03, 0xF0, 0x00, 0x03, 0xF0, 0x00, 0x00, 0x00, 0x00, 0x00, 0x00, 0x00, 0x00, 0x00, 0x00,
    0x00, 0x00, 0x00, 0x00, 0x00, 0x00, 0x00, 0x00, 0x00, 0x00, 0x00, 0x00, 0x00, 0x00, 0x00, 0x00,
    0x00, 0x00, 0x00, 0x00, 0x00, 0x00, 0x00, 0x00, 0x00, 0x00, 0x00, 0x00, 0x00, 0x00, 0x00, 0x00,
    0x00, 0x00, 0x00, 0x00, 0x00, 0x00, 0x00, 0x00, 0x00, 0x00, 0x00, 0x00, 0x00, 0x00, 0x00, 0x00,
    0x00, 0x00, 0x00, 0x00, 0x00, 0x00, 0x00, 0x00, 0x00, 0x00, 0x00, 0x00, 0x00, 0x00, 0x00, 0x00,
    0x00, 0x00, 0x00, 0x00, 0x00, 0x00, 0x00, 0x00, 0x00, 0x00, 0x00, 0x00, 0x00, 0x00, 0x00, 0x00,
    0x00, 0x00, 0x00, 0x00, 0x00, 0x00, 0x00, 0x00, 0x00, 0x00, 0x00, 0x00, 0x00, 0x00, 0x00, 0x00,
    0x00, 0x00, 0x00, 0x00, 0x00, 0x00, 0x00, 0x00, 0x00, 0x00, 0x00, 0x00, 0x00, 0x00, 0x00, 0x00,
    0x00, 0x00, 0x00, 0x00, 0x00, 0x00, 0x00, 0x00, 0x00, 0x00, 0x00, 0x00, 0x00, 0x00, 0x00, 0x00,
    0x00, 0x00, 0x00, 0x00, 0x00, 0x00, 0x00, 0x00, 0x00, 0x00, 0x00, 0x00, 0x00, 0x00, 0x00, 0x00,
    0x00, 0x00, 0x00, 0x00, 0x00, 0x00, 0x00, 0x00, 0x00, 0x00, 0x00, 0x00, 0x00, 0x00, 0x00, 0x00,
    0x00, 0x00, 0x00, 0x00, 0x00, 0x00, 0x00, 0x00, 0x00, 0x00, 0x00, 0x00, 0x00, 0x00, 0x00, 0x00,
    0x00, 0x00, 0x00, 0x00, 0x00, 0x00, 0x00, 0x00, 0x00, 0x00, 0x00, 0x00, 0x00, 0x01, 0x00, 0x00,
    0x00, 0x00, 0x1F, 0xF8, 0x1E, 0x00, 0x00, 0x7F, 0xFE, 0x1E, 0x00, 0x00, 0xFF, 0xFF, 0x1E, 0x00,
    0x01, 0xFF, 0xFF, 0xBE, 0x00, 0x03, 0xFE, 0x1F, 0xBE, 0x00, 0x07, 0xF8, 0x03, 0xFE, 0x00, 0x07,
    0xF0, 0x01, 0xFE, 0x00, 0x0F, 0xE0, 0x00, 0xFE, 0x00, 0x0F, 0xC0, 0x00, 0x7E, 0x00, 0x1F, 0x80,
    0x00, 0x7E, 0x00, 0x1F, 0x80, 0x00, 0x7E, 0x00, 0x1F, 0x80, 0x00, 0x3E, 0x00, 0x1F, 0x80, 0x00,
    0x3E, 0x00, 0x1F, 0x00, 0x00, 0x3E, 0x00, 0x3F, 0x00, 0x00, 0x3E, 0x00, 0x3F, 0x00, 0x00, 0x3E,
    0x00, 0x3F, 0x00, 0x00, 0x3E, 0x00, 0x3F, 0x00, 0x00, 0x3E, 0x00, 0x1F, 0x00, 0x00, 0x3E, 0x00,
    0x1F, 0x80, 0x00, 0x3E, 0x00, 0x1F, 0x80, 0x00, 0x3E, 0x00, 0x1F, 0x80, 0x00, 0x7E, 0x00, 0x1F,
    0xC0, 0x00, 0x7E, 0x00, 0x0F, 0xC0, 0x00, 0xFE, 0x00, 0x0F, 0xE0, 0x00, 0xFE, 0x00, 0x07, 0xF0,
    0x03, 0xFE, 0x00, 0x07, 0xFC, 0x07, 0xFE, 0x00, 0x03, 0xFF, 0xFF, 0xBE, 0x00, 0x01, 0xFF, 0xFF,
    0x3E, 0x00, 0x00, 0xFF, 0xFE, 0x3E, 0x00, 0x00, 0x3F, 0xFC, 0x3E, 0x00, 0x00, 0x0F, 0xF0, 0x3E,
    0x00, 0x00, 0x00, 0x00, 0x3E, 0x00, 0x00, 0x00, 0x00, 0x3E, 0x00, 0x00, 0x00, 0x00, 0x3E, 0x00,
    0x00, 0x00, 0x00, 0x7E, 0x00, 0x00, 0xE0, 0x00, 0x7C, 0x00, 0x07, 0xE0, 0x00, 0xFC, 0x00, 0x03,
    0xF0, 0x01, 0xFC, 0x00, 0x03, 0xFE, 0x07, 0xF8, 0x00, 0x01, 0xFF, 0xFF, 0xF8, 0x00, 0x00, 0xFF,
    0xFF, 0xF0, 0x00, 0x00, 0x7F, 0xFF, 0xE0, 0x00, 0x00, 0x1F, 0xFF, 0x80, 0x00, 0x00, 0x01, 0xF8,
    0x00, 0x00, 0x00, 0x00, 0x00, 0x00, 0x00, 0x00, 0x00, 0x00, 0x00, 0x00, 0x00, 0x00, 0x00, 0x00,
    0x00, 0x00, 0x00, 0x00, 0x00, 0x00, 0x00, 0x00, 0x00, 0x00, 0x00, 0x00, 0x00, 0x00, 0x00, 0x00,
    0x00, 0x00, 0x00, 0x00, 0x00, 0x00, 0x00, 0x00, 0x00, 0x00, 0x00, 0x00, 0x00, 0x00, 0x00, 0x00,
    0x00, 0x00, 0x00, 0x00, 0x00, 0x00, 0x00, 0x00, 0x00, 0x00, 0x00, 0x00, 0x00, 0x00, 0x00, 0x00,
    0x00, 0x00, 0x00, 0x00, 0x00, 0x00, 0x00, 0x00, 0x00, 0x00, 0x00, 0x00, 0x00, 0x00, 0x00, 0x00,
    0x00, 0x00, 0x00, 0x00, 0x00, 0x00, 0x00, 0x00, 0x00, 0x00, 0x00, 0x00, 0x00, 0x00, 0x00, 0x00,
    0x00, 0x00, 0x00, 0x00, 0x00, 0x00, 0x00, 0x00, 0x00, 0x00, 0x00, 0x00, 0x00, 0x00, 0x00, 0x00,
    0x00, 0x00, 0x00, 0x00, 0x00, 0x00, 0x00, 0x00, 0x00, 0x00, 0x00, 0x00, 0x00, 0x00, 0x00, 0x0F,
    0xC0, 0x00, 0x00, 0x00, 0x0F, 0xC0, 0x00, 0x00, 0x00, 0x0F, 0xC0, 0x00, 0x00, 0x00, 0x0F, 0xC0,
    0x00, 0x00, 0x00, 0x0F, 0xC0, 0x00, 0x00, 0x00, 0x0F, 0xC0, 0x00, 0x00, 0x00, 0x0F, 0xC0, 0x00,
    0x00, 0x00, 0x0F, 0xC0, 0x00, 0x00, 0x00, 0x0F, 0xC0, 0x00, 0x00, 0x00, 0x0F, 0xC0, 0x00, 0x00,
    0x00, 0x0F, 0xC1, 0xFF, 0x80, 0x00, 0x0F, 0xC7, 0xFF, 0xE0, 0x00, 0x0F, 0xCF, 0xFF, 0xF0, 0x00,
    0x0F, 0xDF, 0xFF, 0xF8, 0x00, 0x0F, 0xFF, 0x07, 0xF8, 0x00, 0x0F, 0xFC, 0x01, 0xFC, 0x00, 0x0F,
    0xF8, 0x00, 0xFC, 0x00, 0x0F, 0xF0, 0x00, 0xFC, 0x00, 0x0F, 0xE0, 0x00, 0x7C, 0x00, 0x0F, 0xE0,
    0x00, 0x7C, 0x00, 0x0F, 0xC0, 0x00, 0x7E, 0x00, 0x0F, 0xC0, 0x00, 0x7E, 0x00, 0x0F, 0xC0, 0x00,
    0x7E, 0x00, 0x0F, 0xC0, 0x00, 0x7E, 0x00, 0x0F, 0xC0, 0x00, 0x7E, 0x00, 0x0F, 0xC0, 0x00, 0x7E,
    0x00, 0x0F, 0xC0, 0x00, 0x7E, 0x00, 0x0F, 0xC0, 0x00, 0x7E, 0x00, 0x0F, 0xC0, 0x00, 0x7E, 0x00,
    0x0F, 0xC0, 0x00, 0x7E, 0x00, 0x0F, 0xC0, 0x00, 0x7E, 0x00, 0x0F, 0xC0, 0x00, 0x7E, 0x00, 0x0F,
    0xC0, 0x00, 0x7E, 0x00, 0x0F, 0xC0, 0x00, 0x7E, 0x00, 0x0F, 0xC0, 0x00, 0x7E, 0x00, 0x0F, 0xC0,
    0x00, 0x7E, 0x00, 0x0F, 0xC0, 0x00, 0x7E, 0x00, 0x0F, 0xC0, 0x00, 0x7E, 0x00, 0x0F, 0xC0, 0x00,
    0x7E, 0x00, 0x0F, 0xC0, 0x00, 0x7E, 0x00, 0x0F, 0xC0, 0x00, 0x7E, 0x00, 0x0F, 0xC0, 0x00, 0x7E,
    0x00, 0x00, 0x00, 0x00, 0x00, 0x00, 0x00, 0x00, 0x00, 0x00, 0x00, 0x00, 0x00, 0x00, 0x00, 0x00,
    0x00, 0x00, 0x00, 0x00, 0x00, 0x00, 0x00, 0x00, 0x00, 0x00, 0x00, 0x00, 0x00, 0x00, 0x00, 0x00,
    0x00, 0x00, 0x00, 0x00, 0x00, 0x00, 0x00, 0x00, 0x00, 0x00, 0x00, 0x00, 0x00, 0x00, 0x00, 0x00,
    0x00, 0x00, 0x00, 0x00, 0x00, 0x00, 0x00, 0x00, 0x00, 0x00, 0x00, 0x00, 0x00, 0x00, 0x00, 0x00,
    0x00, 0x00, 0x00, 0x00, 0x00, 0x00, 0x00, 0x00, 0x00, 0x00, 0x00, 0x00, 0x00, 0x00, 0x00, 0x00,
    0x00, 0x00, 0x00, 0x00, 0x00, 0x00, 0x00, 0x00, 0x00, 0x00, 0x00, 0x00, 0x00, 0x00, 0x00, 0x00,
    0x00, 0x00, 0x00, 0x00, 0x00, 0x00, 0x00, 0x00, 0x00, 0x00, 0x00, 0x00, 0x00, 0x00, 0x00, 0x00,
    0x00, 0x00, 0x00, 0x00, 0x00, 0x00, 0x00, 0x00, 0x00, 0x00, 0x00, 0x00, 0x00, 0x00, 0x00, 0x00,
    0x00, 0x00, 0x00, 0x00, 0x00, 0x00, 0x00, 0x00, 0x00, 0x00, 0x00, 0x00, 0x00, 0x00, 0x00, 0x00,
    0x00, 0xF0, 0x00, 0x01, 0xF8, 0x00, 0x03, 0xFC, 0x00, 0x03, 0xFC, 0x00, 0x03, 0xFC, 0x00, 0x03,
    0xFC, 0x00, 0x01, 0xF8, 0x00, 0x00, 0xF0, 0x00, 0x00, 0x00, 0x00, 0x00, 0x00, 0x00, 0x00, 0x00,
    0x00, 0x00, 0x00, 0x00, 0x00, 0x00, 0x00, 0x1F, 0xF8, 0x00, 0x1F, 0xF8, 0x00, 0x1F, 0xF8, 0x00,
    0x1F, 0xF8, 0x00, 0x1F, 0xF8, 0x00, 0x01, 0xF8, 0x00, 0x01, 0xF8, 0x00, 0x01, 0xF8, 0x00, 0x01,
    0xF8, 0x00, 0x01, 0xF8, 0x00, 0x01, 0xF8, 0x00, 0x01, 0xF8, 0x00, 0x01, 0xF8, 0x00, 0x01, 0xF8,
    0x00, 0x01, 0xF8, 0x00, 0x01, 0xF8, 0x00, 0x01, 0xF8, 0x00, 0x01, 0xF8, 0x00, 0x01, 0xF8, 0x00,
    0x01, 0xF8, 0x00, 0x01, 0xF8, 0x00, 0x01, 0xF8, 0x00, 0x01, 0xF8, 0x00, 0x01, 0xF8, 0x00, 0x01,
    0xF8, 0x00, 0x01, 0xF8, 0x00, 0x01, 0xF8, 0x00, 0x01, 0xF8, 0x00, 0x01, 0xF8, 0x00, 0x01, 0xF8,
    0x00, 0x01, 0xF8, 0x00, 0x01, 0xF8, 0x00, 0x00, 0x00, 0x00, 0x00, 0x00, 0x00, 0x00, 0x00, 0x00,
    0x00, 0x00, 0x00, 0x00, 0x00, 0x00, 0x00, 0x00, 0x00, 0x00, 0x00, 0x00, 0x00, 0x00, 0x00, 0x00,
    0x00, 0x00, 0x00, 0x00, 0x00, 0x00, 0x00, 0x00, 0x00, 0x00, 0x00, 0x00, 0x00, 0x00, 0x00, 0x00,
    0x00, 0x00, 0x00, 0x00, 0x00, 0x00, 0x00, 0x00, 0x00, 0x00, 0x00, 0x00, 0x00, 0x00, 0x00, 0x00,
    0x00, 0x00, 0x00, 0x00, 0x00, 0x00, 0x00, 0x00, 0x00, 0x00, 0x00, 0x00, 0x00, 0x00, 0x00, 0x00,
    0x00, 0x00, 0x00, 0x00, 0x00, 0x00, 0x00, 0x00, 0x00, 0x00, 0x00, 0x00, 0x00, 0x00, 0x00, 0x00,
    0x00, 0x00, 0x00, 0x00, 0x00, 0x00, 0x00, 0x00, 0x00, 0x00, 0x00, 0x00, 0x00, 0x00, 0x3C, 0x00,
    0x00, 0x7F, 0x00, 0x00, 0x7F, 0x00, 0x00, 0xFF, 0x00, 0x00, 0xFF, 0x00, 0x00, 0x7F, 0x00, 0x00,
    0x7F, 0x00, 0x00, 0x3C, 0x00, 0x00, 0x00, 0x00, 0x00, 0x00, 0x00, 0x00, 0x00, 0x00, 0x00, 0x00,
    0x00, 0x00, 0x00, 0x00, 0x00, 0x00, 0x00, 0x00, 0x3E, 0x00, 0x00, 0x3E, 0x00, 0x00, 0x3E, 0x00,
    0x00, 0x3E, 0x00, 0x00, 0x3E, 0x00, 0x00, 0x3E, 0x00, 0x00, 0x3E, 0x00, 0x00, 0x3E, 0x00, 0x00,
    0x3E, 0x00, 0x00, 0x3E, 0x00, 0x00, 0x3E, 0x00, 0x00, 0x3E, 0x00, 0x00, 0x3E, 0x00, 0x00, 0x3E,
    0x00, 0x00, 0x3E, 0x00, 0x00, 0x3E, 0x00, 0x00, 0x3E, 0x00, 0x00, 0x3E, 0x00, 0x00, 0x3E, 0x00,
    0x00, 0x3E, 0x00, 0x00, 0x3E, 0x00, 0x00, 0x3E, 0x00, 0x00, 0x3E, 0x00, 0x00, 0x3E, 0x00, 0x00,
    0x3E, 0x00, 0x00, 0x3E, 0x00, 0x00, 0x3E, 0x00, 0x00, 0x3E, 0x00, 0x00, 0x3E, 0x00, 0x00, 0x3E,
    0x00, 0x00, 0x3E, 0x00, 0x00, 0x3E, 0x00, 0x00, 0x3E, 0x00, 0x00, 0x3E, 0x00, 0x00, 0x7E, 0x00,
    0x00, 0x7E, 0x00, 0x00, 0xFE, 0x00, 0xFF, 0xFC, 0x00, 0xFF, 0xFC, 0x00, 0xFF, 0xF8, 0x00, 0xFF,
    0xF0, 0x00, 0xFF, 0x80, 0x00, 0x00, 0x00, 0x00, 0x00, 0x00, 0x00, 0x00, 0x00, 0x00, 0x00, 0x00,
    0x00, 0x00, 0x00, 0x00, 0x00, 0x00, 0x00, 0x00, 0x00, 0x00, 0x00, 0x00, 0x00, 0x00, 0x00, 0x00,
    0x00, 0x00, 0x00, 0x00, 0x00, 0x00, 0x00, 0x00, 0x00, 0x00, 0x00, 0x00, 0x00, 0x00, 0x00, 0x00,
    0x00, 0x00, 0x00, 0x00, 0x00, 0x00, 0x00, 0x00, 0x00, 0x00, 0x00, 0x00, 0x00, 0x00, 0x00, 0x00,
    0x00, 0x00, 0x00, 0x00, 0x00, 0x00, 0x00, 0x00, 0x00, 0x00, 0x00, 0x00, 0x00, 0x00, 0x00, 0x00,
    0x00, 0x00, 0x00, 0x00, 0x00, 0x00, 0x00, 0x00, 0x00, 0x00, 0x00, 0x00, 0x00, 0x00, 0x00, 0x00,
    0x00, 0x00, 0x00, 0x00, 0x00, 0x00, 0x00, 0x00, 0x00, 0x00, 0x00, 0x00, 0x0F, 0xC0, 0x00, 0x00,
    0x0F, 0xC0, 0x00, 0x00, 0x0F, 0xC0, 0x00, 0x00, 0x0F, 0xC0, 0x00, 0x00, 0x0F, 0xC0, 0x00, 0x00,
    0x0F, 0xC0, 0x00, 0x00, 0x0F, 0xC0, 0x00, 0x00, 0x0F, 0xC0, 0x00, 0x00, 0x0F, 0xC0, 0x00, 0x00,
    0x0F, 0xC0, 0x00, 0x00, 0x0F, 0xC0, 0x03, 0xF8, 0x0F, 0xC0, 0x07, 0xF0, 0x0F, 0xC0, 0x0F, 0xE0,
    0x0F, 0xC0, 0x0F, 0xC0, 0x0F, 0xC0, 0x1F, 0x80, 0x0F, 0xC0, 0x3F, 0x00, 0x0F, 0xC0, 0x7E, 0x00,
    0x0F, 0xC0, 0xFE, 0x00, 0x0F, 0xC1, 0xFC, 0x00, 0x0F, 0xC3, 0xF8, 0x00, 0x0F, 0xC7, 0xF0, 0x00,
    0x0F, 0xC7, 0xE0, 0x00, 0x0F, 0xCF, 0xC0, 0x00, 0x0F, 0xDF, 0x80, 0x00, 0x0F, 0xFF, 0xC0, 0x00,
    0x0F, 0xFF, 0xE0, 0x00, 0x0F, 0xFF, 0xE0, 0x00, 0x0F, 0xFF, 0xF0, 0x00, 0x0F, 0xFB, 0xF8, 0x00,
    0x0F, 0xF1, 0xFC, 0x00, 0x0F, 0xE0, 0xFC, 0x00, 0x0F, 0xC0, 0xFE, 0x00, 0x0F, 0xC0, 0x7F, 0x00,
    0x0F, 0xC0, 0x3F, 0x80, 0x0F, 0xC0, 0x1F, 0x80, 0x0F, 0xC0, 0x1F, 0xC0, 0x0F, 0xC0, 0x0F, 0xE0,
    0x0F, 0xC0, 0x07, 0xE0, 0x0F, 0xC0, 0x03, 0xF0, 0x0F, 0xC0, 0x03, 0xF8, 0x0F, 0xC0, 0x01, 0xFC,
    0x0F, 0xC0, 0x00, 0xFC, 0x00, 0x00, 0x00, 0x00, 0x00, 0x00, 0x00, 0x00, 0x00, 0x00, 0x00, 0x00,
    0x00, 0x00, 0x00, 0x00, 0x00, 0x00, 0x00, 0x00, 0x00, 0x00, 0x00, 0x00, 0x00, 0x00, 0x00, 0x00,
    0x00, 0x00, 0x00, 0x00, 0x00, 0x00, 0x00, 0x00, 0x00, 0x00, 0x00, 0x00, 0x00, 0x00, 0x00, 0x00,
    0x00, 0x00, 0x00, 0x00, 0x00, 0x00, 0x00, 0x00, 0x00, 0x00, 0x00, 0x00, 0x00, 0x00, 0x00, 0x00,
    0x00, 0x00, 0x00, 0x00, 0x00, 0x00, 0x00, 0x00, 0x00, 0x00, 0x00, 0x00, 0x00, 0x00, 0x00, 0x00,
    0x00, 0x00, 0x00, 0x00, 0x00, 0x00, 0x00, 0x00, 0x00, 0x00, 0x00, 0x00, 0x00, 0x00, 0x00, 0x00,
    0x00, 0x00, 0x00, 0x00, 0x00, 0x00, 0x00, 0x00, 0x00, 0x00, 0x00, 0x00, 0x00, 0x00, 0x00, 0x00,
    0x00, 0x00, 0x00, 0x00, 0x00, 0x00, 0x0F, 0xC0, 0x0F, 0xC0, 0x0F, 0xC0, 0x0F, 0xC0, 0x0F, 0xC0,
    0x0F, 0xC0, 0x0F, 0xC0, 0x0F, 0xC0, 0x0F, 0xC0, 0x0F, 0xC0, 0x0F, 0xC0, 0x0F, 0xC0, 0x0F, 0xC0,
    0x0F, 0xC0, 0x0F, 0xC0, 0x0F, 0xC0, 0x0F, 0xC0, 0x0F, 0xC0, 0x0F, 0xC0, 0x0F, 0xC0, 0x0F, 0xC0,
    0x0F, 0xC0, 0x0F, 0xC0, 0x0F, 0xC0, 0x0F, 0xC0, 0x0F, 0xC0, 0x0F, 0xC0, 0x0F, 0xC0, 0x0F, 0xC0,
    0x0F, 0xC0, 0x0F, 0xC0, 0x0F, 0xC0, 0x0F, 0xC0, 0x0F, 0xC0, 0x0F, 0xC0, 0x0F, 0xC0, 0x07, 0xC0,
    0x07, 0xFC, 0x07, 0xFC, 0x07, 0xFC, 0x03, 0xFC, 0x00, 0xFC, 0x00, 0x00, 0x00, 0x00, 0x00, 0x00,
    0x00, 0x00, 0x00, 0x00, 0x00, 0x00, 0x00, 0x00, 0x00, 0x00, 0x00, 0x00, 0x00, 0x00, 0x00, 0x00,
    0x00, 0x00, 0x00, 0x00, 0x00, 0x00, 0x00, 0x00, 0x00, 0x00, 0x00, 0x00, 0x00, 0x00, 0x00, 0x00,
    0x00, 0x00, 0x00, 0x00, 0x00, 0x00, 0x00, 0x00, 0x00, 0x00, 0x00, 0x00, 0x00, 0x00, 0x00, 0x00,
    0x00, 0x00, 0x00, 0x00, 0x00, 0x00, 0x00, 0x00, 0x00, 0x00, 0x00, 0x00, 0x00, 0x00, 0x00, 0x00,
    0x00, 0x00, 0x00, 0x00, 0x00, 0x00, 0x00, 0x00, 0x00, 0x00, 0x00, 0x00, 0x00, 0x00, 0x00, 0x00,
    0x00, 0x00, 0x00, 0x00, 0x00, 0x00, 0x00, 0x00, 0x00, 0x00, 0x00, 0x00, 0x00, 0x00, 0x00, 0x00,
    0x00, 0x00, 0x00, 0x00, 0x00, 0x00, 0x00, 0x00, 0x00, 0x00, 0x00, 0x00, 0x00, 0x00, 0x00, 0x00,
    0x00, 0x00, 0x00, 0x00, 0x00, 0x00, 0x00, 0x00, 0x00, 0x00, 0x00, 0x00, 0x00, 0x00, 0x00, 0x00,
    0x00, 0x00, 0x00, 0x00, 0x00, 0x00, 0x00, 0x00, 0x00, 0x00, 0x00, 0x00, 0x00, 0x00, 0x00, 0x00,
    0x00, 0x00, 0x00, 0x00, 0x00, 0x00, 0x00, 0x00, 0x00, 0x00, 0x00, 0x00, 0x00, 0x00, 0x00, 0x00,
    0x00, 0x00, 0x00, 0x00, 0x00, 0x00, 0x00, 0x00, 0x00, 0x00, 0x00, 0x00, 0x00, 0x00, 0x00, 0x00,
    0x00, 0x00, 0x00, 0x00, 0x00, 0x00, 0x00, 0x00, 0x00, 0x00, 0x00, 0x00, 0x00, 0x00, 0x00, 0x00,
    0x00, 0x00, 0x00, 0x00, 0x00, 0x00, 0x00, 0x00, 0x00, 0x00, 0x00, 0x00, 0x00, 0x00, 0x00, 0x00,
    0x00, 0x00, 0x00, 0x00, 0x00, 0x00, 0x00, 0x00, 0x00, 0x00, 0x00, 0x00, 0x00, 0x00, 0x00, 0x00,
    0x00, 0x00, 0x00, 0x00, 0x00, 0x00, 0x10, 0x00, 0x01, 0x00, 0x00, 0x0F, 0x81, 0xFF, 0x00, 0x3F,
    0xF0, 0x00, 0x0F, 0x87, 0xFF, 0xC0, 0xFF, 0xFC, 0x00, 0x0F, 0x8F, 0xFF, 0xE1, 0xFF, 0xFE, 0x00,
    0x0F, 0x9F, 0xFF, 0xF3, 0xFF, 0xFE, 0x00, 0x0F, 0xFF, 0x0F, 0xF7, 0xE0, 0xFF, 0x00, 0x0F, 0xF8,
    0x03, 0xFF, 0x80, 0x3F, 0x00, 0x0F, 0xF0, 0x01, 0xFF, 0x00, 0x3F, 0x80, 0x0F, 0xF0, 0x01, 0xFE,
    0x00, 0x1F, 0x80, 0x0F, 0xE0, 0x00, 0xFE, 0x00, 0x1F, 0x80, 0x0F, 0xE0, 0x00, 0xFC, 0x00, 0x0F,
    0x80, 0x0F, 0xC0, 0x00, 0xFC, 0x00, 0x0F, 0x80, 0x0F, 0xC0, 0x00, 0xFC, 0x00, 0x0F, 0x80, 0x0F,
    0xC0, 0x00, 0xFC, 0x00, 0x0F, 0xC0, 0x0F, 0xC0, 0x00, 0xFC, 0x00, 0x0F, 0xC0, 0x0F, 0xC0, 0x00,
    0xFC, 0x00, 0x0F, 0xC0, 0x0F, 0xC0, 0x00, 0xFC, 0x00, 0x0F, 0xC0, 0x0F, 0xC0, 0x00, 0xFC, 0x00,
    0x0F, 0xC0, 0x0F, 0xC0, 0x00, 0xFC, 0x00, 0x0F, 0xC0, 0x0F, 0xC0, 0x00, 0xFC, 0x00, 0x0F, 0xC0,
    0x0F, 0xC0, 0x00, 0xFC, 0x00, 0x0F, 0xC0, 0x0F, 0xC0, 0x00, 0xFC, 0x00, 0x0F, 0xC0, 0x0F, 0xC0,
    0x00, 0xFC, 0x00, 0x0F, 0xC0, 0x0F, 0xC0, 0x00, 0xFC, 0x00, 0x0F, 0xC0, 0x0F, 0xC0, 0x00, 0xFC,
    0x00, 0x0F, 0xC0, 0x0F, 0xC0, 0x00, 0xFC, 0x00, 0x0F, 0xC0, 0x0F, 0xC0, 0x00, 0xFC, 0x00, 0x0F,
    0xC0, 0x0F, 0xC0, 0x00, 0xFC, 0x00, 0x0F, 0xC0, 0x0F, 0xC0, 0x00, 0xFC, 0x00, 0x0F, 0xC0, 0x0F,
    0xC0, 0x00, 0xFC, 0x00, 0x0F, 0xC0, 0x0F, 0xC0, 0x00, 0xFC, 0x00, 0x0F, 0xC0, 0x0F, 0xC0, 0x00,
    0xFC, 0x00, 0x0F, 0xC0, 0x0F, 0xC0, 0x00, 0xFC, 0x00, 0x0F, 0xC0, 0x00, 0x00, 0x00, 0x00, 0x00,
    0x00, 0x00, 0x00, 0x00, 0x00, 0x00, 0x00, 0x00, 0x00, 0x00, 0x00, 0x00, 0x00, 0x00, 0x00, 0x00,
    0x00, 0x00, 0x00, 0x00, 0x00, 0x00, 0x00, 0x00, 0x00, 0x00, 0x00, 0x00, 0x00, 0x00, 0x00, 0x00,
    0x00, 0x00, 0x00, 0x00, 0x00, 0x00, 0x00, 0x00, 0x00, 0x00, 0x00, 0x00, 0x00, 0x00, 0x00, 0x00,
    0x00, 0x00, 0x00, 0x00, 0x00, 0x00, 0x00, 0x00, 0x00, 0x00, 0x00, 0x00, 0x00, 0x00, 0x00, 0x00,
    0x00, 0x00, 0x00, 0x00, 0x00, 0x00, 0x00, 0x00, 0x00, 0x00, 0x00, 0x00, 0x00, 0x00, 0x00, 0x00,
    0x00, 0x00, 0x00, 0x00, 0x00, 0x00, 0x00, 0x00, 0x00, 0x00, 0x00, 0x00, 0x00, 0x00, 0x00, 0x00,
    0x00, 0x00, 0x00, 0x00, 0x00, 0x00, 0x00, 0x00, 0x00, 0x00, 0x00, 0x00, 0x00, 0x00, 0x00, 0x00,
    0x00, 0x00, 0x00, 0x00, 0x00, 0x00, 0x00, 0x00, 0x00, 0x00, 0x00, 0x00, 0x00, 0x00, 0x00, 0x00,
    0x00, 0x00, 0x00, 0x00, 0x00, 0x00, 0x00, 0x00, 0x00, 0x00, 0x00, 0x00, 0x00, 0x00, 0x00, 0x00,
    0x00, 0x00, 0x00, 0x00, 0x00, 0x00, 0x00, 0x00, 0x00, 0x00, 0x00, 0x00, 0x00, 0x00, 0x00, 0x00,
    0x00, 0x00, 0x00, 0x00, 0x00, 0x00, 0x00, 0x00, 0x00, 0x00, 0x00, 0x00, 0x00, 0x00, 0x00, 0x00,
    0x00, 0x00, 0x00, 0x00, 0x00, 0x00, 0x00, 0x00, 0x00, 0x00, 0x00, 0x00, 0x00, 0x00, 0x00, 0x00,
    0x00, 0x00, 0x00, 0x00, 0x00, 0x00, 0x00, 0x00, 0x00, 0x00, 0x00, 0x00, 0x00, 0x00, 0x00, 0x00,
    0x00, 0x00, 0x00, 0x00, 0x00, 0x00, 0x00, 0x00, 0x00, 0x00, 0x00, 0x00, 0x00, 0x00, 0x00, 0x00,
    0x00, 0x00, 0x00, 0x00, 0x00, 0x00, 0x00, 0x00, 0x00, 0x00, 0x00, 0x00, 0x00, 0x00, 0x00, 0x00,
    0x00, 0x00, 0x00, 0x00, 0x00, 0x00, 0x00, 0x00, 0x00, 0x00, 0x00, 0x00, 0x00, 0x00, 0x00, 0x00,
    0x00, 0x00, 0x00, 0x00, 0x00, 0x00, 0x00, 0x00, 0x00, 0x00, 0x00, 0x00, 0x00, 0x00, 0x00, 0x00,
    0x00, 0x0F, 0x81, 0xFF, 0x80, 0x00, 0x0F, 0x87, 0xFF, 0xE0, 0x00, 0x0F, 0x8F, 0xFF, 0xF0, 0x00,
    0x0F, 0x9F, 0xFF, 0xF8, 0x00, 0x0F, 0xFF, 0x07, 0xF8, 0x00, 0x0F, 0xFC, 0x01, 0xFC, 0x00, 0x0F,
    0xF8, 0x00, 0xFC, 0x00, 0x0F, 0xF0, 0x00, 0xFC, 0x00, 0x0F, 0xE0, 0x00, 0x7C, 0x00, 0x0F, 0xE0,
    0x00, 0x7C, 0x00, 0x0F, 0xC0, 0x00, 0x7E, 0x00, 0x0F, 0xC0, 0x00, 0x7E, 0x00, 0x0F, 0xC0, 0x00,
    0x7E, 0x00, 0x0F, 0xC0, 0x00, 0x7E, 0x00, 0x0F, 0xC0, 0x00, 0x7E, 0x00, 0x0F, 0xC0, 0x00, 0x7E,
    0x00, 0x0F, 0xC0, 0x00, 0x7E, 0x00, 0x0F, 0xC0, 0x00, 0x7E, 0x00, 0x0F, 0xC0, 0x00, 0x7E, 0x00,
    0x0F, 0xC0, 0x00, 0x7E, 0x00, 0x0F, 0xC0, 0x00, 0x7E, 0x00, 0x0F, 0xC0, 0x00, 0x7E, 0x00, 0x0F,
    0xC0, 0x00, 0x7E, 0x00, 0x0F, 0xC0, 0x00, 0x7E, 0x00, 0x0F, 0xC0, 0x00, 0x7E, 0x00, 0x0F, 0xC0,
    0x00, 0x7E, 0x00, 0x0F, 0xC0, 0x00, 0x7E, 0x00, 0x0F, 0xC0, 0x00, 0x7E, 0x00, 0x0F, 0xC0, 0x00,
    0x7E, 0x00, 0x0F, 0xC0, 0x00, 0x7E, 0x00, 0x0F, 0xC0, 0x00, 0x7E, 0x00, 0x0F, 0xC0, 0x00, 0x7E,
    0x00, 0x00, 0x00, 0x00, 0x00, 0x00, 0x00, 0x00, 0x00, 0x00, 0x00, 0x00, 0x00, 0x00, 0x00, 0x00,
    0x00, 0x00, 0x00, 0x00, 0x00, 0x00, 0x00, 0x00, 0x00, 0x00, 0x00, 0x00, 0x00, 0x00, 0x00, 0x00,
    0x00, 0x00, 0x00, 0x00, 0x00, 0x00, 0x00, 0x00, 0x00, 0x00, 0x00, 0x00, 0x00, 0x00, 0x00, 0x00,
    0x00, 0x00, 0x00, 0x00, 0x00, 0x00, 0x00, 0x00, 0x00, 0x00, 0x00, 0x00, 0x00, 0x00, 0x00, 0x00,
    0x00, 0x00, 0x00, 0x00, 0x00, 0x00, 0x00, 0x00, 0x00, 0x00, 0x00, 0x00, 0x00, 0x00, 0x00, 0x00,
    0x00, 0x00, 0x00, 0x00, 0x00, 0x00, 0x00, 0x00, 0x00, 0x00, 0x00, 0x00, 0x00, 0x00, 0x00, 0x00,
    0x00, 0x00, 0x00, 0x00, 0x00, 0x00, 0x00, 0x00, 0x00, 0x00, 0x00, 0x00, 0x00, 0x00, 0x00, 0x00,
    0x00, 0x00, 0x00, 0x00, 0x00, 0x00, 0x00, 0x00, 0x00, 0x00, 0x00, 0x00, 0x00, 0x00, 0x00, 0x00,
    0x00, 0x00, 0x00, 0x00, 0x00, 0x00, 0x00, 0x00, 0x00, 0x00, 0x00, 0x00, 0x00, 0x00, 0x00, 0x00,
    0x00, 0x00, 0x00, 0x00, 0x00, 0x00, 0x00, 0x00, 0x00, 0x00, 0x00, 0x00, 0x00, 0x00, 0x00, 0x00,
    0x00, 0x00, 0x00, 0x00, 0x00, 0x00, 0x00, 0x00, 0x00, 0x00, 0x00, 0x00, 0x00, 0x00, 0x00, 0x00,
    0x00, 0x00, 0x00, 0x00, 0x00, 0x00, 0x00, 0x00, 0x00, 0x00, 0x00, 0x00, 0x00, 0x00, 0x00, 0x00,
    0x00, 0x00, 0x00, 0x00, 0x00, 0x00, 0x00, 0x00, 0x00, 0x00, 0x00, 0x00, 0x00, 0x00, 0x00, 0x00,
    0x00, 0x00, 0x00, 0x00, 0x00, 0x00, 0x00, 0x00, 0x00, 0x00, 0x00, 0x00, 0x00, 0x00, 0x00, 0x00,
    0x00, 0x00, 0x00, 0x00, 0x00, 0x00, 0x00, 0x00, 0x00, 0x00, 0x00, 0x00, 0x00, 0x00, 0x40, 0x00,
    0x00, 0x00, 0x0F, 0xFE, 0x00, 0x00, 0x00, 0x3F, 0xFF, 0x80, 0x00, 0x00, 0x7F, 0xFF, 0xE0, 0x00,
    0x01, 0xFF, 0xFF, 0xF0, 0x00, 0x03, 0xFF, 0x0F, 0xF8, 0x00, 0x03, 0xF8, 0x03, 0xFC, 0x00, 0x07,
    0xF0, 0x01, 0xFC, 0x00, 0x0F, 0xE0, 0x00, 0xFE, 0x00, 0x0F, 0xC0, 0x00, 0x7F, 0x00, 0x1F, 0xC0,
    0x00, 0x3F, 0x00, 0x1F, 0x80, 0x00, 0x3F, 0x00, 0x1F, 0x80, 0x00, 0x3F, 0x00, 0x1F, 0x80, 0x00,
    0x1F, 0x80, 0x1F, 0x00, 0x00, 0x1F, 0x80, 0x3F, 0x00, 0x00, 0x1F, 0x80, 0x3F, 0x00, 0x00, 0x1F,
    0x80, 0x3F, 0x00, 0x00, 0x1F, 0x80, 0x3F, 0x00, 0x00, 0x1F, 0x80, 0x1F, 0x00, 0x00, 0x1F, 0x80,
    0x1F, 0x00, 0x00, 0x1F, 0x80, 0x1F, 0x80, 0x00, 0x1F, 0x80, 0x1F, 0x80, 0x00, 0x3F, 0x00, 0x1F,
    0x80, 0x00, 0x3F, 0x00, 0x0F, 0xC0, 0x00, 0x7F, 0x00, 0x0F, 0xE0, 0x00, 0x7E, 0x00, 0x07, 0xE0,
    0x00, 0xFE, 0x00, 0x07, 0xF0, 0x01, 0xFC, 0x00, 0x03, 0xFC, 0x07, 0xF8, 0x00, 0x01, 0xFF, 0xFF,
    0xF8, 0x00, 0x00, 0xFF, 0xFF, 0xF0, 0x00, 0x00, 0x7F, 0xFF, 0xC0, 0x00, 0x00, 0x1F, 0xFF, 0x00,
    0x00, 0x00, 0x03, 0xFC, 0x00, 0x00, 0x00, 0x00, 0x00, 0x00, 0x00, 0x00, 0x00, 0x00, 0x00, 0x00,
    0x00, 0x00, 0x00, 0x00, 0x00, 0x00, 0x00, 0x00, 0x00, 0x00, 0x00, 0x00, 0x00, 0x00, 0x00, 0x00,
    0x00, 0x00, 0x00, 0x00, 0x00, 0x00, 0x00, 0x00, 0x00, 0x00, 0x00, 0x00, 0x00, 0x00, 0x00, 0x00,
    0x00, 0x00, 0x00, 0x00, 0x00, 0x00, 0x00, 0x00, 0x00, 0x00, 0x00, 0x00, 0x00, 0x00, 0x00, 0x00,
    0x00, 0x00, 0x00, 0x00, 0x00, 0x00, 0x00, 0x00, 0x00, 0x00, 0x00, 0x00, 0x00, 0x00, 0x00, 0x00,
    0x00, 0x00, 0x00, 0x00, 0x00, 0x00, 0x00, 0x00, 0x00, 0x00, 0x00, 0x00, 0x00, 0x00, 0x00, 0x00,
    0x00, 0x00, 0x00, 0x00, 0x00, 0x00, 0x00, 0x00, 0x00, 0x00, 0x00, 0x00, 0x00, 0x00, 0x00, 0x00,
    0x00, 0x00, 0x00, 0x00, 0x00, 0x00, 0x00, 0x00, 0x00, 0x00, 0x00, 0x00, 0x00, 0x00, 0x00, 0x00,
    0x00, 0x00, 0x00, 0x00, 0x00, 0x00, 0x00, 0x00, 0x00, 0x00, 0x00, 0x00, 0x00, 0x00, 0x00, 0x00,
    0x00, 0x00, 0x00, 0x00, 0x00, 0x00, 0x00, 0x00, 0x00, 0x00, 0x00, 0x00, 0x00, 0x00, 0x00, 0x00,
    0x00, 0x00, 0x00, 0x00, 0x00, 0x00, 0x00, 0x00, 0x00, 0x00, 0x00, 0x00, 0x00, 0x00, 0x00, 0x00,
    0x00, 0x00, 0x00, 0x00, 0x00, 0x00, 0x00, 0x00, 0x00, 0x00, 0x00, 0x00, 0x00, 0x00, 0x00, 0x00,
    0x00, 0x00, 0x00, 0x00, 0x00, 0x00, 0x00, 0x00, 0x00, 0x00, 0x00, 0x00, 0x00, 0x00, 0x00, 0x00,
    0x00, 0x00, 0x00, 0x00, 0x00, 0x00, 0x00, 0x00, 0x00, 0x00, 0x00, 0x00, 0x00, 0x00, 0x00, 0x00,
    0x00, 0x00, 0x00, 0x00, 0x00, 0x00, 0x00, 0x00, 0x00, 0x00, 0x00, 0x00, 0x00, 0x00, 0x08, 0x00,
    0x00, 0x0F, 0x81, 0xFF, 0x80, 0x00, 0x0F, 0x87, 0xFF, 0xE0, 0x00, 0x0F, 0x8F, 0xFF, 0xF0, 0x00,
    0x0F, 0x9F, 0xFF, 0xF8, 0x00, 0x0F, 0xFF, 0x87, 0xFC, 0x00, 0x0F, 0xFC, 0x01, 0xFE, 0x00, 0x0F,
    0xF8, 0x00, 0xFF, 0x00, 0x0F, 0xF0, 0x00, 0x7F, 0x00, 0x0F, 0xF0, 0x00, 0x3F, 0x00, 0x0F, 0xE0,
    0x00, 0x1F, 0x80, 0x0F, 0xE0, 0x00, 0x1F, 0x80, 0x0F, 0xC0, 0x00, 0x1F, 0x80, 0x0F, 0xC0, 0x00,
    0x1F, 0xC0, 0x0F, 0xC0, 0x00, 0x0F, 0xC0, 0x0F, 0xC0, 0x00, 0x0F, 0xC0, 0x0F, 0xC0, 0x00, 0x0F,
    0xC0, 0x0F, 0xC0, 0x00, 0x0F, 0xC0, 0x0F, 0xC0, 0x00, 0x0F, 0xC0, 0x0F, 0xC0, 0x00, 0x0F, 0xC0,
    0x0F, 0xC0, 0x00, 0x1F, 0xC0, 0x0F, 0xC0, 0x00, 0x1F, 0x80, 0x0F, 0xC0, 0x00, 0x1F, 0x80, 0x0F,
    0xE0, 0x00, 0x1F, 0x80, 0x0F, 0xE0, 0x00, 0x3F, 0x80, 0x0F, 0xF0, 0x00, 0x3F, 0x00, 0x0F, 0xF8,
    0x00, 0x7F, 0x00, 0x0F, 0xFC, 0x00, 0xFE, 0x00, 0x0F, 0xFE, 0x03, 0xFE, 0x00, 0x0F, 0xDF, 0xFF,
    0xFC, 0x00, 0x0F, 0xDF, 0xFF, 0xF8, 0x00, 0x0F, 0xC7, 0xFF, 0xF0, 0x00, 0x0F, 0xC3, 0xFF, 0xC0,
    0x00, 0x0F, 0xC0, 0xFF, 0x00, 0x00, 0x0F, 0xC0, 0x00, 0x00, 0x00, 0x0F, 0xC0, 0x00, 0x00, 0x00,
    0x0F, 0xC0, 0x00, 0x00, 0x00, 0x0F, 0xC0, 0x00, 0x00, 0x00, 0x0F, 0xC0, 0x00, 0x00, 0x00, 0x0F,
    0xC0, 0x00, 0x00, 0x00, 0x0F, 0xC0, 0x00, 0x00, 0x00, 0x0F, 0xC0, 0x00, 0x00, 0x00, 0x0F, 0xC0,
    0x00, 0x00, 0x00, 0x00, 0x00, 0x00, 0x00, 0x00, 0x00, 0x00, 0x00, 0x00, 0x00, 0x00, 0x00, 0x00,
    0x00, 0x00, 0x00, 0x00, 0x00, 0x00, 0x00, 0x00, 0x00, 0x00, 0x00, 0x00, 0x00, 0x00, 0x00, 0x00,
    0x00, 0x00, 0x00, 0x00, 0x00, 0x00, 0x00, 0x00, 0x00, 0x00, 0x00, 0x00, 0x00, 0x00, 0x00, 0x00,
    0x00, 0x00, 0x00, 0x00, 0x00, 0x00, 0x00, 0x00, 0x00, 0x00, 0x00, 0x00, 0x00, 0x00, 0x00, 0x00,
    0x00, 0x00, 0x00, 0x00, 0x00, 0x00, 0x00, 0x00, 0x00, 0x00, 0x00, 0x00, 0x00, 0x00, 0x00, 0x00,
    0x00, 0x00, 0x00, 0x00, 0x00, 0x00, 0x00, 0x00, 0x00, 0x00, 0x00, 0x00, 0x00, 0x00, 0x00, 0x00,
    0x00, 0x00, 0x00, 0x00, 0x00, 0x00, 0x00, 0x00, 0x00, 0x00, 0x00, 0x00, 0x00, 0x00, 0x00, 0x00,
    0x00, 0x00, 0x00, 0x00, 0x00, 0x00, 0x00, 0x00, 0x00, 0x00, 0x00, 0x00, 0x00, 0x00, 0x00, 0x00,
    0x00, 0x00, 0x00, 0x00, 0x00, 0x00, 0x00, 0x00, 0x00, 0x00, 0x00, 0x00, 0x00, 0x00, 0x00, 0x00,
    0x00, 0x00, 0x00, 0x00, 0x00, 0x00, 0x00, 0x00, 0x00, 0x00, 0x00, 0x00, 0x00, 0x00, 0x00, 0x00,
    0x00, 0x00, 0x00, 0x00, 0x00, 0x00, 0x00, 0x00, 0x00, 0x00, 0x00, 0x00, 0x00, 0x00, 0x00, 0x00,
    0x00, 0x00, 0x00, 0x00, 0x00, 0x00, 0x00, 0x00, 0x00, 0x00, 0x00, 0x00, 0x00, 0x00, 0x00, 0x00,
    0x00, 0x00, 0x00, 0x00, 0x00, 0x00, 0x00, 0x00, 0x00, 0x00, 0x00, 0x00, 0x00, 0x00, 0x00, 0x00,
    0x00, 0x00, 0x00, 0x00, 0x00, 0x00, 0x00, 0x00, 0x00, 0x00, 0x80, 0x00, 0x00, 0x00, 0x00, 0x1F,
    0xF8, 0x0F, 0x00, 0x00, 0x00, 0x7F, 0xFE, 0x1F, 0x00, 0x00, 0x00, 0xFF, 0xFF, 0x1F, 0x00, 0x00,
    0x01, 0xFF, 0xFF, 0x9F, 0x00, 0x00, 0x03, 0xFE, 0x0F, 0xFF, 0x00, 0x00, 0x07, 0xF8, 0x03, 0xFF,
    0x00, 0x00, 0x07, 0xF0, 0x01, 0xFF, 0x00, 0x00, 0x0F, 0xE0, 0x00, 0xFF, 0x00, 0x00, 0x0F, 0xC0,
    0x00, 0x7F, 0x00, 0x00, 0x1F, 0xC0, 0x00, 0x7F, 0x00, 0x00, 0x1F, 0x80, 0x00, 0x3F, 0x00, 0x00,
    0x1F, 0x80, 0x00, 0x3F, 0x00, 0x00, 0x1F, 0x80, 0x00, 0x3F, 0x00, 0x00, 0x1F, 0x80, 0x00, 0x3F,
    0x00, 0x00, 0x3F, 0x80, 0x00, 0x3F, 0x00, 0x00, 0x3F, 0x00, 0x00, 0x3F, 0x00, 0x00, 0x3F, 0x00,
    0x00, 0x3F, 0x00, 0x00, 0x3F, 0x00, 0x00, 0x3F, 0x00, 0x00, 0x1F, 0x80, 0x00, 0x3F, 0x00, 0x00,
    0x1F, 0x80, 0x00, 0x3F, 0x00, 0x00, 0x1F, 0x80, 0x00, 0x3F, 0x00, 0x00, 0x1F, 0x80, 0x00, 0x3F,
    0x00, 0x00, 0x1F, 0x80, 0x00, 0x7F, 0x00, 0x00, 0x0F, 0xC0, 0x00, 0x7F, 0x00, 0x00, 0x0F, 0xE0,
    0x00, 0xFF, 0x00, 0x00, 0x0F, 0xE0, 0x00, 0xFF, 0x00, 0x00, 0x07, 0xF0, 0x01, 0xFF, 0x00, 0x00,
    0x03, 0xFC, 0x07, 0xFF, 0x00, 0x00, 0x03, 0xFF, 0xFF, 0xFF, 0x00, 0x00, 0x01, 0xFF, 0xFF, 0xBF,
    0x00, 0x00, 0x00, 0x7F, 0xFF, 0x3F, 0x00, 0x00, 0x00, 0x3F, 0xFC, 0x3F, 0x00, 0x00, 0x00, 0x0F,
    0xF0, 0x3F, 0x00, 0x00, 0x00, 0x00, 0x00, 0x3F, 0x00, 0x00, 0x00, 0x00, 0x00, 0x3F, 0x00, 0x00,
    0x00, 0x00, 0x00, 0x3F, 0x00, 0x00, 0x00, 0x00, 0x00, 0x1F, 0x80, 0x00, 0x00, 0x00, 0x00, 0x1F,
    0xC0, 0x00, 0x00, 0x00, 0x00, 0x1F, 0xFF, 0x00, 0x00, 0x00, 0x00, 0x0F, 0xFF, 0x00, 0x00, 0x00,
    0x00, 0x0F, 0xFF, 0x00, 0x00, 0x00, 0x00, 0x07, 0xFF, 0x00, 0x00, 0x00, 0x00, 0x00, 0xFE, 0x00,
    0x00, 0x00, 0x00, 0x00, 0x00, 0x00, 0x00, 0x00, 0x00, 0x00, 0x00, 0x00, 0x00, 0x00, 0x00, 0x00,
    0x00, 0x00, 0x00, 0x00, 0x00, 0x00, 0x00, 0x00, 0x00, 0x00, 0x00, 0x00, 0x00, 0x00, 0x00, 0x00,
    0x00, 0x00, 0x00, 0x00, 0x00, 0x00, 0x00, 0x00, 0x00, 0x00, 0x00, 0x00, 0x00, 0x00, 0x00, 0x00,
    0x00, 0x00, 0x00, 0x00, 0x00, 0x00, 0x00, 0x00, 0x00, 0x00, 0x00, 0x00, 0x00, 0x00, 0x00, 0x00,
    0x00, 0x00, 0x00, 0x00, 0x00, 0x00, 0x00, 0x00, 0x00, 0x00, 0x00, 0x00, 0x00, 0x00, 0x00, 0x00,
    0x00, 0x00, 0x00, 0x00, 0x00, 0x00, 0x00, 0x00, 0x00, 0x00, 0x00, 0x00, 0x00, 0x00, 0x00, 0x00,
    0x00, 0x00, 0x00, 0x00, 0x00, 0x00, 0x00, 0x00, 0x00, 0x00, 0x00, 0x00, 0x00, 0x00, 0x00, 0x00,
    0x00, 0x00, 0x00, 0x00, 0x00, 0x00, 0x00, 0x00, 0x00, 0x00, 0x00, 0x00, 0x00, 0x00, 0x00, 0x00,
    0x00, 0x00, 0x00, 0x00, 0x00, 0x00, 0x00, 0x0F, 0x80, 0xF8, 0x0F, 0x83, 0xF8, 0x0F, 0x87, 0xF8,
    0x0F, 0x8F, 0xF8, 0x0F, 0xDF, 0xF8, 0x0F, 0xDF, 0xF8, 0x0F, 0xFF, 0x00, 0x0F, 0xFC, 0x00, 0x0F,
    0xF8, 0x00, 0x0F, 0xF0, 0x00, 0x0F, 0xE0, 0x00, 0x0F, 0xE0, 0x00, 0x0F, 0xE0, 0x00, 0x0F, 0xC0,
    0x00, 0x0F, 0xC0, 0x00, 0x0F, 0xC0, 0x00, 0x0F, 0xC0, 0x00, 0x0F, 0xC0, 0x00, 0x0F, 0xC0, 0x00,
    0x0F, 0xC0, 0x00, 0x0F, 0xC0, 0x00, 0x0F, 0xC0, 0x00, 0x0F, 0xC0, 0x00, 0x0F, 0xC0, 0x00, 0x0F,
    0xC0, 0x00, 0x0F, 0xC0, 0x00, 0x0F, 0xC0, 0x00, 0x0F, 0xC0, 0x00, 0x0F, 0xC0, 0x00, 0x0F, 0xC0,
    0x00, 0x0F, 0xC0, 0x00, 0x0F, 0xC0, 0x00, 0x00, 0x00, 0x00, 0x00, 0x00, 0x00, 0x00, 0x00, 0x00,
    0x00, 0x00, 0x00, 0x00, 0x00, 0x00, 0x00, 0x00, 0x00, 0x00, 0x00, 0x00, 0x00, 0x00, 0x00, 0x00,
    0x00, 0x00, 0x00, 0x00, 0x00, 0x00, 0x00, 0x00, 0x00, 0x00, 0x00, 0x00, 0x00, 0x00, 0x00, 0x00,
    0x00, 0x00, 0x00, 0x00, 0x00, 0x00, 0x00, 0x00, 0x00, 0x00, 0x00, 0x00, 0x00, 0x00, 0x00, 0x00,
    0x00, 0x00, 0x00, 0x00, 0x00, 0x00, 0x00, 0x00, 0x00, 0x00, 0x00, 0x00, 0x00, 0x00, 0x00, 0x00,
    0x00, 0x00, 0x00, 0x00, 0x00, 0x00, 0x00, 0x00, 0x00, 0x00, 0x00, 0x00, 0x00, 0x00, 0x00, 0x00,
    0x00, 0x00, 0x00, 0x00, 0x00, 0x00, 0x00, 0x00, 0x00, 0x00, 0x00, 0x00, 0x00, 0x00, 0x00, 0x00,
    0x00, 0x00, 0x00, 0x00, 0x00, 0x00, 0x00, 0x00, 0x00, 0x00, 0x00, 0x00, 0x00, 0x00, 0x00, 0x00,
    0x00, 0x00, 0x00, 0x00, 0x00, 0x00, 0x00, 0x00, 0x00, 0x00, 0x00, 0x00, 0x00, 0x00, 0x00, 0x00,
    0x00, 0x00, 0x00, 0x00, 0x00, 0x00, 0x00, 0x00, 0x00, 0x00, 0x00, 0x00, 0x00, 0x00, 0x00, 0x00,
    0x00, 0x00, 0x00, 0x00, 0x00, 0x00, 0x00, 0x00, 0x00, 0x00, 0x00, 0x00, 0x00, 0x00, 0x00, 0x00,
    0x00, 0x02, 0x00, 0x00, 0x00, 0x7F, 0xF0, 0x00, 0x01, 0xFF, 0xFE, 0x00, 0x03, 0xFF, 0xFF, 0x00,
    0x0F, 0xFF, 0xFF, 0x80, 0x0F, 0xF0, 0x7F, 0xC0, 0x1F, 0xC0, 0x1F, 0xC0, 0x1F, 0x80, 0x07, 0xC0,
    0x1F, 0x00, 0x07, 0x00, 0x1F, 0x00, 0x00, 0x00, 0x1F, 0x00, 0x00, 0x00, 0x1F, 0x80, 0x00, 0x00,
    0x1F, 0xC0, 0x00, 0x00, 0x1F, 0xF0, 0x00, 0x00, 0x0F, 0xFF, 0x80, 0x00, 0x07, 0xFF, 0xF8, 0x00,
    0x01, 0xFF, 0xFE, 0x00, 0x00, 0x7F, 0xFF, 0x80, 0x00, 0x07, 0xFF, 0xC0, 0x00, 0x00, 0x7F, 0xE0,
    0x00, 0x00, 0x0F, 0xF0, 0x00, 0x00, 0x03, 0xF0, 0x00, 0x00, 0x03, 0xF0, 0x00, 0x00, 0x01, 0xF0,
    0x02, 0x00, 0x01, 0xF0, 0x1F, 0x00, 0x01, 0xF0, 0x3F, 0x00, 0x03, 0xF0, 0x1F, 0x80, 0x07, 0xF0,
    0x1F, 0xE0, 0x1F, 0xE0, 0x0F, 0xFF, 0xFF, 0xC0, 0x07, 0xFF, 0xFF, 0x80, 0x01, 0xFF, 0xFF, 0x00,
    0x00, 0xFF, 0xFC, 0x00, 0x00, 0x1F, 0xF0, 0x00, 0x00, 0x00, 0x00, 0x00, 0x00, 0x00, 0x00, 0x00,
    0x00, 0x00, 0x00, 0x00, 0x00, 0x00, 0x00, 0x00, 0x00, 0x00, 0x00, 0x00, 0x00, 0x00, 0x00, 0x00,
    0x00, 0x00, 0x00, 0x00, 0x00, 0x00, 0x00, 0x00, 0x00, 0x00, 0x00, 0x00, 0x00, 0x00, 0x00, 0x00,
    0x00, 0x00, 0x00, 0x00, 0x00, 0x00, 0x00, 0x00, 0x00, 0x00, 0x00, 0x00, 0x00, 0x00, 0x00, 0x00,
    0x00, 0x00, 0x00, 0x00, 0x00, 0x00, 0x00, 0x00, 0x00, 0x00, 0x00, 0x00, 0x00, 0x00, 0x00, 0x00,
    0x00, 0x00, 0x00, 0x00, 0x00, 0x00, 0x00, 0x00, 0x00, 0x00, 0x00, 0x00, 0x00, 0x00, 0x00, 0x00,
    0x00, 0x00, 0x00, 0x00, 0x00, 0x00, 0x00, 0x00, 0x00, 0x00, 0x00, 0x00, 0x00, 0x00, 0x00, 0x00,
    0x00, 0x00, 0x00, 0x00, 0x00, 0x00, 0x00, 0x00, 0x00, 0x00, 0x00, 0x00, 0x00, 0x00, 0x00, 0x00,
    0x00, 0x00, 0x00, 0x00, 0x00, 0x00, 0x00, 0x00, 0x00, 0x00, 0x00, 0x00, 0x00, 0x00, 0x00, 0x01,
    0xF0, 0x00, 0x01, 0xF0, 0x00, 0x01, 0xF0, 0x00, 0x01, 0xF0, 0x00, 0x01, 0xF0, 0x00, 0x01, 0xF0,
    0x00, 0x01, 0xF0, 0x00, 0x01, 0xF0, 0x00, 0x7F, 0xFF, 0xC0, 0x7F, 0xFF, 0xC0, 0x7F, 0xFF, 0xC0,
    0x7F, 0xFF, 0xC0, 0x7F, 0xFF, 0xC0, 0x01, 0xF0, 0x00, 0x01, 0xF0, 0x00, 0x01, 0xF0, 0x00, 0x01,
    0xF0, 0x00, 0x01, 0xF0, 0x00, 0x01, 0xF0, 0x00, 0x01, 0xF0, 0x00, 0x01, 0xF0, 0x00, 0x01, 0xF0,
    0x00, 0x01, 0xF0, 0x00, 0x01, 0xF0, 0x00, 0x01, 0xF0, 0x00, 0x01, 0xF0, 0x00, 0x01, 0xF0, 0x00,
    0x01, 0xF0, 0x00, 0x01, 0xF0, 0x00, 0x01, 0xF0, 0x00, 0x01, 0xF0, 0x00, 0x01, 0xF0, 0x00, 0x01,
    0xF0, 0x00, 0x01, 0xF0, 0x00, 0x01, 0xF8, 0x00, 0x01, 0xFF, 0xC0, 0x01, 0xFF, 0xC0, 0x01, 0xFF,
    0xC0, 0x00, 0xFF, 0xC0, 0x00, 0x3F, 0xC0, 0x00, 0x00, 0x00, 0x00, 0x00, 0x00, 0x00, 0x00, 0x00,
    0x00, 0x00, 0x00, 0x00, 0x00, 0x00, 0x00, 0x00, 0x00, 0x00, 0x00, 0x00, 0x00, 0x00, 0x00, 0x00,
    0x00, 0x00, 0x00, 0x00, 0x00, 0x00, 0x00, 0x00, 0x00, 0x00, 0x00, 0x00, 0x00, 0x00, 0x00, 0x00,
    0x00, 0x00, 0x00, 0x00, 0x00, 0x00, 0x00, 0x00, 0x00, 0x00, 0x00, 0x00, 0x00, 0x00, 0x00, 0x00,
    0x00, 0x00, 0x00, 0x00, 0x00, 0x00, 0x00, 0x00, 0x00, 0x00, 0x00, 0x00, 0x00, 0x00, 0x00, 0x00,
    0x00, 0x00, 0x00, 0x00, 0x00, 0x00, 0x00, 0x00, 0x00, 0x00, 0x00, 0x00, 0x00, 0x00, 0x00, 0x00,
    0x00, 0x00, 0x00, 0x00, 0x00, 0x00, 0x00, 0x00, 0x00, 0x00, 0x00, 0x00, 0x00, 0x00, 0x00, 0x00,
    0x00, 0x00, 0x00, 0x00, 0x00, 0x00, 0x00, 0x00, 0x00, 0x00, 0x00, 0x00, 0x00, 0x00, 0x00, 0x00,
    0x00, 0x00, 0x00, 0x00, 0x00, 0x00, 0x00, 0x00, 0x00, 0x00, 0x00, 0x00, 0x00, 0x00, 0x00, 0x00,
    0x00, 0x00, 0x00, 0x00, 0x00, 0x00, 0x00, 0x00, 0x00, 0x00, 0x00, 0x00, 0x00, 0x00, 0x00, 0x00,
    0x00, 0x00, 0x00, 0x00, 0x00, 0x00, 0x00, 0x00, 0x00, 0x00, 0x00, 0x00, 0x00, 0x00, 0x00, 0x00,
    0x00, 0x00, 0x00, 0x00, 0x00, 0x00, 0x00, 0x00, 0x00, 0x00, 0x00, 0x00, 0x00, 0x00, 0x00, 0x00,
    0x00, 0x00, 0x00, 0x00, 0x00, 0x00, 0x00, 0x00, 0x00, 0x00, 0x00, 0x00, 0x00, 0x00, 0x00, 0x00,
    0x00, 0x0F, 0xC0, 0x00, 0xFC, 0x00, 0x0F, 0xC0, 0x00, 0xFC, 0x00, 0x0F, 0xC0, 0x00, 0xFC, 0x00,
    0x0F, 0xC0, 0x00, 0xFC, 0x00, 0x0F, 0xC0, 0x00, 0xFC, 0x00, 0x0F, 0xC0, 0x00, 0xFC, 0x00, 0x0F,
    0xC0, 0x00, 0xFC, 0x00, 0x0F, 0xC0, 0x00, 0xFC, 0x00, 0x0F, 0xC0, 0x00, 0xFC, 0x00, 0x0F, 0xC0,
    0x00, 0xFC, 0x00, 0x0F, 0xC0, 0x00, 0xFC, 0x00, 0x0F, 0xC0, 0x00, 0xFC, 0x00, 0x0F, 0xC0, 0x00,
    0xFC, 0x00, 0x0F, 0xC0, 0x00, 0xFC, 0x00, 0x0F, 0xC0, 0x00, 0xFC, 0x00, 0x0F, 0xC0, 0x00, 0xFC,
    0x00, 0x0F, 0xC0, 0x00, 0xFC, 0x00, 0x0F, 0xC0, 0x00, 0xFC, 0x00, 0x0F, 0xC0, 0x00, 0xFC, 0x00,
    0x0F, 0xC0, 0x00, 0xFC, 0x00, 0x0F, 0xC0, 0x00, 0xFC, 0x00, 0x0F, 0xC0, 0x00, 0xFC, 0x00, 0x0F,
    0xC0, 0x00, 0xFC, 0x00, 0x07, 0xC0, 0x01, 0xFC, 0x00, 0x07, 0xC0, 0x01, 0xFC, 0x00, 0x07, 0xE0,
    0x03, 0xFC, 0x00, 0x07, 0xF0, 0x07, 0xFC, 0x00, 0x03, 0xF8, 0x0F, 0xFC, 0x00, 0x03, 0xFF, 0xFF,
    0x7C, 0x00, 0x01, 0xFF, 0xFE, 0x7C, 0x00, 0x01, 0xFF, 0xFC, 0x7C, 0x00, 0x00, 0x7F, 0xF8, 0x3C,
    0x00, 0x00, 0x1F, 0xE0, 0x00, 0x00, 0x00, 0x00, 0x00, 0x00, 0x00, 0x00, 0x00, 0x00, 0x00, 0x00,
    0x00, 0x00, 0x00, 0x00, 0x00, 0x00, 0x00, 0x00, 0x00, 0x00, 0x00, 0x00, 0x00, 0x00, 0x00, 0x00,
    0x00, 0x00, 0x00, 0x00, 0x00, 0x00, 0x00, 0x00, 0x00, 0x00, 0x00, 0x00, 0x00, 0x00, 0x00, 0x00,
    0x00, 0x00, 0x00, 0x00, 0x00, 0x00, 0x00, 0x00, 0x00, 0x00, 0x00, 0x00, 0x00, 0x00, 0x00, 0x00,
    0x00, 0x00, 0x00, 0x00, 0x00, 0x00, 0x00, 0x00, 0x00, 0x00, 0x00, 0x00, 0x00, 0x00, 0x00, 0x00,
    0x00, 0x00, 0x00, 0x00, 0x00, 0x00, 0x00, 0x00, 0x00, 0x00, 0x00, 0x00, 0x00, 0x00, 0x00, 0x00,
    0x00, 0x00, 0x00, 0x00, 0x00, 0x00, 0x00, 0x00, 0x00, 0x00, 0x00, 0x00, 0x00, 0x00, 0x00, 0x00,
    0x00, 0x00, 0x00, 0x00, 0x00, 0x00, 0x00, 0x00, 0x00, 0x00, 0x00, 0x00, 0x00, 0x00, 0x00, 0x00,
    0x00, 0x00, 0x00, 0x00, 0x00, 0x00, 0x00, 0x00, 0x00, 0x00, 0x00, 0x00, 0x00, 0x00, 0x00, 0x00,
    0x00, 0x00, 0x00, 0x00, 0x00, 0x00, 0x00, 0x00, 0x00, 0x00, 0x00, 0x00, 0x00, 0x00, 0x00, 0x00,
    0x00, 0x00, 0x00, 0x00, 0x00, 0x00, 0x00, 0x00, 0x00, 0x00, 0x00, 0x00, 0x00, 0x00, 0x00, 0x00,
    0x00, 0x00, 0x00, 0x00, 0x00, 0x00, 0x00, 0x00, 0x00, 0x00, 0x00, 0x00, 0x00, 0x00, 0x00, 0x00,
    0x00, 0x00, 0x00, 0x00, 0x00, 0x00, 0x00, 0x00, 0x00, 0x00, 0x00, 0x00, 0x00, 0x00, 0x00, 0x00,
    0x00, 0x00, 0x00, 0x00, 0xFC, 0x00, 0x03, 0xF0, 0xFC, 0x00, 0x03, 0xF0, 0x7E, 0x00, 0x03, 0xE0,
    0x7E, 0x00, 0x07, 0xE0, 0x3E, 0x00, 0x07, 0xE0, 0x3F, 0x00, 0x07, 0xC0, 0x3F, 0x00, 0x0F, 0xC0,
    0x1F, 0x00, 0x0F, 0xC0, 0x1F, 0x80, 0x0F, 0x80, 0x1F, 0x80, 0x1F, 0x80, 0x0F, 0x80, 0x1F, 0x80,
    0x0F, 0xC0, 0x1F, 0x00, 0x0F, 0xC0, 0x3F, 0x00, 0x07, 0xC0, 0x3E, 0x00, 0x07, 0xE0, 0x3E, 0x00,
    0x07, 0xE0, 0x7E, 0x00, 0x03, 0xE0, 0x7C, 0x00, 0x03, 0xF0, 0x7C, 0x00, 0x01, 0xF0, 0xFC, 0x00,
    0x01, 0xF0, 0xF8, 0x00, 0x01, 0xF8, 0xF8, 0x00, 0x00, 0xF9, 0xF8, 0x00, 0x00, 0xF9, 0xF0, 0x00,
    0x00, 0xFD, 0xF0, 0x00, 0x00, 0x7F, 0xF0, 0x00, 0x00, 0x7F, 0xE0, 0x00, 0x00, 0x7F, 0xE0, 0x00,
    0x00, 0x3F, 0xE0, 0x00, 0x00, 0x3F, 0xC0, 0x00, 0x00, 0x3F, 0xC0, 0x00, 0x00, 0x1F, 0x80, 0x00,
    0x00, 0x1F, 0x80, 0x00, 0x00, 0x00, 0x00, 0x00, 0x00, 0x00, 0x00, 0x00, 0x00, 0x00, 0x00, 0x00,
    0x00, 0x00, 0x00, 0x00, 0x00, 0x00, 0x00, 0x00, 0x00, 0x00, 0x00, 0x00, 0x00, 0x00, 0x00, 0x00,
    0x00, 0x00, 0x00, 0x00, 0x00, 0x00, 0x00, 0x00, 0x00, 0x00, 0x00, 0x00, 0x00, 0x00, 0x00, 0x00,
    0x00, 0x00, 0x00, 0x00, 0x00, 0x00, 0x00, 0x00, 0x00, 0x00, 0x00, 0x00, 0x00, 0x00, 0x00, 0x00,
    0x00, 0x00, 0x00, 0x00, 0x00, 0x00, 0x00, 0x00, 0x00, 0x00, 0x00, 0x00, 0x00, 0x00, 0x00, 0x00,
    0x00, 0x00, 0x00, 0x00, 0x00, 0x00, 0x00, 0x00, 0x00, 0x00, 0x00, 0x00, 0x00, 0x00, 0x00, 0x00,
    0x00, 0x00, 0x00, 0x00, 0x00, 0x00, 0x00, 0x00, 0x00, 0x00, 0x00, 0x00, 0x00, 0x00, 0x00, 0x00,
    0x00, 0x00, 0x00, 0x00, 0x00, 0x00, 0x00, 0x00, 0x00, 0x00, 0x00, 0x00, 0x00, 0x00, 0x00, 0x00,
    0x00, 0x00, 0x00, 0x00, 0x00, 0x00, 0x00, 0x00, 0x00, 0x00, 0x00, 0x00, 0x00, 0x00, 0x00, 0x00,
    0x00, 0x00, 0x00, 0x00, 0x00, 0x00, 0x00, 0x00, 0x00, 0x00, 0x00, 0x00, 0x00, 0x00, 0x00, 0x00,
    0x00, 0x00, 0x00, 0x00, 0x00, 0x00, 0x00, 0x00, 0x00, 0x00, 0x00, 0x00, 0x00, 0x00, 0x00, 0x00,
    0x00, 0x00, 0x00, 0x00, 0x00, 0x00, 0x00, 0x00, 0x00, 0x00, 0x00, 0x00, 0x00, 0x00, 0x00, 0x00,
    0x00, 0x00, 0x00, 0x00, 0x00, 0x00, 0x00, 0x00, 0x00, 0x00, 0x00, 0x00, 0x00, 0x00, 0x00, 0x00,
    0x00, 0x00, 0x00, 0x00, 0x00, 0x00, 0x00, 0x00, 0x00, 0x00, 0x00, 0x00, 0x00, 0x00, 0x00, 0x00,
    0x00, 0x00, 0x00, 0x00, 0x00, 0x00, 0x00, 0x00, 0x00, 0x00, 0x00, 0x00, 0x00, 0x00, 0x00, 0x00,
    0x00, 0x00, 0x00, 0x00, 0x00, 0x00, 0x00, 0x00, 0x00, 0x00, 0x00, 0x00, 0x00, 0x00, 0xFC, 0x00,
    0x3F, 0x00, 0x0F, 0xC0, 0xFC, 0x00, 0x3F, 0x00, 0x0F, 0x80, 0x7C, 0x00, 0x7F, 0x00, 0x1F, 0x80,
    0x7E, 0x00, 0x7F, 0x80, 0x1F, 0x80, 0x7E, 0x00, 0x7F, 0x80, 0x1F, 0x80, 0x3E, 0x00, 0x7F, 0x80,
    0x1F, 0x00, 0x3E, 0x00, 0xFF, 0x80, 0x3F, 0x00, 0x3F, 0x00, 0xFF, 0xC0, 0x3F, 0x00, 0x3F, 0x00,
    0xF7, 0xC0, 0x3E, 0x00, 0x1F, 0x00, 0xF3, 0xC0, 0x3E, 0x00, 0x1F, 0x01, 0xF3, 0xE0, 0x7E, 0x00,
    0x1F, 0x81, 0xF3, 0xE0, 0x7E, 0x00, 0x0F, 0x81, 0xE3, 0xE0, 0x7C, 0x00, 0x0F, 0x81, 0xE1, 0xE0,
    0x7C, 0x00, 0x0F, 0x83, 0xE1, 0xF0, 0xFC, 0x00, 0x0F, 0xC3, 0xE1, 0xF0, 0xF8, 0x00, 0x07, 0xC3,
    0xC0, 0xF0, 0xF8, 0x00, 0x07, 0xC7, 0xC0, 0xF0, 0xF8, 0x00, 0x07, 0xE7, 0xC0, 0xF9, 0xF8, 0x00,
    0x03, 0xE7, 0x80, 0xF9, 0xF0, 0x00, 0x03, 0xE7, 0x80, 0x79, 0xF0, 0x00, 0x03, 0xEF, 0x80, 0x79,
    0xF0, 0x00, 0x03, 0xFF, 0x80, 0x7F, 0xE0, 0x00, 0x01, 0xFF, 0x00, 0x7F, 0xE0, 0x00, 0x01, 0xFF,
    0x00, 0x3F, 0xE0, 0x00, 0x01, 0xFF, 0x00, 0x3F, 0xE0, 0x00, 0x00, 0xFF, 0x00, 0x3F, 0xC0, 0x00,
    0x00, 0xFE, 0x00, 0x1F, 0xC0, 0x00, 0x00, 0xFE, 0x00, 0x1F, 0xC0, 0x00, 0x00, 0xFE, 0x00, 0x1F,
    0xC0, 0x00, 0x00, 0x7C, 0x00, 0x1F, 0x80, 0x00, 0x00, 0x7C, 0x00, 0x0F, 0x80, 0x00, 0x00, 0x00,
    0x00, 0x00, 0x00, 0x00, 0x00, 0x00, 0x00, 0x00, 0x00, 0x00, 0x00, 0x00, 0x00, 0x00, 0x00, 0x00,
    0x00, 0x00, 0x00, 0x00, 0x00, 0x00, 0x00, 0x00, 0x00, 0x00, 0x00, 0x00, 0x00, 0x00, 0x00, 0x00,
    0x00, 0x00, 0x00, 0x00, 0x00, 0x00, 0x00, 0x00, 0x00, 0x00, 0x00, 0x00, 0x00, 0x00, 0x00, 0x00,
    0x00, 0x00, 0x00, 0x00, 0x00, 0x00, 0x00, 0x00, 0x00, 0x00, 0x00, 0x00, 0x00, 0x00, 0x00, 0x00,
    0x00, 0x00, 0x00, 0x00, 0x00, 0x00, 0x00, 0x00, 0x00, 0x00, 0x00, 0x00, 0x00, 0x00, 0x00, 0x00,
    0x00, 0x00, 0x00, 0x00, 0x00, 0x00, 0x00, 0x00, 0x00, 0x00, 0x00, 0x00, 0x00, 0x00, 0x00, 0x00,
    0x00, 0x00, 0x00, 0x00, 0x00, 0x00, 0x00, 0x00, 0x00, 0x00, 0x00, 0x00, 0x00, 0x00, 0x00, 0x00,
    0x00, 0x00, 0x00, 0x00, 0x00, 0x00, 0x00, 0x00, 0x00, 0x00, 0x00, 0x00, 0x00, 0x00, 0x00, 0x00,
    0x00, 0x00, 0x00, 0x00, 0x00, 0x00, 0x00, 0x00, 0x00, 0x00, 0x00, 0x00, 0x00, 0x00, 0x00, 0x00,
    0x00, 0x00, 0x00, 0x00, 0x00, 0x00, 0x00, 0x00, 0x00, 0x00, 0x00, 0x00, 0x00, 0x00, 0x00, 0x00,
    0x00, 0x00, 0x00, 0x00, 0x00, 0x00, 0x00, 0x00, 0x00, 0x00, 0x00, 0x00, 0x00, 0x00, 0x00, 0x00,
    0x00, 0x00, 0x00, 0x00, 0x00, 0x00, 0x00, 0x00, 0x00, 0x00, 0x00, 0x00, 0x00, 0x00, 0x00, 0x00,
    0x00, 0x00, 0x00, 0x00, 0x00, 0x00, 0x00, 0x00, 0x00, 0x00, 0x00, 0x00, 0x00, 0x00, 0x00, 0x00,
    0x00, 0x00, 0x00, 0x00, 0x00, 0x00, 0x00, 0x00, 0x00, 0x00, 0x00, 0x00, 0x00, 0x00, 0x00, 0x00,
    0x00, 0x00, 0x00, 0x00, 0x7E, 0x00, 0x03, 0xF8, 0x3F, 0x00, 0x03, 0xF0, 0x3F, 0x80, 0x07, 0xE0,
    0x1F, 0x80, 0x0F, 0xE0, 0x0F, 0xC0, 0x1F, 0xC0, 0x0F, 0xE0, 0x1F, 0x80, 0x07, 0xE0, 0x3F, 0x00,
    0x03, 0xF0, 0x7F, 0x00, 0x03, 0xF8, 0x7E, 0x00, 0x01, 0xF8, 0xFC, 0x00, 0x00, 0xFD, 0xFC, 0x00,
    0x00, 0x7F, 0xF8, 0x00, 0x00, 0x7F, 0xF0, 0x00, 0x00, 0x3F, 0xF0, 0x00, 0x00, 0x1F, 0xE0, 0x00,
    0x00, 0x1F, 0xC0, 0x00, 0x00, 0x1F, 0xC0, 0x00, 0x00, 0x3F, 0xE0, 0x00, 0x00, 0x3F, 0xF0, 0x00,
    0x00, 0x7F, 0xF8, 0x00, 0x00, 0xFF, 0xF8, 0x00, 0x01, 0xFC, 0xFC, 0x00, 0x01, 0xF8, 0xFE, 0x00,
    0x03, 0xF0, 0x7E, 0x00, 0x07, 0xF0, 0x3F, 0x00, 0x07, 0xE0, 0x3F, 0x80, 0x0F, 0xC0, 0x1F, 0xC0,
    0x1F, 0xC0, 0x0F, 0xC0, 0x3F, 0x80, 0x07, 0xE0, 0x3F, 0x00, 0x07, 0xF0, 0x7E, 0x00, 0x03, 0xF0,
    0xFE, 0x00, 0x01, 0xF8, 0x00, 0x00, 0x00, 0x00, 0x00, 0x00, 0x00, 0x00, 0x00, 0x00, 0x00, 0x00,
    0x00, 0x00, 0x00, 0x00, 0x00, 0x00, 0x00, 0x00, 0x00, 0x00, 0x00, 0x00, 0x00, 0x00, 0x00, 0x00,
    0x00, 0x00, 0x00, 0x00, 0x00, 0x00, 0x00, 0x00, 0x00, 0x00, 0x00, 0x00, 0x00, 0x00, 0x00, 0x00,
    0x00, 0x00, 0x00, 0x00, 0x00, 0x00, 0x00, 0x00, 0x00, 0x00, 0x00, 0x00, 0x00, 0x00, 0x00, 0x00,
    0x00, 0x00, 0x00, 0x00, 0x00, 0x00, 0x00, 0x00, 0x00, 0x00, 0x00, 0x00, 0x00, 0x00, 0x00, 0x00,
    0x00, 0x00, 0x00, 0x00, 0x00, 0x00, 0x00, 0x00, 0x00, 0x00, 0x00, 0x00, 0x00, 0x00, 0x00, 0x00,
    0x00, 0x00, 0x00, 0x00, 0x00, 0x00, 0x00, 0x00, 0x00, 0x00, 0x00, 0x00, 0x00, 0x00, 0x00, 0x00,
    0x00, 0x00, 0x00, 0x00, 0x00, 0x00, 0x00, 0x00, 0x00, 0x00, 0x00, 0x00, 0x00, 0x00, 0x00, 0x00,
    0x00, 0x00, 0x00, 0x00, 0x00, 0x00, 0x00, 0x00, 0x00, 0x00, 0x00, 0x00, 0x00, 0x00, 0x00, 0x00,
    0x00, 0x00, 0x00, 0x00, 0x00, 0x00, 0x00, 0x00, 0x00, 0x00, 0x00, 0x00, 0x00, 0x00, 0x00, 0x00,
    0x00, 0x00, 0x00, 0x00, 0x00, 0x00, 0x00, 0x00, 0x00, 0x00, 0x00, 0x00, 0x00, 0x00, 0x00, 0x00,
    0x00, 0x00, 0x00, 0x00, 0x00, 0x00, 0x00, 0x00, 0x00, 0x00, 0x00, 0x00, 0x00, 0x00, 0x00, 0x00,
    0x00, 0x00, 0x00, 0x00, 0xFC, 0x00, 0x07, 0xE0, 0x7C, 0x00, 0x07, 0xE0, 0x7E, 0x00, 0x07, 0xE0,
    0x7E, 0x00, 0x0F, 0xC0, 0x3E, 0x00, 0x0F, 0xC0, 0x3F, 0x00, 0x0F, 0xC0, 0x3F, 0x00, 0x1F, 0x80,
    0x1F, 0x00, 0x1F, 0x80, 0x1F, 0x80, 0x1F, 0x80, 0x1F, 0x80, 0x1F, 0x00, 0x0F, 0x80, 0x3F, 0x00,
    0x0F, 0xC0, 0x3F, 0x00, 0x0F, 0xC0, 0x3E, 0x00, 0x07, 0xC0, 0x7E, 0x00, 0x07, 0xE0, 0x7E, 0x00,
    0x03, 0xE0, 0x7C, 0x00, 0x03, 0xE0, 0xFC, 0x00, 0x03, 0xF0, 0xFC, 0x00, 0x01, 0xF0, 0xF8, 0x00,
    0x01, 0xF1, 0xF8, 0x00, 0x01, 0xF1, 0xF8, 0x00, 0x00, 0xF9, 0xF0, 0x00, 0x00, 0xFB, 0xF0, 0x00,
    0x00, 0xFB, 0xE0, 0x00, 0x00, 0x7F, 0xE0, 0x00, 0x00, 0x7F, 0xE0, 0x00, 0x00, 0x7F, 0xC0, 0x00,
    0x00, 0x3F, 0xC0, 0x00, 0x00, 0x3F, 0xC0, 0x00, 0x00, 0x1F, 0x80, 0x00, 0x00, 0x1F, 0x80, 0x00,
    0x00, 0x1F, 0x80, 0x00, 0x00, 0x1F, 0x00, 0x00, 0x00, 0x1F, 0x00, 0x00, 0x00, 0x3F, 0x00, 0x00,
    0x00, 0x3E, 0x00, 0x00, 0x00, 0x7E, 0x00, 0x00, 0x1F, 0xFC, 0x00, 0x00, 0x3F, 0xFC, 0x00, 0x00,
    0x3F, 0xF8, 0x00, 0x00, 0x3F, 0xF0, 0x00, 0x00, 0x3F, 0xC0, 0x00, 0x00, 0x00, 0x00, 0x00, 0x00,
    0x00, 0x00, 0x00, 0x00, 0x00, 0x00, 0x00, 0x00, 0x00, 0x00, 0x00, 0x00, 0x00, 0x00, 0x00, 0x00,
    0x00, 0x00, 0x00, 0x00, 0x00, 0x00, 0x00, 0x00, 0x00, 0x00, 0x00, 0x00, 0x00, 0x00, 0x00, 0x00,
    0x00, 0x00, 0x00, 0x00, 0x00, 0x00, 0x00, 0x00, 0x00, 0x00, 0x00, 0x00, 0x00, 0x00, 0x00, 0x00,
    0x00, 0x00, 0x00, 0x00, 0x00, 0x00, 0x00, 0x00, 0x00, 0x00, 0x00, 0x00, 0x00, 0x00, 0x00, 0x00,
    0x00, 0x00, 0x00, 0x00, 0x00, 0x00, 0x00, 0x00, 0x00, 0x00, 0x00, 0x00, 0x00, 0x00, 0x00, 0x00,
    0x00, 0x00, 0x00, 0x00, 0x00, 0x00, 0x00, 0x00, 0x00, 0x00, 0x00, 0x00, 0x00, 0x00, 0x00, 0x00,
    0x00, 0x00, 0x00, 0x00, 0x00, 0x00, 0x00, 0x00, 0x00, 0x00, 0x00, 0x00, 0x00, 0x00, 0x00, 0x00,
    0x00, 0x00, 0x00, 0x00, 0x00, 0x00, 0x00, 0x00, 0x00, 0x00, 0x00, 0x00, 0x00, 0x00, 0x00, 0x00,
    0x00, 0x00, 0x00, 0x00, 0x00, 0x00, 0x00, 0x00, 0x00, 0x00, 0x00, 0x00, 0x00, 0x00, 0x00, 0x00,
    0x00, 0x00, 0x00, 0x00, 0x1F, 0xFF, 0xFF, 0xE0, 0x1F, 0xFF, 0xFF, 0xE0, 0x1F, 0xFF, 0xFF, 0xE0,
    0x1F, 0xFF, 0xFF, 0xE0, 0x1F, 0xFF, 0xFF, 0xE0, 0x00, 0x00, 0x0F, 0xC0, 0x00, 0x00, 0x1F, 0x80,
    0x00, 0x00, 0x1F, 0x80, 0x00, 0x00, 0x3F, 0x00, 0x00, 0x00, 0x7E, 0x00, 0x00, 0x00, 0xFC, 0x00,
    0x00, 0x01, 0xF8, 0x00, 0x00, 0x03, 0xF8, 0x00, 0x00, 0x03, 0xF0, 0x00, 0x00, 0x07, 0xE0, 0x00,
    0x00, 0x0F, 0xC0, 0x00, 0x00, 0x1F, 0x80, 0x00, 0x00, 0x3F, 0x80, 0x00, 0x00, 0x3F, 0x00, 0x00,
    0x00, 0x7E, 0x00, 0x00, 0x00, 0xFC, 0x00, 0x00, 0x01, 0xF8, 0x00, 0x00, 0x03, 0xF8, 0x00, 0x00,
    0x03, 0xF0, 0x00, 0x00, 0x07, 0xE0, 0x00, 0x00, 0x0F, 0xC0, 0x00, 0x00, 0x1F, 0x80, 0x00, 0x00,
    0x1F, 0xFF, 0xFF, 0xE0, 0x1F, 0xFF, 0xFF, 0xF0, 0x1F, 0xFF, 0xFF, 0xF0, 0x1F, 0xFF, 0xFF, 0xF0,
    0x1F, 0xFF, 0xFF, 0xF0, 0x00, 0x00, 0x00, 0x00, 0x00, 0x00, 0x00, 0x00, 0x00, 0x00, 0x00, 0x00,
    0x00, 0x00, 0x00, 0x00, 0x00, 0x00, 0x00, 0x00, 0x00, 0x00, 0x00, 0x00, 0x00, 0x00, 0x00, 0x00,
    0x00, 0x00, 0x00, 0x00, 0x00, 0x00, 0x00, 0x00, 0x00, 0x00, 0x00, 0x00, 0x00, 0x00, 0x00, 0x00,
    0x00, 0x00, 0x00, 0x00, 0x00, 0x00, 0x00, 0x00, 0x00, 0x00, 0x00, 0x00, 0x00, 0x00, 0x00, 0x00,
    0x00, 0x00, 0x00, 0x00, 0x00, 0x00, 0x00, 0x00, 0x00, 0x00, 0x00, 0x00, 0x00, 0x00, 0x00, 0x00,
    0x00, 0x00, 0x00, 0x00, 0x00, 0x00, 0x00, 0x00, 0x00, 0x00, 0x00, 0x00, 0x00, 0x00, 0x00, 0x00,
    0x00, 0x00, 0x00, 0x00, 0x00, 0x00, 0x00, 0x00, 0x00, 0x00, 0x00, 0x00, 0x00, 0x00, 0x00, 0x00,
    0x00, 0x00, 0x00, 0x00, 0x00, 0x00, 0x00, 0x00, 0x00, 0x00, 0x00, 0x00, 0x00, 0x00, 0x00, 0x00,
    0x00, 0x00, 0x00, 0x00, 0x00, 0x00, 0x00, 0x00, 0x00, 0x00, 0x1F, 0xC0, 0x00, 0x7F, 0xC0, 0x00,
    0xFF, 0xC0, 0x01, 0xFF, 0xC0, 0x01, 0xFF, 0xC0, 0x01, 0xF8, 0x00, 0x01, 0xF8, 0x00, 0x01, 0xF0,
    0x00, 0x01, 0xF0, 0x00, 0x01, 0xF0, 0x00, 0x01, 0xF0, 0x00, 0x01, 0xF0, 0x00, 0x01, 0xF0, 0x00,
    0x01, 0xF0, 0x00, 0x01, 0xF0, 0x00, 0x01, 0xF0, 0x00, 0x01, 0xF0, 0x00, 0x01, 0xF0, 0x00, 0x01,
    0xF0, 0x00, 0x01, 0xF0, 0x00, 0x01, 0xF0, 0x00, 0x03, 0xF0, 0x00, 0x07, 0xE0, 0x00, 0x1F, 0xE0,
    0x00, 0x3F, 0xC0, 0x00, 0x3F, 0x00, 0x00, 0x3F, 0x80, 0x00, 0x3F, 0xC0, 0x00, 0x07, 0xE0, 0x00,
    0x03, 0xF0, 0x00, 0x03, 0xF0, 0x00, 0x01, 0xF0, 0x00, 0x01, 0xF0, 0x00, 0x01, 0xF0, 0x00, 0x01,
    0xF0, 0x00, 0x01, 0xF0, 0x00, 0x01, 0xF0, 0x00, 0x01, 0xF0, 0x00, 0x01, 0xF0, 0x00, 0x01, 0xF0,
    0x00, 0x01, 0xF0, 0x00, 0x01, 0xF0, 0x00, 0x01, 0xF0, 0x00, 0x01, 0xF0, 0x00, 0x01, 0xF0, 0x00,
    0x01, 0xF8, 0x00, 0x01, 0xF8, 0x00, 0x01, 0xFF, 0xC0, 0x00, 0xFF, 0xC0, 0x00, 0xFF, 0xC0, 0x00,
    0x7F, 0xC0, 0x00, 0x1F, 0xC0, 0x00, 0x00, 0x00, 0x00, 0x00, 0x00, 0x00, 0x00, 0x00, 0x00, 0x00,
    0x00, 0x00, 0x00, 0x00, 0x00, 0x00, 0x00, 0x00, 0x00, 0x00, 0x00, 0x00, 0x00, 0x00, 0x00, 0x00,
    0x00, 0x00, 0x00, 0x00, 0x00, 0x00, 0x00, 0x00, 0x00, 0x00, 0x00, 0x00, 0x00, 0x00, 0x00, 0x00,
    0x00, 0x00, 0x00, 0x00, 0x00, 0x00, 0x00, 0x00, 0x00, 0x00, 0x00, 0x00, 0x00, 0x00, 0x00, 0x00,
    0x00, 0x00, 0x00, 0x00, 0x00, 0x00, 0x07, 0xC0, 0x07, 0xC0, 0x07, 0xC0, 0x07, 0xC0, 0x07, 0xC0,
    0x07, 0xC0, 0x07, 0xC0, 0x07, 0xC0, 0x07, 0xC0, 0x07, 0xC0, 0x07, 0xC0, 0x07, 0xC0, 0x07, 0xC0,
    0x07, 0xC0, 0x07, 0xC0, 0x07, 0xC0, 0x07, 0xC0, 0x07, 0xC0, 0x07, 0xC0, 0x07, 0xC0, 0x07, 0xC0,
    0x07, 0xC0, 0x07, 0xC0, 0x07, 0xC0, 0x07, 0xC0, 0x07, 0xC0, 0x07, 0xC0, 0x07, 0xC0, 0x07, 0xC0,
    0x07, 0xC0, 0x07, 0xC0, 0x07, 0xC0, 0x07, 0xC0, 0x07, 0xC0, 0x07, 0xC0, 0x07, 0xC0, 0x07, 0xC0,
    0x07, 0xC0, 0x07, 0xC0, 0x07, 0xC0, 0x07, 0xC0, 0x07, 0xC0, 0x07, 0xC0, 0x07, 0xC0, 0x07, 0xC0,
    0x07, 0xC0, 0x07, 0xC0, 0x07, 0xC0, 0x07, 0xC0, 0x07, 0xC0, 0x07, 0xC0, 0x07, 0xC0, 0x00, 0x00,
    0x00, 0x00, 0x00, 0x00, 0x00, 0x00, 0x00, 0x00, 0x00, 0x00, 0x00, 0x00, 0x00, 0x00, 0x00, 0x00,
    0x00, 0x00, 0x00, 0x00, 0x00, 0x00, 0x00, 0x00, 0x00, 0x00, 0x00, 0x00, 0x00, 0x00, 0x00, 0x00,
    0x00, 0x00, 0x00, 0x00, 0x00, 0x00, 0x00, 0x00, 0x00, 0x00, 0x00, 0x00, 0x00, 0x00, 0x00, 0x00,
    0x00, 0x00, 0x00, 0x00, 0x00, 0x00, 0x00, 0x00, 0x00, 0x00, 0x00, 0x00, 0x00, 0x00, 0x00, 0x00,
    0x00, 0x00, 0x00, 0x00, 0x00, 0x00, 0x00, 0x00, 0x00, 0x3F, 0xC0, 0x00, 0x3F, 0xF0, 0x00, 0x3F,
    0xF0, 0x00, 0x3F, 0xF8, 0x00, 0x3F, 0xF8, 0x00, 0x01, 0xF8, 0x00, 0x00, 0xF8, 0x00, 0x00, 0xFC,
    0x00, 0x00, 0xFC, 0x00, 0x00, 0xFC, 0x00, 0x00, 0xFC, 0x00, 0x00, 0xFC, 0x00, 0x00, 0xFC, 0x00,
    0x00, 0xFC, 0x00, 0x00, 0xFC, 0x00, 0x00, 0xFC, 0x00, 0x00, 0xFC, 0x00, 0x00, 0xFC, 0x00, 0x00,
    0xFC, 0x00, 0x00, 0xFC, 0x00, 0x00, 0xFC, 0x00, 0x00, 0x7C, 0x00, 0x00, 0x7E, 0x00, 0x00, 0x3F,
    0xC0, 0x00, 0x1F, 0xC0, 0x00, 0x07, 0xC0, 0x00, 0x1F, 0xC0, 0x00, 0x3F, 0xC0, 0x00, 0x7F, 0x00,
    0x00, 0x7C, 0x00, 0x00, 0xFC, 0x00, 0x00, 0xFC, 0x00, 0x00, 0xFC, 0x00, 0x00, 0xFC, 0x00, 0x00,
    0xFC, 0x00, 0x00, 0xFC, 0x00, 0x00, 0xFC, 0x00, 0x00, 0xFC, 0x00, 0x00, 0xFC, 0x00, 0x00, 0xFC,
    0x00, 0x00, 0xFC, 0x00, 0x00, 0xFC, 0x00, 0x00, 0xFC, 0x00, 0x00, 0xFC, 0x00, 0x00, 0xF8, 0x00,
    0x00, 0xF8, 0x00, 0x01, 0xF8, 0x00, 0x3F, 0xF8, 0x00, 0x3F, 0xF8, 0x00, 0x3F, 0xF0, 0x00, 0x3F,
    0xF0, 0x00, 0x3F, 0xC0, 0x00, 0x00, 0x00, 0x00, 0x00, 0x00, 0x00, 0x00, 0x00, 0x00, 0x00, 0x00,
    0x00, 0x00, 0x00, 0x00, 0x00, 0x00, 0x00, 0x00, 0x00, 0x00, 0x00, 0x00, 0x00, 0x00, 0x00, 0x00,
    0x00, 0x00, 0x00, 0x00, 0x00, 0x00, 0x00, 0x00, 0x00, 0x00, 0x00, 0x00, 0x00, 0x00, 0x00, 0x00,
    0x00, 0x00, 0x00, 0x00, 0x00, 0x00, 0x00, 0x00, 0x00, 0x00, 0x00, 0x00, 0x00, 0x00, 0x00, 0x00,
    0x00, 0x00, 0x00, 0x00, 0x00, 0x00, 0x00, 0x00, 0x00, 0x00, 0x00, 0x00, 0x00, 0x00, 0x00, 0x00,
    0x00, 0x00, 0x00, 0x00, 0x00, 0x00, 0x00, 0x00, 0x00, 0x00, 0x00, 0x00, 0x00, 0x00, 0x00, 0x00,
    0x00, 0x00, 0x00, 0x00, 0x00, 0x00, 0x00, 0x00, 0x00, 0x00, 0x00, 0x00, 0x00, 0x00, 0x00, 0x00,
    0x00, 0x00, 0x00, 0x00, 0x00, 0x00, 0x00, 0x00, 0x00, 0x00, 0x00, 0x00, 0x00, 0x00, 0x00, 0x00,
    0x00, 0x00, 0x00, 0x00, 0x00, 0x00, 0x00, 0x00, 0x00, 0x00, 0x00, 0x00, 0x00, 0x00, 0x00, 0x00,
    0x00, 0x00, 0x00, 0x00, 0x00, 0x00, 0x00, 0x00, 0x00, 0x00, 0x00, 0x00, 0x00, 0x00, 0x00, 0x00,
    0x00, 0x00, 0x00, 0x00, 0x00, 0x00, 0x00, 0x00, 0x00, 0x00, 0x00, 0x00, 0x00, 0x00, 0x00, 0x00,
    0x00, 0x00, 0x00, 0x00, 0x00, 0x00, 0x00, 0x00, 0x00, 0x00, 0x00, 0x00, 0x00, 0x00, 0x00, 0x00,
    0x00, 0x00, 0x00, 0x00, 0x00, 0x00, 0x00, 0x00, 0x00, 0x00, 0x00, 0x00, 0x00, 0x00, 0x00, 0x00,
    0x00, 0x00, 0x00, 0x00, 0x00, 0x00, 0x00, 0x00, 0x00, 0x00, 0x00, 0x00, 0x00, 0x00, 0x00, 0x00,
    0x00, 0x00, 0x00, 0x00, 0x00, 0x00, 0x00, 0x00, 0x00, 0x00, 0x00, 0x00, 0x00, 0x00, 0xFE, 0x00,
    0x08, 0x00, 0x03, 0xFF, 0xC0, 0x0F, 0x80, 0x07, 0xFF, 0xF8, 0x1F, 0x80, 0x0F, 0xFF, 0xFF, 0xFF,
    0x00, 0x1F, 0xFF, 0xFF, 0xFF, 0x00, 0x1F, 0x81, 0xFF, 0xFE, 0x00, 0x1F, 0x00, 0x3F, 0xFC, 0x00,
    0x02, 0x00, 0x07, 0xF0, 0x00, 0x00, 0x00, 0x00, 0x00, 0x00, 0x00, 0x00, 0x00, 0x00, 0x00, 0x00,
    0x00, 0x00, 0x00, 0x00, 0x00, 0x00, 0x00, 0x00, 0x00, 0x00, 0x00, 0x00, 0x00, 0x00, 0x00, 0x00,
    0x00, 0x00, 0x00, 0x00, 0x00, 0x00, 0x00, 0x00, 0x00, 0x00, 0x00, 0x00, 0x00, 0x00, 0x00, 0x00,
    0x00, 0x00, 0x00, 0x00, 0x00, 0x00, 0x00, 0x00, 0x00, 0x00, 0x00, 0x00, 0x00, 0x00, 0x00, 0x00,
    0x00, 0x00, 0x00, 0x00, 0x00, 0x00, 0x00, 0x00, 0x00, 0x00, 0x00, 0x00, 0x00, 0x00, 0x00, 0x00,
    0x00, 0x00, 0x00, 0x00, 0x00, 0x00, 0x00, 0x00, 0x00, 0x00, 0x00, 0x00, 0x00, 0x00, 0x00, 0x00,
    0x00, 0x00, 0x00, 0x00, 0x00, 0x00, 0x00, 0x00, 0x00, 0x00, 0x00, 0x00, 0x00, 0x00, 0x00, 0x00,
    0x00, 0x00, 0x00, 0x00, 0x00, 0x00, 0x00, 0x00, 0x00, 0x00, 0x00, 0x00, 0x00, 0x00, 0x00, 0x00,
    0x00, 0x00, 0x00, 0x00, 0x00, 0x00, 0x00, 0x00, 0x00, 0x00, 0x00, 0x00, 0x00, 0x00, 0x00, 0x00,
    0x00, 0x00, 0x00, 0x00, 0x00, 0x00, 0x00, 0x00, 0x00, 0x00, 0x00, 0x00, 0x00, 0x00, 0x00, 0x00,
};

static const FontGlyph font_xxlarge_glyphs[] = {
    {0, 18, 18, 0},  // ' '
    {240, 18, 18, 0},  // '!'
    {480, 19, 19, 0},  // '"'
    {720, 42, 42, 0},  // '#'
    {1200, 38, 38, 0},  // '$'
    {1600, 59, 59, 0},  // '%'
    {2240, 45, 45, 0},  // '&'
    {2720, 10, 10, 0},  // '''
    {2880, 19, 19, 0},  // '('
    {3120, 19, 19, 0},  // ')'
    {3360, 28, 28, 0},  // '*'
    {3680, 39, 39, 0},  // '+'
    {4080, 13, 13, 0},  // ','
    {4240, 24, 24, 0},  // '-'
    {4480, 13, 13, 0},  // '.'
    {4640, 24, 24, 0},  // '/'
    {4880, 41, 41, 0},  // '0'
    {5360, 26, 26, 0},  // '1'
    {5680, 35, 35, 0},  // '2'
    {6080, 37, 37, 0},  // '3'
    {6480, 39, 39, 0},  // '4'
    {6880, 37, 37, 0},  // '5'
    {7280, 38, 38, 0},  // '6'
    {7680, 33, 33, 0},  // '7'
    {8080, 39, 39, 0},  // '8'
    {8480, 38, 38, 0},  // '9'
    {8880, 13, 13, 0},  // ':'
    {9040, 13, 13, 0},  // ';'
    {9200, 35, 35, 0},  // '<'
    {9600, 39, 39, 0},  // '='
    {10000, 35, 35, 0},  // '>'
    {10400, 33, 33, 0},  // '?'
    {10800, 50, 50, 0},  // '@'
    {11360, 40, 40, 0},  // 'A'
    {11760, 40, 40, 0},  // 'B'
    {12160, 42, 42, 0},  // 'C'
    {12640, 43, 43, 0},  // 'D'
    {13120, 36, 36, 0},  // 'E'
    {13520, 35, 35, 0},  // 'F'
    {13920, 45, 45, 0},  // 'G'
    {14400, 44, 44, 0},  // 'H'
    {14880, 27, 27, 0},  // 'I'
    {15200, 33, 33, 0},  // 'J'
    {15600, 40, 40, 0},  // 'K'
    {16000, 35, 35, 0},  // 'L'
    {16400, 52, 52, 0},  // 'M'
    {16960, 44, 44, 0},  // 'N'
    {17440, 47, 47, 0},  // 'O'
    {17920, 38, 38, 0},  // 'P'
    {18320, 49, 48, 0},  // 'Q'
    {18880, 40, 40, 0},  // 'R'
    {19280, 38, 38, 0},  // 'S'
    {19680, 36, 36, 0},  // 'T'
    {20080, 44, 44, 0},  // 'U'
    {20560, 38, 38, 0},  // 'V'
    {20960, 54, 54, 0},  // 'W'
    {21520, 40, 40, 0},  // 'X'
    {21920, 38, 38, 0},  // 'Y'
    {22320, 39, 39, 0},  // 'Z'
    {22720, 20, 20, 0},  // '['
    {22960, 24, 24, 0},  // '\'
    {23200, 20, 20, 0},  // ']'
    {23440, 35, 35, 0},  // '^'
    {23840, 25, 25, 0},  // '_'
    {24160, 17, 17, 0},  // '`'
    {24400, 34, 34, 0},  // 'a'
    {24800, 36, 36, 0},  // 'b'
    {25200, 32, 32, 0},  // 'c'
    {25520, 36, 36, 0},  // 'd'
    {25920, 35, 35, 0},  // 'e'
    {26320, 20, 20, 0},  // 'f'
    {26560, 36, 36, 0},  // 'g'
    {26960, 35, 35, 0},  // 'h'
    {27360, 18, 18, 0},  // 'i'
    {27600, 20, 16, -4},  // 'j'
    {27840, 31, 31, 0},  // 'k'
    {28160, 15, 15, 0},  // 'l'
    {28320, 54, 54, 0},  // 'm'
    {28880, 35, 35, 0},  // 'n'
    {29280, 35, 35, 0},  // 'o'
    {29680, 36, 36, 0},  // 'p'
    {30080, 41, 37, 0},  // 'q'
    {30560, 22, 22, 0},  // 'r'
    {30800, 30, 30, 0},  // 's'
    {31120, 21, 21, 0},  // 't'
    {31360, 34, 34, 0},  // 'u'
    {31760, 29, 28, 0},  // 'v'
    {32080, 42, 42, 0},  // 'w'
    {32560, 30, 30, 0},  // 'x'
    {32880, 28, 27, 0},  // 'y'
    {33200, 29, 29, 0},  // 'z'
    {33520, 20, 20, 0},  // '{'
    {33760, 15, 15, 0},  // '|'
    {33920, 20, 20, 0},  // '}'
    {34160, 36, 36, 0},  // '~'
};

static const Font font_xxlarge = {
    80, 61, 88, 32, 126,
    font_xxlarge_glyphs, font_xxlarge_bitmap,
};
