// =============================================================================
// INTER_HEADING BITMAP FONT
// =============================================================================
// Generated by tools/gen_font.py from Inter-Bold.ttf at 39 px, the size that gives the
// large face its 29 px capital. Do not edit; rerun the generator instead.
#pragma once

#include "ui/font.h"

static const uint8_t inter_heading_bitmap[] = {
    0x00, 0x00, 0x00, 0x00, 0x00, 0x00, 0x00, 0x00, 0x00, 0x00, 0x00, 0x00, 0x00, 0x00, 0x00, 0x00,
    0x00, 0x00, 0x00, 0x00, 0x00, 0x00, 0x00, 0x00, 0x00, 0x00, 0x00, 0x00, 0x00, 0x00, 0x00, 0x00,
    0x00, 0x00, 0x00, 0x00, 0x00, 0x00, 0x00, 0x00, 0x00, 0x00, 0x00, 0x00, 0x00, 0x00, 0x00, 0x00,
    0x00, 0x00, 0x00, 0x00, 0x00, 0x00, 0x00, 0x00, 0x00, 0x00, 0x00, 0x00, 0x00, 0x00, 0x00, 0x00,
    0x00, 0x00, 0x00, 0x00, 0x00, 0x00, 0x00, 0x00, 0x00, 0x00, 0x00, 0x00, 0x00, 0x00, 0x00, 0x00,
    0x00, 0x00, 0x00, 0x00, 0x00, 0x00, 0x00, 0x00, 0x00, 0x00, 0x00, 0x00, 0x00, 0x00, 0x00, 0x00,
    0x00, 0x00, 0x00, 0x00, 0x00, 0x00, 0x00, 0x00, 0x00, 0x00, 0x00, 0x00, 0x00, 0x00, 0x00, 0x00,
    0x00, 0x00, 0x00, 0x00, 0x00, 0x00, 0x00, 0x00, 0x1F, 0x80, 0x1F, 0x80, 0x1F, 0x80, 0x1F, 0x80,
    0x1F, 0x80, 0x1F, 0x80, 0x1F, 0x80, 0x1F, 0x80, 0x1F, 0x80, 0x1F, 0x80, 0x1F, 0x80, 0x1F, 0x80,
    0x1F, 0x80, 0x1F, 0x80, 0x1F, 0x80, 0x1F, 0x80, 0x1F, 0x80, 0x1F, 0x80, 0x1F, 0x80, 0x1F, 0x80,
    0x00, 0x00, 0x00, 0x00, 0x07, 0x00, 0x0F, 0x80, 0x1F, 0xC0, 0x1F, 0xC0, 0x1F, 0xC0, 0x0F, 0x80,
    0x07, 0x00, 0x00, 0x00, 0x00, 0x00, 0x00, 0x00, 0x00, 0x00, 0x00, 0x00, 0x00, 0x00, 0x00, 0x00,
    0x00, 0x00, 0x00, 0x00, 0x00, 0x00, 0x00, 0x00, 0x00, 0x00, 0x00, 0x00, 0x00, 0x00, 0x00, 0x00,
    0x00, 0x00, 0x00, 0x00, 0x00, 0x00, 0x00, 0x00, 0x00, 0x00, 0x00, 0x00, 0x00, 0x00, 0x00, 0x00,
    0x00, 0x00, 0x00, 0x00, 0x00, 0x00, 0x0F, 0x8F, 0x80, 0x0F, 0x8F, 0x80, 0x0F, 0x8F, 0x80, 0x0F,
    0x8F, 0x80, 0x0F, 0x8F, 0x80, 0x0F, 0x8F, 0x80, 0x0F, 0x8F, 0x80, 0x0F, 0x8F, 0x80, 0x0F, 0x8F,
    0x80, 0x0F, 0x8F, 0x80, 0x0F, 0x8F, 0x80, 0x0F, 0x8F, 0x80, 0x00, 0x00, 0x00, 0x00, 0x00, 0x00,
    0x00, 0x00, 0x00, 0x00, 0x00, 0x00, 0x00, 0x00, 0x00, 0x00, 0x00, 0x00, 0x00, 0x00, 0x00, 0x00,
    0x00, 0x00, 0x00, 0x00, 0x00, 0x00, 0x00, 0x00, 0x00, 0x00, 0x00, 0x00, 0x00, 0x00, 0x00, 0x00,
    0x00, 0x00, 0x00, 0x00, 0x00, 0x00, 0x00, 0x00, 0x00, 0x00, 0x00, 0x00, 0x00, 0x00, 0x00, 0x00,
    0x00, 0x00, 0x00, 0x00, 0x00, 0x00, 0x00, 0x00, 0x00, 0x00, 0x00, 0x00, 0x00, 0x00, 0x00, 0x00,
    0x00, 0x00, 0x00, 0x00, 0x00, 0x00, 0x00, 0x00, 0x00, 0x00, 0x00, 0x00, 0x00, 0x00, 0x00, 0x00,
    0x00, 0x00, 0x00, 0x00, 0x00, 0x00, 0x00, 0x00, 0x00, 0x00, 0x00, 0x00, 0x00, 0x00, 0x00, 0x00,
    0x00, 0x00, 0x00, 0x00, 0x00, 0x00, 0x00, 0x00, 0x00, 0x00, 0x00, 0x00, 0x00, 0x00, 0x00, 0x00,
    0x00, 0x00, 0x00, 0x00, 0x00, 0x00, 0x00, 0xF0, 0x3C, 0x00, 0x00, 0xF0, 0x3C, 0x00, 0x01, 0xF0,
    0x7C, 0x00, 0x01, 0xF0, 0x7C, 0x00, 0x01, 0xE0, 0x78, 0x00, 0x01, 0xE0, 0x78, 0x00, 0x01, 0xE0,
    0x78, 0x00, 0x1F, 0xFF, 0xFF, 0x80, 0x1F, 0xFF, 0xFF, 0x80, 0x3F, 0xFF, 0xFF, 0x80, 0x3F, 0xFF,
    0xFF, 0x00, 0x3F, 0xFF, 0xFF, 0x00, 0x03, 0xC0, 0xF0, 0x00, 0x03, 0xC0, 0xF0, 0x00, 0x07, 0xC1,
    0xF0, 0x00, 0x07, 0xC1, 0xF0, 0x00, 0x07, 0xC1, 0xF0, 0x00, 0x7F, 0xFF, 0xFE, 0x00, 0x7F, 0xFF,
    0xFE, 0x00, 0x7F, 0xFF, 0xFE, 0x00, 0x7F, 0xFF, 0xFE, 0x00, 0xFF, 0xFF, 0xFE, 0x00, 0x0F, 0x83,
    0xE0, 0x00, 0x0F, 0x03, 0xC0, 0x00, 0x0F, 0x03, 0xC0, 0x00, 0x0F, 0x03, 0xC0, 0x00, 0x0F, 0x03,
    0xC0, 0x00, 0x1F, 0x07, 0xC0, 0x00, 0x1F, 0x07, 0xC0, 0x00, 0x00, 0x00, 0x00, 0x00, 0x00, 0x00,
    0x00, 0x00, 0x00, 0x00, 0x00, 0x00, 0x00, 0x00, 0x00, 0x00, 0x00, 0x00, 0x00, 0x00, 0x00, 0x00,
    0x00, 0x00, 0x00, 0x00, 0x00, 0x00, 0x00, 0x00, 0x00, 0x00, 0x00, 0x00, 0x00, 0x00, 0x00, 0x00,
    0x00, 0x00, 0x00, 0x00, 0x00, 0x00, 0x00, 0x00, 0x00, 0x00, 0x00, 0x00, 0x00, 0x00, 0x00, 0x00,
    0x00, 0x00, 0x00, 0x00, 0x00, 0x00, 0x00, 0x00, 0x00, 0x00, 0x00, 0x0C, 0x00, 0x00, 0x00, 0x0C,
    0x00, 0x00, 0x00, 0x0C, 0x00, 0x00, 0x00, 0x0C, 0x00, 0x00, 0x00, 0x0C, 0x00, 0x00, 0x00, 0x7F,
    0x80, 0x00, 0x03, 0xFF, 0xE0, 0x00, 0x07, 0xFF, 0xF8, 0x00, 0x0F, 0xFF, 0xFC, 0x00, 0x1F, 0xFF,
    0xFC, 0x00, 0x1F, 0x8C, 0xFE, 0x00, 0x3F, 0x0C, 0x7E, 0x00, 0x3F, 0x0C, 0x3E, 0x00, 0x3F, 0x0C,
    0x00, 0x00, 0x3F, 0x0C, 0x00, 0x00, 0x3F, 0xCC, 0x00, 0x00, 0x1F, 0xFC, 0x00, 0x00, 0x1F, 0xFF,
    0x80, 0x00, 0x0F, 0xFF, 0xE0, 0x00, 0x07, 0xFF, 0xF8, 0x00, 0x01, 0xFF, 0xFC, 0x00, 0x00, 0x3F,
    0xFE, 0x00, 0x00, 0x0F, 0xFE, 0x00, 0x00, 0x0C, 0x7F, 0x00, 0x00, 0x0C, 0x3F, 0x00, 0x7E, 0x0C,
    0x3F, 0x00, 0x3E, 0x0C, 0x3F, 0x00, 0x3F, 0x0C, 0x7F, 0x00, 0x3F, 0x8C, 0xFE, 0x00, 0x1F, 0xFF,
    0xFE, 0x00, 0x1F, 0xFF, 0xFC, 0x00, 0x0F, 0xFF, 0xF8, 0x00, 0x03, 0xFF, 0xF0, 0x00, 0x00, 0xFF,
    0x80, 0x00, 0x00, 0x0C, 0x00, 0x00, 0x00, 0x0C, 0x00, 0x00, 0x00, 0x0C, 0x00, 0x00, 0x00, 0x0C,
    0x00, 0x00, 0x00, 0x00, 0x00, 0x00, 0x00, 0x00, 0x00, 0x00, 0x00, 0x00, 0x00, 0x00, 0x00, 0x00,
    0x00, 0x00, 0x00, 0x00, 0x00, 0x00, 0x00, 0x00, 0x00, 0x00, 0x00, 0x00, 0x00, 0x00, 0x00, 0x00,
    0x00, 0x00, 0x00, 0x00, 0x00, 0x00, 0x00, 0x00, 0x00, 0x00, 0x00, 0x00, 0x00, 0x00, 0x00, 0x00,
    0x00, 0x00, 0x00, 0x00, 0x00, 0x00, 0x00, 0x00, 0x00, 0x00, 0x00, 0x00, 0x00, 0x00, 0x00, 0x00,
    0x00, 0x00, 0x00, 0x00, 0x00, 0x00, 0x00, 0x00, 0x00, 0x00, 0x00, 0x00, 0x00, 0x00, 0x00, 0x00,
    0x00, 0x00, 0x00, 0x00, 0x00, 0x00, 0x00, 0x00, 0x00, 0x00, 0x01, 0xF8, 0x00, 0x1F, 0x00, 0x00,
    0x03, 0xFC, 0x00, 0x1E, 0x00, 0x00, 0x07, 0xFE, 0x00, 0x3E, 0x00, 0x00, 0x07, 0xFE, 0x00, 0x7C,
    0x00, 0x00, 0x0F, 0x9F, 0x00, 0x78, 0x00, 0x00, 0x0F, 0x0F, 0x00, 0xF0, 0x00, 0x00, 0x0F, 0x0F,
    0x01, 0xF0, 0x00, 0x00, 0x0F, 0x0F, 0x01, 0xE0, 0x00, 0x00, 0x0F, 0x0F, 0x03, 0xC0, 0x00, 0x00,
    0x0F, 0x9F, 0x07, 0xC0, 0x00, 0x00, 0x0F, 0xFE, 0x07, 0x80, 0x00, 0x00, 0x07, 0xFE, 0x0F, 0x00,
    0x00, 0x00, 0x03, 0xFC, 0x1F, 0x00, 0x00, 0x00, 0x01, 0xF8, 0x1E, 0x00, 0x00, 0x00, 0x00, 0x00,
    0x3C, 0x00, 0x00, 0x00, 0x00, 0x00, 0x78, 0x0F, 0x80, 0x00, 0x00, 0x00, 0x78, 0x3F, 0xE0, 0x00,
    0x00, 0x00, 0xF0, 0x7F, 0xF0, 0x00, 0x00, 0x01, 0xE0, 0x7F, 0xF0, 0x00, 0x00, 0x01, 0xE0, 0xF8,
    0xF8, 0x00, 0x00, 0x03, 0xC0, 0xF0, 0x78, 0x00, 0x00, 0x07, 0x80, 0xF0, 0x78, 0x00, 0x00, 0x07,
    0x80, 0xF0, 0x78, 0x00, 0x00, 0x0F, 0x00, 0xF0, 0x78, 0x00, 0x00, 0x1E, 0x00, 0xF8, 0xF8, 0x00,
    0x00, 0x1C, 0x00, 0x7F, 0xF0, 0x00, 0x00, 0x3C, 0x00, 0x7F, 0xF0, 0x00, 0x00, 0x78, 0x00, 0x3F,
    0xE0, 0x00, 0x00, 0x70, 0x00, 0x0F, 0x80, 0x00, 0x00, 0x00, 0x00, 0x00, 0x00, 0x00, 0x00, 0x00,
    0x00, 0x00, 0x00, 0x00, 0x00, 0x00, 0x00, 0x00, 0x00, 0x00, 0x00, 0x00, 0x00, 0x00, 0x00, 0x00,
    0x00, 0x00, 0x00, 0x00, 0x00, 0x00, 0x00, 0x00, 0x00, 0x00, 0x00, 0x00, 0x00, 0x00, 0x00, 0x00,
    0x00, 0x00, 0x00, 0x00, 0x00, 0x00, 0x00, 0x00, 0x00, 0x00, 0x00, 0x00, 0x00, 0x00, 0x00, 0x00,
    0x00, 0x00, 0x00, 0x00, 0x00, 0x00, 0x00, 0x00, 0x00, 0x00, 0x00, 0x00, 0x00, 0x00, 0x00, 0x00,
    0x00, 0x00, 0x00, 0x00, 0x00, 0x00, 0x00, 0x00, 0x00, 0x00, 0x00, 0x00, 0x00, 0x00, 0x00, 0x00,
    0x00, 0x00, 0x00, 0x00, 0x00, 0x00, 0x00, 0x00, 0x00, 0x00, 0x00, 0x00, 0x00, 0x00, 0x00, 0x00,
    0x00, 0x00, 0x00, 0x7E, 0x00, 0x00, 0x01, 0xFF, 0x80, 0x00, 0x03, 0xFF, 0xC0, 0x00, 0x07, 0xFF,
    0xE0, 0x00, 0x07, 0xFF, 0xF0, 0x00, 0x0F, 0xC3, 0xF0, 0x00, 0x0F, 0x81, 0xF0, 0x00, 0x0F, 0x81,
    0xF0, 0x00, 0x0F, 0x83, 0xF0, 0x00, 0x0F, 0xC3, 0xE0, 0x00, 0x07, 0xCF, 0xE0, 0x00, 0x07, 0xFF,
    0xC0, 0x00, 0x03, 0xFF, 0x80, 0x00, 0x03, 0xFF, 0x00, 0x00, 0x03, 0xFC, 0x00, 0x00, 0x07, 0xFE,
    0x0F, 0x80, 0x0F, 0xFF, 0x0F, 0x80, 0x1F, 0xFF, 0x0F, 0x80, 0x3F, 0x9F, 0x9F, 0x80, 0x3F, 0x0F,
    0xDF, 0x00, 0x3F, 0x07, 0xFF, 0x00, 0x3F, 0x03, 0xFF, 0x00, 0x3F, 0x01, 0xFE, 0x00, 0x3F, 0x81,
    0xFE, 0x00, 0x1F, 0xFF, 0xFE, 0x00, 0x1F, 0xFF, 0xFF, 0x00, 0x0F, 0xFF, 0xFF, 0x00, 0x03, 0xFF,
    0xDF, 0x80, 0x00, 0xFE, 0x0F, 0xC0, 0x00, 0x00, 0x00, 0x00, 0x00, 0x00, 0x00, 0x00, 0x00, 0x00,
    0x00, 0x00, 0x00, 0x00, 0x00, 0x00, 0x00, 0x00, 0x00, 0x00, 0x00, 0x00, 0x00, 0x00, 0x00, 0x00,
    0x00, 0x00, 0x00, 0x00, 0x00, 0x00, 0x00, 0x00, 0x00, 0x00, 0x00, 0x00, 0x00, 0x00, 0x00, 0x00,
    0x00, 0x00, 0x00, 0x00, 0x00, 0x00, 0x00, 0x00, 0x00, 0x00, 0x00, 0x00, 0x00, 0x00, 0x00, 0x00,
    0x00, 0x00, 0x00, 0x00, 0x00, 0x00, 0x0F, 0x80, 0x0F, 0x80, 0x0F, 0x80, 0x0F, 0x80, 0x0F, 0x80,
    0x0F, 0x80, 0x0F, 0x80, 0x0F, 0x80, 0x0F, 0x80, 0x0F, 0x80, 0x0F, 0x80, 0x0F, 0x80, 0x00, 0x00,
    0x00, 0x00, 0x00, 0x00, 0x00, 0x00, 0x00, 0x00, 0x00, 0x00, 0x00, 0x00, 0x00, 0x00, 0x00, 0x00,
    0x00, 0x00, 0x00, 0x00, 0x00, 0x00, 0x00, 0x00, 0x00, 0x00, 0x00, 0x00, 0x00, 0x00, 0x00, 0x00,
    0x00, 0x00, 0x00, 0x00, 0x00, 0x00, 0x00, 0x00, 0x00, 0x00, 0x00, 0x00, 0x00, 0x00, 0x00, 0x00,
    0x00, 0x00, 0x00, 0x00, 0x00, 0x00, 0x00, 0x00, 0x00, 0x00, 0x00, 0x00, 0x00, 0x00, 0x00, 0x00,
    0x00, 0x00, 0x00, 0x00, 0x00, 0x00, 0x00, 0xF8, 0x01, 0xF8, 0x01, 0xF0, 0x03, 0xF0, 0x03, 0xE0,
    0x07, 0xE0, 0x07, 0xE0, 0x07, 0xE0, 0x0F, 0xC0, 0x0F, 0xC0, 0x0F, 0xC0, 0x0F, 0xC0, 0x0F, 0x80,
    0x1F, 0x80, 0x1F, 0x80, 0x1F, 0x80, 0x1F, 0x80, 0x1F, 0x80, 0x1F, 0x80, 0x1F, 0x80, 0x1F, 0x80,
    0x1F, 0x80, 0x1F, 0x80, 0x1F, 0x80, 0x0F, 0x80, 0x0F, 0xC0, 0x0F, 0xC0, 0x0F, 0xC0, 0x07, 0xC0,
    0x07, 0xE0, 0x07, 0xE0, 0x03, 0xE0, 0x03, 0xF0, 0x01, 0xF0, 0x01, 0xF8, 0x00, 0xF8, 0x00, 0x00,
    0x00, 0x00, 0x00, 0x00, 0x00, 0x00, 0x00, 0x00, 0x00, 0x00, 0x00, 0x00, 0x00, 0x00, 0x00, 0x00,
    0x00, 0x00, 0x00, 0x00, 0x00, 0x00, 0x00, 0x00, 0x00, 0x00, 0x3E, 0x00, 0x3F, 0x00, 0x1F, 0x00,
    0x1F, 0x80, 0x1F, 0x80, 0x0F, 0x80, 0x0F, 0xC0, 0x0F, 0xC0, 0x07, 0xC0, 0x07, 0xE0, 0x07, 0xE0,
    0x07, 0xE0, 0x07, 0xE0, 0x03, 0xE0, 0x03, 0xF0, 0x03, 0xF0, 0x03, 0xF0, 0x03, 0xF0, 0x03, 0xF0,
    0x03, 0xF0, 0x03, 0xF0, 0x03, 0xF0, 0x03, 0xF0, 0x03, 0xE0, 0x07, 0xE0, 0x07, 0xE0, 0x07, 0xE0,
    0x07, 0xE0, 0x0F, 0xC0, 0x0F, 0xC0, 0x0F, 0xC0, 0x1F, 0x80, 0x1F, 0x80, 0x1F, 0x00, 0x3F, 0x00,
    0x3E, 0x00, 0x00, 0x00, 0x00, 0x00, 0x00, 0x00, 0x00, 0x00, 0x00, 0x00, 0x00, 0x00, 0x00, 0x00,
    0x00, 0x00, 0x00, 0x00, 0x00, 0x00, 0x00, 0x00, 0x00, 0x00, 0x00, 0x00, 0x00, 0x00, 0x00, 0x00,
    0x00, 0x00, 0x00, 0x00, 0x00, 0x00, 0x00, 0x00, 0x00, 0x00, 0x00, 0x00, 0x00, 0x70, 0x00, 0x00,
    0x70, 0x00, 0x00, 0x70, 0x00, 0x0C, 0x71, 0x80, 0x1F, 0x77, 0xC0, 0x1F, 0xFF, 0xC0, 0x07, 0xFF,
    0x00, 0x01, 0xFC, 0x00, 0x01, 0xFC, 0x00, 0x07, 0xFF, 0x00, 0x1F, 0xFF, 0xC0, 0x1F, 0x77, 0xC0,
    0x0C, 0x71, 0x80, 0x00, 0x70, 0x00, 0x00, 0x70, 0x00, 0x00, 0x70, 0x00, 0x00, 0x00, 0x00, 0x00,
    0x00, 0x00, 0x00, 0x00, 0x00, 0x00, 0x00, 0x00, 0x00, 0x00, 0x00, 0x00, 0x00, 0x00, 0x00, 0x00,
    0x00, 0x00, 0x00, 0x00, 0x00, 0x00, 0x00, 0x00, 0x00, 0x00, 0x00, 0x00, 0x00, 0x00, 0x00, 0x00,
    0x00, 0x00, 0x00, 0x00, 0x00, 0x00, 0x00, 0x00, 0x00, 0x00, 0x00, 0x00, 0x00, 0x00, 0x00, 0x00,
    0x00, 0x00, 0x00, 0x00, 0x00, 0x00, 0x00, 0x00, 0x00, 0x00, 0x00, 0x00, 0x00, 0x00, 0x00, 0x00,
    0x00, 0x00, 0x00, 0x00, 0x00, 0x00, 0x00, 0x00, 0x00, 0x00, 0x00, 0x00, 0x00, 0x00, 0x00, 0x00,
    0x00, 0x00, 0x00, 0x00, 0x00, 0x00, 0x00, 0x00, 0x00, 0x00, 0x00, 0x00, 0x00, 0x00, 0x00, 0x00,
    0x00, 0x00, 0x00, 0x00, 0x00, 0x00, 0x00, 0x00, 0x00, 0x00, 0x00, 0x00, 0x00, 0x00, 0x00, 0x00,
    0x00, 0x00, 0x00, 0x00, 0x00, 0x00, 0x00, 0x00, 0x00, 0x00, 0x00, 0x00, 0x00, 0x00, 0x00, 0x00,
    0x00, 0x00, 0x00, 0x00, 0x00, 0x00, 0x00, 0x00, 0x00, 0x1F, 0x00, 0x00, 0x00, 0x1F, 0x00, 0x00,
    0x00, 0x1F, 0x00, 0x00, 0x00, 0x1F, 0x00, 0x00, 0x00, 0x1F, 0x00, 0x00, 0x00, 0x1F, 0x00, 0x00,
    0x00, 0x1F, 0x00, 0x00, 0x0F, 0xFF, 0xFE, 0x00, 0x1F, 0xFF, 0xFE, 0x00, 0x1F, 0xFF, 0xFE, 0x00,
    0x1F, 0xFF, 0xFE, 0x00, 0x1F, 0xFF, 0xFE, 0x00, 0x00, 0x1F, 0x00, 0x00, 0x00, 0x1F, 0x00, 0x00,
    0x00, 0x1F, 0x00, 0x00, 0x00, 0x1F, 0x00, 0x00, 0x00, 0x1F, 0x00, 0x00, 0x00, 0x1F, 0x00, 0x00,
    0x00, 0x1F, 0x00, 0x00, 0x00, 0x1F, 0x00, 0x00, 0x00, 0x00, 0x00, 0x00, 0x00, 0x00, 0x00, 0x00,
    0x00, 0x00, 0x00, 0x00, 0x00, 0x00, 0x00, 0x00, 0x00, 0x00, 0x00, 0x00, 0x00, 0x00, 0x00, 0x00,
    0x00, 0x00, 0x00, 0x00, 0x00, 0x00, 0x00, 0x00, 0x00, 0x00, 0x00, 0x00, 0x00, 0x00, 0x00, 0x00,
    0x00, 0x00, 0x00, 0x00, 0x00, 0x00, 0x00, 0x00, 0x00, 0x00, 0x00, 0x00, 0x00, 0x00, 0x00, 0x00,
    0x00, 0x00, 0x00, 0x00, 0x00, 0x00, 0x00, 0x00, 0x00, 0x00, 0x00, 0x00, 0x00, 0x00, 0x00, 0x00,
    0x00, 0x00, 0x00, 0x00, 0x00, 0x00, 0x00, 0x00, 0x00, 0x00, 0x00, 0x00, 0x00, 0x00, 0x00, 0x00,
    0x00, 0x00, 0x00, 0x00, 0x00, 0x00, 0x00, 0x00, 0x00, 0x00, 0x00, 0x00, 0x00, 0x00, 0x00, 0x00,
    0x00, 0x00, 0x00, 0x00, 0x00, 0x00, 0x00, 0x00, 0x00, 0x00, 0x00, 0x00, 0x00, 0x00, 0x00, 0x00,
    0x00, 0x00, 0x0F, 0xC0, 0x0F, 0x80, 0x0F, 0x80, 0x1F, 0x80, 0x1F, 0x00, 0x1F, 0x00, 0x1F, 0x00,
    0x1F, 0x00, 0x1E, 0x00, 0x1E, 0x00, 0x3E, 0x00, 0x3C, 0x00, 0x00, 0x00, 0x00, 0x00, 0x00, 0x00,
    0x00, 0x00, 0x00, 0x00, 0x00, 0x00, 0x00, 0x00, 0x00, 0x00, 0x00, 0x00, 0x00, 0x00, 0x00, 0x00,
    0x00, 0x00, 0x00, 0x00, 0x00, 0x00, 0x00, 0x00, 0x00, 0x00, 0x00, 0x00, 0x00, 0x00, 0x00, 0x00,
    0x00, 0x00, 0x00, 0x00, 0x00, 0x00, 0x00, 0x00, 0x00, 0x00, 0x00, 0x00, 0x00, 0x00, 0x00, 0x00,
    0x00, 0x00, 0x00, 0x00, 0x00, 0x00, 0x00, 0x00, 0x00, 0x00, 0x00, 0x00, 0x00, 0x00, 0x00, 0x00,
    0x00, 0x00, 0x00, 0x00, 0x00, 0x00, 0x00, 0x00, 0x1F, 0xFF, 0x00, 0x1F, 0xFF, 0x00, 0x1F, 0xFF,
    0x00, 0x1F, 0xFF, 0x00, 0x1F, 0xFF, 0x00, 0x00, 0x00, 0x00, 0x00, 0x00, 0x00, 0x00, 0x00, 0x00,
    0x00, 0x00, 0x00, 0x00, 0x00, 0x00, 0x00, 0x00, 0x00, 0x00, 0x00, 0x00, 0x00, 0x00, 0x00, 0x00,
    0x00, 0x00, 0x00, 0x00, 0x00, 0x00, 0x00, 0x00, 0x00, 0x00, 0x00, 0x00, 0x00, 0x00, 0x00, 0x00,
    0x00, 0x00, 0x00, 0x00, 0x00, 0x00, 0x00, 0x00, 0x00, 0x00, 0x00, 0x00, 0x00, 0x00, 0x00, 0x00,
    0x00, 0x00, 0x00, 0x00, 0x00, 0x00, 0x00, 0x00, 0x00, 0x00, 0x00, 0x00, 0x00, 0x00, 0x00, 0x00,
    0x00, 0x00, 0x00, 0x00, 0x00, 0x00, 0x00, 0x00, 0x00, 0x00, 0x00, 0x00, 0x00, 0x00, 0x00, 0x00,
    0x00, 0x00, 0x00, 0x00, 0x00, 0x00, 0x00, 0x00, 0x00, 0x00, 0x00, 0x00, 0x00, 0x00, 0x00, 0x00,
    0x00, 0x00, 0x00, 0x00, 0x00, 0x00, 0x00, 0x00, 0x00, 0x00, 0x00, 0x00, 0x00, 0x00, 0x00, 0x00,
    0x00, 0x00, 0x00, 0x00, 0x00, 0x00, 0x07, 0x00, 0x0F, 0x80, 0x1F, 0xC0, 0x1F, 0xC0, 0x1F, 0xC0,
    0x0F, 0x80, 0x07, 0x00, 0x00, 0x00, 0x00, 0x00, 0x00, 0x00, 0x00, 0x00, 0x00, 0x00, 0x00, 0x00,
    0x00, 0x00, 0x00, 0x00, 0x00, 0x00, 0x00, 0x00, 0x00, 0x00, 0x00, 0x00, 0x00, 0x00, 0x00, 0x00,
    0x00, 0x00, 0x00, 0x00, 0x00, 0x00, 0x00, 0x00, 0x00, 0x00, 0x00, 0x3C, 0x00, 0x7C, 0x00, 0x7C,
    0x00, 0x7C, 0x00, 0x7C, 0x00, 0xF8, 0x00, 0xF8, 0x00, 0xF8, 0x00, 0xF8, 0x01, 0xF0, 0x01, 0xF0,
    0x01, 0xF0, 0x03, 0xE0, 0x03, 0xE0, 0x03, 0xE0, 0x03, 0xE0, 0x07, 0xC0, 0x07, 0xC0, 0x07, 0xC0,
    0x07, 0xC0, 0x0F, 0x80, 0x0F, 0x80, 0x0F, 0x80, 0x0F, 0x80, 0x1F, 0x00, 0x1F, 0x00, 0x1F, 0x00,
    0x3F, 0x00, 0x3E, 0x00, 0x3E, 0x00, 0x3E, 0x00, 0x7C, 0x00, 0x7C, 0x00, 0x7C, 0x00, 0x7C, 0x00,
    0x00, 0x00, 0x00, 0x00, 0x00, 0x00, 0x00, 0x00, 0x00, 0x00, 0x00, 0x00, 0x00, 0x00, 0x00, 0x00,
    0x00, 0x00, 0x00, 0x00, 0x00, 0x00, 0x00, 0x00, 0x00, 0x00, 0x00, 0x00, 0x00, 0x00, 0x00, 0x00,
    0x00, 0x00, 0x00, 0x00, 0x00, 0x00, 0x00, 0x00, 0x00, 0x00, 0x00, 0x00, 0x00, 0x00, 0x00, 0x00,
    0x00, 0x00, 0x00, 0x00, 0x00, 0x00, 0x00, 0x3F, 0x80, 0x00, 0x00, 0xFF, 0xE0, 0x00, 0x03, 0xFF,
    0xF8, 0x00, 0x07, 0xFF, 0xFC, 0x00, 0x07, 0xFF, 0xFC, 0x00, 0x0F, 0xE0, 0xFE, 0x00, 0x1F, 0xC0,
    0x7E, 0x00, 0x1F, 0x80, 0x3F, 0x00, 0x1F, 0x80, 0x3F, 0x00, 0x3F, 0x00, 0x3F, 0x00, 0x3F, 0x00,
    0x1F, 0x80, 0x3F, 0x00, 0x1F, 0x80, 0x3F, 0x00, 0x1F, 0x80, 0x3F, 0x00, 0x1F, 0x80, 0x3F, 0x00,
    0x1F, 0x80, 0x3F, 0x00, 0x1F, 0x80, 0x3F, 0x00, 0x1F, 0x80, 0x3F, 0x00, 0x1F, 0x80, 0x3F, 0x00,
    0x1F, 0x80, 0x3F, 0x00, 0x3F, 0x00, 0x1F, 0x80, 0x3F, 0x00, 0x1F, 0x80, 0x3F, 0x00, 0x1F, 0xC0,
    0x7E, 0x00, 0x0F, 0xE0, 0xFE, 0x00, 0x0F, 0xFF, 0xFC, 0x00, 0x07, 0xFF, 0xFC, 0x00, 0x03, 0xFF,
    0xF8, 0x00, 0x00, 0xFF, 0xE0, 0x00, 0x00, 0x3F, 0x80, 0x00, 0x00, 0x00, 0x00, 0x00, 0x00, 0x00,
    0x00, 0x00, 0x00, 0x00, 0x00, 0x00, 0x00, 0x00, 0x00, 0x00, 0x00, 0x00, 0x00, 0x00, 0x00, 0x00,
    0x00, 0x00, 0x00, 0x00, 0x00, 0x00, 0x00, 0x00, 0x00, 0x00, 0x00, 0x00, 0x00, 0x00, 0x00, 0x00,
    0x00, 0x00, 0x00, 0x00, 0x00, 0x00, 0x00, 0x00, 0x00, 0x00, 0x00, 0x00, 0x00, 0x00, 0x00, 0x00,
    0x00, 0x00, 0x00, 0x00, 0x00, 0x00, 0x00, 0x00, 0x00, 0x00, 0x01, 0xFC, 0x03, 0xFC, 0x0F, 0xFC,
    0x1F, 0xFC, 0x3F, 0xFC, 0x7F, 0xFC, 0x7C, 0xFC, 0x78, 0xFC, 0x60, 0xFC, 0x00, 0xFC, 0x00, 0xFC,
    0x00, 0xFC, 0x00, 0xFC, 0x00, 0xFC, 0x00, 0xFC, 0x00, 0xFC, 0x00, 0xFC, 0x00, 0xFC, 0x00, 0xFC,
    0x00, 0xFC, 0x00, 0xFC, 0x00, 0xFC, 0x00, 0xFC, 0x00, 0xFC, 0x00, 0xFC, 0x00, 0xFC, 0x00, 0xFC,
    0x00, 0xFC, 0x00, 0xFC, 0x00, 0x00, 0x00, 0x00, 0x00, 0x00, 0x00, 0x00, 0x00, 0x00, 0x00, 0x00,
    0x00, 0x00, 0x00, 0x00, 0x00, 0x00, 0x00, 0x00, 0x00, 0x00, 0x00, 0x00, 0x00, 0x00, 0x00, 0x00,
    0x00, 0x00, 0x00, 0x00, 0x00, 0x00, 0x00, 0x00, 0x00, 0x00, 0x00, 0x00, 0x00, 0x00, 0x00, 0x00,
    0x00, 0x00, 0x00, 0x00, 0x00, 0x00, 0x00, 0x00, 0x00, 0xFF, 0x00, 0x03, 0xFF, 0xC0, 0x07, 0xFF,
    0xE0, 0x0F, 0xFF, 0xF0, 0x1F, 0xFF, 0xF8, 0x1F, 0x81, 0xF8, 0x3F, 0x00, 0xFC, 0x3F, 0x00, 0xFC,
    0x3F, 0x00, 0xFC, 0x00, 0x00, 0xFC, 0x00, 0x00, 0xFC, 0x00, 0x01, 0xFC, 0x00, 0x01, 0xF8, 0x00,
    0x03, 0xF8, 0x00, 0x07, 0xF0, 0x00, 0x0F, 0xE0, 0x00, 0x1F, 0xC0, 0x00, 0x3F, 0x80, 0x00, 0x7F,
    0x00, 0x00, 0xFE, 0x00, 0x01, 0xFC, 0x00, 0x03, 0xF8, 0x00, 0x07, 0xF0, 0x00, 0x0F, 0xE0, 0x00,
    0x1F, 0xFF, 0xFC, 0x3F, 0xFF, 0xFC, 0x3F, 0xFF, 0xFC, 0x3F, 0xFF, 0xFC, 0x3F, 0xFF, 0xFC, 0x00,
    0x00, 0x00, 0x00, 0x00, 0x00, 0x00, 0x00, 0x00, 0x00, 0x00, 0x00, 0x00, 0x00, 0x00, 0x00, 0x00,
    0x00, 0x00, 0x00, 0x00, 0x00, 0x00, 0x00, 0x00, 0x00, 0x00, 0x00, 0x00, 0x00, 0x00, 0x00, 0x00,
    0x00, 0x00, 0x00, 0x00, 0x00, 0x00, 0x00, 0x00, 0x00, 0x00, 0x00, 0x00, 0x00, 0x00, 0x00, 0x00,
    0x00, 0x00, 0x00, 0x00, 0x00, 0x00, 0x00, 0x00, 0x00, 0x00, 0x00, 0x00, 0x00, 0x00, 0x00, 0x00,
    0x00, 0x00, 0x00, 0x00, 0x00, 0x00, 0x00, 0x00, 0x00, 0x7F, 0x80, 0x00, 0x03, 0xFF, 0xE0, 0x00,
    0x07, 0xFF, 0xF0, 0x00, 0x0F, 0xFF, 0xF8, 0x00, 0x1F, 0xFF, 0xFC, 0x00, 0x1F, 0x80, 0xFC, 0x00,
    0x3F, 0x00, 0x7E, 0x00, 0x3F, 0x00, 0x7E, 0x00, 0x00, 0x00, 0x7E, 0x00, 0x00, 0x00, 0x7E, 0x00,
    0x00, 0x01, 0xFC, 0x00, 0x00, 0x3F, 0xF8, 0x00, 0x00, 0x7F, 0xF0, 0x00, 0x00, 0x7F, 0xC0, 0x00,
    0x00, 0x7F, 0xF0, 0x00, 0x00, 0x7F, 0xF8, 0x00, 0x00, 0x01, 0xFC, 0x00, 0x00, 0x00, 0xFC, 0x00,
    0x00, 0x00, 0x7E, 0x00, 0x00, 0x00, 0x7E, 0x00, 0x00, 0x00, 0x7E, 0x00, 0x3F, 0x00, 0x7E, 0x00,
    0x3F, 0x00, 0xFE, 0x00, 0x1F, 0x80, 0xFC, 0x00, 0x1F, 0xFF, 0xFC, 0x00, 0x0F, 0xFF, 0xF8, 0x00,
    0x07, 0xFF, 0xF0, 0x00, 0x03, 0xFF, 0xE0, 0x00, 0x00, 0xFF, 0x00, 0x00, 0x00, 0x00, 0x00, 0x00,
    0x00, 0x00, 0x00, 0x00, 0x00, 0x00, 0x00, 0x00, 0x00, 0x00, 0x00, 0x00, 0x00, 0x00, 0x00, 0x00,
    0x00, 0x00, 0x00, 0x00, 0x00, 0x00, 0x00, 0x00, 0x00, 0x00, 0x00, 0x00, 0x00, 0x00, 0x00, 0x00,
    0x00, 0x00, 0x00, 0x00, 0x00, 0x00, 0x00, 0x00, 0x00, 0x00, 0x00, 0x00, 0x00, 0x00, 0x00, 0x00,
    0x00, 0x00, 0x00, 0x00, 0x00, 0x00, 0x00, 0x00, 0x00, 0x00, 0x00, 0x00, 0x00, 0x00, 0x00, 0x00,
    0x00, 0x00, 0x00, 0x00, 0x00, 0x00, 0x00, 0x00, 0x00, 0x00, 0x00, 0x00, 0x00, 0x00, 0x00, 0x00,
    0x00, 0x07, 0xF8, 0x00, 0x00, 0x0F, 0xF8, 0x00, 0x00, 0x0F, 0xF8, 0x00, 0x00, 0x1F, 0xF8, 0x00,
    0x00, 0x3F, 0xF8, 0x00, 0x00, 0x3F, 0xF8, 0x00, 0x00, 0x7F, 0xF8, 0x00, 0x00, 0x7F, 0xF8, 0x00,
    0x00, 0xFD, 0xF8, 0x00, 0x01, 0xF9, 0xF8, 0x00, 0x01, 0xF9, 0xF8, 0x00, 0x03, 0xF1, 0xF8, 0x00,
    0x03, 0xE1, 0xF8, 0x00, 0x07, 0xE1, 0xF8, 0x00, 0x0F, 0xC1, 0xF8, 0x00, 0x0F, 0xC1, 0xF8, 0x00,
    0x1F, 0x81, 0xF8, 0x00, 0x1F, 0x01, 0xF8, 0x00, 0x3F, 0x01, 0xF8, 0x00, 0x7F, 0xFF, 0xFF, 0x00,
    0x7F, 0xFF, 0xFF, 0x00, 0x7F, 0xFF, 0xFF, 0x00, 0x7F, 0xFF, 0xFF, 0x00, 0x3F, 0xFF, 0xFF, 0x00,
    0x00, 0x01, 0xF8, 0x00, 0x00, 0x01, 0xF8, 0x00, 0x00, 0x01, 0xF8, 0x00, 0x00, 0x01, 0xF8, 0x00,
    0x00, 0x01, 0xF8, 0x00, 0x00, 0x00, 0x00, 0x00, 0x00, 0x00, 0x00, 0x00, 0x00, 0x00, 0x00, 0x00,
    0x00, 0x00, 0x00, 0x00, 0x00, 0x00, 0x00, 0x00, 0x00, 0x00, 0x00, 0x00, 0x00, 0x00, 0x00, 0x00,
    0x00, 0x00, 0x00, 0x00, 0x00, 0x00, 0x00, 0x00, 0x00, 0x00, 0x00, 0x00, 0x00, 0x00, 0x00, 0x00,
    0x00, 0x00, 0x00, 0x00, 0x00, 0x00, 0x00, 0x00, 0x00, 0x00, 0x00, 0x00, 0x00, 0x00, 0x00, 0x00,
    0x00, 0x00, 0x00, 0x00, 0x00, 0x00, 0x00, 0x00, 0x00, 0x00, 0x00, 0x00, 0x00, 0x00, 0x00, 0x00,
    0x00, 0x00, 0x00, 0x00, 0x00, 0x00, 0x00, 0x00, 0x0F, 0xFF, 0xF8, 0x00, 0x0F, 0xFF, 0xF8, 0x00,
    0x0F, 0xFF, 0xF8, 0x00, 0x0F, 0xFF, 0xF8, 0x00, 0x0F, 0xFF, 0xF8, 0x00, 0x1F, 0x80, 0x00, 0x00,
    0x1F, 0x80, 0x00, 0x00, 0x1F, 0x80, 0x00, 0x00, 0x1F, 0x80, 0x00, 0x00, 0x1F, 0x06, 0x00, 0x00,
    0x1F, 0x3F, 0xC0, 0x00, 0x1F, 0xFF, 0xF0, 0x00, 0x1F, 0xFF, 0xF8, 0x00, 0x1F, 0xFF, 0xF8, 0x00,
    0x1F, 0xC3, 0xFC, 0x00, 0x07, 0x00, 0xFC, 0x00, 0x00, 0x00, 0xFE, 0x00, 0x00, 0x00, 0x7E, 0x00,
    0x00, 0x00, 0x7E, 0x00, 0x00, 0x00, 0x7E, 0x00, 0x00, 0x00, 0x7E, 0x00, 0x3F, 0x00, 0x7E, 0x00,
    0x3F, 0x00, 0xFC, 0x00, 0x1F, 0x81, 0xFC, 0x00, 0x1F, 0xFF, 0xF8, 0x00, 0x0F, 0xFF, 0xF8, 0x00,
    0x07, 0xFF, 0xF0, 0x00, 0x03, 0xFF, 0xC0, 0x00, 0x00, 0xFF, 0x00, 0x00, 0x00, 0x00, 0x00, 0x00,
    0x00, 0x00, 0x00, 0x00, 0x00, 0x00, 0x00, 0x00, 0x00, 0x00, 0x00, 0x00, 0x00, 0x00, 0x00, 0x00,
    0x00, 0x00, 0x00, 0x00, 0x00, 0x00, 0x00, 0x00, 0x00, 0x00, 0x00, 0x00, 0x00, 0x00, 0x00, 0x00,
    0x00, 0x00, 0x00, 0x00, 0x00, 0x00, 0x00, 0x00, 0x00, 0x00, 0x00, 0x00, 0x00, 0x00, 0x00, 0x00,
    0x00, 0x00, 0x00, 0x00, 0x00, 0x00, 0x00, 0x00, 0x00, 0x00, 0x00, 0x00, 0x00, 0x00, 0x00, 0x00,
    0x00, 0x00, 0x00, 0x00, 0x00, 0x00, 0x00, 0x00, 0x00, 0x00, 0x00, 0x00, 0x00, 0x00, 0x00, 0x00,
    0x00, 0x3F, 0x80, 0x00, 0x00, 0xFF, 0xE0, 0x00, 0x01, 0xFF, 0xF8, 0x00, 0x03, 0xFF, 0xFC, 0x00,
    0x07, 0xFF, 0xFC, 0x00, 0x0F, 0xE0, 0xFE, 0x00, 0x0F, 0xC0, 0x7E, 0x00, 0x1F, 0x80, 0x3E, 0x00,
    0x1F, 0x80, 0x00, 0x00, 0x1F, 0x03, 0x00, 0x00, 0x3F, 0x1F, 0xE0, 0x00, 0x3F, 0x3F, 0xF8, 0x00,
    0x3F, 0x7F, 0xFC, 0x00, 0x3F, 0xFF, 0xFC, 0x00, 0x3F, 0xE1, 0xFE, 0x00, 0x3F, 0xC0, 0x7E, 0x00,
    0x3F, 0x80, 0x7F, 0x00, 0x3F, 0x80, 0x3F, 0x00, 0x3F, 0x00, 0x3F, 0x00, 0x3F, 0x00, 0x3F, 0x00,
    0x1F, 0x80, 0x3F, 0x00, 0x1F, 0x80, 0x7F, 0x00, 0x1F, 0x80, 0x7E, 0x00, 0x0F, 0xC0, 0xFE, 0x00,
    0x0F, 0xFF, 0xFC, 0x00, 0x07, 0xFF, 0xFC, 0x00, 0x03, 0xFF, 0xF8, 0x00, 0x01, 0xFF, 0xE0, 0x00,
    0x00, 0x3F, 0x80, 0x00, 0x00, 0x00, 0x00, 0x00, 0x00, 0x00, 0x00, 0x00, 0x00, 0x00, 0x00, 0x00,
    0x00, 0x00, 0x00, 0x00, 0x00, 0x00, 0x00, 0x00, 0x00, 0x00, 0x00, 0x00, 0x00, 0x00, 0x00, 0x00,
    0x00, 0x00, 0x00, 0x00, 0x00, 0x00, 0x00, 0x00, 0x00, 0x00, 0x00, 0x00, 0x00, 0x00, 0x00, 0x00,
    0x00, 0x00, 0x00, 0x00, 0x00, 0x00, 0x00, 0x00, 0x00, 0x00, 0x00, 0x00, 0x00, 0x00, 0x00, 0x00,
    0x00, 0x00, 0x00, 0x00, 0x00, 0x00, 0x00, 0x00, 0x00, 0x00, 0x00, 0x00, 0x00, 0x00, 0x7F, 0xFF,
    0xF8, 0x7F, 0xFF, 0xF8, 0x7F, 0xFF, 0xF8, 0x7F, 0xFF, 0xF8, 0x7F, 0xFF, 0xF8, 0x00, 0x03, 0xF8,
    0x00, 0x03, 0xF0, 0x00, 0x07, 0xF0, 0x00, 0x07, 0xE0, 0x00, 0x0F, 0xE0, 0x00, 0x0F, 0xC0, 0x00,
    0x1F, 0xC0, 0x00, 0x1F, 0x80, 0x00, 0x3F, 0x80, 0x00, 0x3F, 0x00, 0x00, 0x3F, 0x00, 0x00, 0x7E,
    0x00, 0x00, 0x7E, 0x00, 0x00, 0xFC, 0x00, 0x00, 0xFC, 0x00, 0x01, 0xF8, 0x00, 0x01, 0xF8, 0x00,
    0x03, 0xF0, 0x00, 0x03, 0xF0, 0x00, 0x07, 0xE0, 0x00, 0x07, 0xE0, 0x00, 0x0F, 0xC0, 0x00, 0x0F,
    0xC0, 0x00, 0x1F, 0x80, 0x00, 0x00, 0x00, 0x00, 0x00, 0x00, 0x00, 0x00, 0x00, 0x00, 0x00, 0x00,
    0x00, 0x00, 0x00, 0x00, 0x00, 0x00, 0x00, 0x00, 0x00, 0x00, 0x00, 0x00, 0x00, 0x00, 0x00, 0x00,
    0x00, 0x00, 0x00, 0x00, 0x00, 0x00, 0x00, 0x00, 0x00, 0x00, 0x00, 0x00, 0x00, 0x00, 0x00, 0x00,
    0x00, 0x00, 0x00, 0x00, 0x00, 0x00, 0x00, 0x00, 0x00, 0x00, 0x00, 0x00, 0x00, 0x00, 0x00, 0x00,
    0x00, 0x00, 0x00, 0x00, 0x00, 0x00, 0x00, 0x00, 0x00, 0x00, 0x00, 0x00, 0x00, 0x00, 0x00, 0x7F,
    0x80, 0x00, 0x01, 0xFF, 0xE0, 0x00, 0x07, 0xFF, 0xF8, 0x00, 0x0F, 0xFF, 0xF8, 0x00, 0x0F, 0xFF,
    0xFC, 0x00, 0x1F, 0xC0, 0xFE, 0x00, 0x1F, 0x80, 0x7E, 0x00, 0x1F, 0x80, 0x7E, 0x00, 0x1F, 0x80,
    0x7E, 0x00, 0x1F, 0x80, 0x7C, 0x00, 0x0F, 0xC0, 0xFC, 0x00, 0x07, 0xFF, 0xF8, 0x00, 0x03, 0xFF,
    0xF0, 0x00, 0x01, 0xFF, 0xE0, 0x00, 0x07, 0xFF, 0xF0, 0x00, 0x0F, 0xFF, 0xFC, 0x00, 0x1F, 0xC1,
    0xFC, 0x00, 0x1F, 0x80, 0x7E, 0x00, 0x3F, 0x00, 0x3E, 0x00, 0x3F, 0x00, 0x3F, 0x00, 0x3F, 0x00,
    0x3F, 0x00, 0x3F, 0x00, 0x3F, 0x00, 0x3F, 0x80, 0x7F, 0x00, 0x1F, 0xC0, 0xFE, 0x00, 0x1F, 0xFF,
    0xFE, 0x00, 0x0F, 0xFF, 0xFC, 0x00, 0x07, 0xFF, 0xF8, 0x00, 0x03, 0xFF, 0xE0, 0x00, 0x00, 0x7F,
    0x80, 0x00, 0x00, 0x00, 0x00, 0x00, 0x00, 0x00, 0x00, 0x00, 0x00, 0x00, 0x00, 0x00, 0x00, 0x00,
    0x00, 0x00, 0x00, 0x00, 0x00, 0x00, 0x00, 0x00, 0x00, 0x00, 0x00, 0x00, 0x00, 0x00, 0x00, 0x00,
    0x00, 0x00, 0x00, 0x00, 0x00, 0x00, 0x00, 0x00, 0x00, 0x00, 0x00, 0x00, 0x00, 0x00, 0x00, 0x00,
    0x00, 0x00, 0x00, 0x00, 0x00, 0x00, 0x00, 0x00, 0x00, 0x00, 0x00, 0x00, 0x00, 0x00, 0x00, 0x00,
    0x00, 0x00, 0x00, 0x00, 0x00, 0x00, 0x00, 0x00, 0x00, 0x00, 0x00, 0x00, 0x00, 0x00, 0x00, 0x00,
    0x00, 0x00, 0x00, 0x00, 0x00, 0x00, 0x00, 0x7F, 0x00, 0x00, 0x01, 0xFF, 0xC0, 0x00, 0x07, 0xFF,
    0xF0, 0x00, 0x0F, 0xFF, 0xF8, 0x00, 0x1F, 0xFF, 0xFC, 0x00, 0x1F, 0xC1, 0xFC, 0x00, 0x3F, 0x80,
    0xFE, 0x00, 0x3F, 0x00, 0x7E, 0x00, 0x3F, 0x00, 0x7E, 0x00, 0x3F, 0x00, 0x7E, 0x00, 0x3F, 0x00,
    0x7F, 0x00, 0x3F, 0x00, 0x7F, 0x00, 0x3F, 0x80, 0xFF, 0x00, 0x1F, 0xC1, 0xFF, 0x00, 0x1F, 0xFF,
    0xFF, 0x00, 0x0F, 0xFF, 0xBF, 0x00, 0x07, 0xFF, 0x3F, 0x00, 0x03, 0xFE, 0x3F, 0x00, 0x00, 0x70,
    0x3E, 0x00, 0x00, 0x00, 0x7E, 0x00, 0x00, 0x00, 0x7E, 0x00, 0x3F, 0x00, 0x7E, 0x00, 0x1F, 0x80,
    0xFC, 0x00, 0x1F, 0xC1, 0xFC, 0x00, 0x0F, 0xFF, 0xF8, 0x00, 0x0F, 0xFF, 0xF0, 0x00, 0x07, 0xFF,
    0xE0, 0x00, 0x01, 0xFF, 0xC0, 0x00, 0x00, 0x7F, 0x00, 0x00, 0x00, 0x00, 0x00, 0x00, 0x00, 0x00,
    0x00, 0x00, 0x00, 0x00, 0x00, 0x00, 0x00, 0x00, 0x00, 0x00, 0x00, 0x00, 0x00, 0x00, 0x00, 0x00,
    0x00, 0x00, 0x00, 0x00, 0x00, 0x00, 0x00, 0x00, 0x00, 0x00, 0x00, 0x00, 0x00, 0x00, 0x00, 0x00,
    0x00, 0x00, 0x00, 0x00, 0x00, 0x00, 0x00, 0x00, 0x00, 0x00, 0x00, 0x00, 0x00, 0x00, 0x00, 0x00,
    0x00, 0x00, 0x00, 0x00, 0x00, 0x00, 0x00, 0x00, 0x00, 0x00, 0x00, 0x00, 0x00, 0x00, 0x00, 0x00,
    0x00, 0x00, 0x00, 0x00, 0x00, 0x00, 0x00, 0x00, 0x00, 0x00, 0x07, 0x00, 0x0F, 0x80, 0x1F, 0xC0,
    0x1F, 0xC0, 0x1F, 0xC0, 0x0F, 0x80, 0x07, 0x00, 0x00, 0x00, 0x00, 0x00, 0x00, 0x00, 0x00, 0x00,
    0x00, 0x00, 0x00, 0x00, 0x00, 0x00, 0x07, 0x00, 0x0F, 0x80, 0x1F, 0xC0, 0x1F, 0xC0, 0x1F, 0xC0,
    0x0F, 0x80, 0x07, 0x00, 0x00, 0x00, 0x00, 0x00, 0x00, 0x00, 0x00, 0x00, 0x00, 0x00, 0x00, 0x00,
    0x00, 0x00, 0x00, 0x00, 0x00, 0x00, 0x00, 0x00, 0x00, 0x00, 0x00, 0x00, 0x00, 0x00, 0x00, 0x00,
    0x00, 0x00, 0x00, 0x00, 0x00, 0x00, 0x00, 0x00, 0x00, 0x00, 0x00, 0x00, 0x00, 0x00, 0x00, 0x00,
    0x00, 0x00, 0x00, 0x00, 0x00, 0x00, 0x00, 0x00, 0x00, 0x00, 0x00, 0x00, 0x00, 0x00, 0x03, 0x80,
    0x07, 0xC0, 0x0F, 0xE0, 0x0F, 0xE0, 0x0F, 0xE0, 0x07, 0xC0, 0x03, 0x80, 0x00, 0x00, 0x00, 0x00,
    0x00, 0x00, 0x00, 0x00, 0x00, 0x00, 0x00, 0x00, 0x00, 0x00, 0x00, 0x00, 0x00, 0x00, 0x00, 0x00,
    0x0F, 0xC0, 0x0F, 0xC0, 0x0F, 0xC0, 0x0F, 0x80, 0x0F, 0x80, 0x0F, 0x80, 0x1F, 0x00, 0x1F, 0x00,
    0x1F, 0x00, 0x1F, 0x00, 0x1E, 0x00, 0x1E, 0x00, 0x00, 0x00, 0x00, 0x00, 0x00, 0x00, 0x00, 0x00,
    0x00, 0x00, 0x00, 0x00, 0x00, 0x00, 0x00, 0x00, 0x00, 0x00, 0x00, 0x00, 0x00, 0x00, 0x00, 0x00,
    0x00, 0x00, 0x00, 0x00, 0x00, 0x00, 0x00, 0x00, 0x00, 0x00, 0x00, 0x00, 0x00, 0x00, 0x00, 0x00,
    0x00, 0x00, 0x00, 0x00, 0x00, 0x00, 0x00, 0x00, 0x00, 0x00, 0x00, 0x00, 0x00, 0x00, 0x00, 0x00,
    0x00, 0x00, 0x00, 0x00, 0x00, 0x00, 0x00, 0x00, 0x00, 0x00, 0x00, 0x00, 0x00, 0x00, 0x00, 0x00,
    0x00, 0x00, 0x00, 0x00, 0x0E, 0x00, 0x00, 0x00, 0x7E, 0x00, 0x00, 0x01, 0xFE, 0x00, 0x00, 0x07,
    0xFE, 0x00, 0x00, 0x1F, 0xFE, 0x00, 0x00, 0x7F, 0xF8, 0x00, 0x03, 0xFF, 0xE0, 0x00, 0x0F, 0xFF,
    0x00, 0x00, 0x1F, 0xFC, 0x00, 0x00, 0x1F, 0xE0, 0x00, 0x00, 0x1F, 0xC0, 0x00, 0x00, 0x1F, 0xF0,
    0x00, 0x00, 0x1F, 0xFC, 0x00, 0x00, 0x0F, 0xFF, 0x00, 0x00, 0x01, 0xFF, 0xE0, 0x00, 0x00, 0x7F,
    0xF8, 0x00, 0x00, 0x1F, 0xFE, 0x00, 0x00, 0x07, 0xFE, 0x00, 0x00, 0x01, 0xFE, 0x00, 0x00, 0x00,
    0x3E, 0x00, 0x00, 0x00, 0x0E, 0x00, 0x00, 0x00, 0x00, 0x00, 0x00, 0x00, 0x00, 0x00, 0x00, 0x00,
    0x00, 0x00, 0x00, 0x00, 0x00, 0x00, 0x00, 0x00, 0x00, 0x00, 0x00, 0x00, 0x00, 0x00, 0x00, 0x00,
    0x00, 0x00, 0x00, 0x00, 0x00, 0x00, 0x00, 0x00, 0x00, 0x00, 0x00, 0x00, 0x00, 0x00, 0x00, 0x00,
    0x00, 0x00, 0x00, 0x00, 0x00, 0x00, 0x00, 0x00, 0x00, 0x00, 0x00, 0x00, 0x00, 0x00, 0x00, 0x00,
    0x00, 0x00, 0x00, 0x00, 0x00, 0x00, 0x00, 0x00, 0x00, 0x00, 0x00, 0x00, 0x00, 0x00, 0x00, 0x00,
    0x00, 0x00, 0x00, 0x00, 0x00, 0x00, 0x00, 0x00, 0x00, 0x00, 0x00, 0x00, 0x00, 0x00, 0x00, 0x00,
    0x00, 0x00, 0x00, 0x00, 0x00, 0x00, 0x00, 0x00, 0x00, 0x00, 0x00, 0x00, 0x00, 0x00, 0x00, 0x00,
    0x00, 0x00, 0x00, 0x00, 0x00, 0x00, 0x00, 0x00, 0x00, 0x00, 0x00, 0x00, 0x00, 0x00, 0x00, 0x00,
    0x00, 0x00, 0x00, 0x00, 0x00, 0x00, 0x00, 0x00, 0x00, 0x00, 0x0F, 0xFF, 0xFE, 0x00, 0x0F, 0xFF,
    0xFE, 0x00, 0x0F, 0xFF, 0xFE, 0x00, 0x0F, 0xFF, 0xFE, 0x00, 0x0F, 0xFF, 0xFE, 0x00, 0x00, 0x00,
    0x00, 0x00, 0x00, 0x00, 0x00, 0x00, 0x00, 0x00, 0x00, 0x00, 0x00, 0x00, 0x00, 0x00, 0x0F, 0xFF,
    0xFE, 0x00, 0x0F, 0xFF, 0xFE, 0x00, 0x0F, 0xFF, 0xFE, 0x00, 0x0F, 0xFF, 0xFE, 0x00, 0x0F, 0xFF,
    0xFE, 0x00, 0x00, 0x00, 0x00, 0x00, 0x00, 0x00, 0x00, 0x00, 0x00, 0x00, 0x00, 0x00, 0x00, 0x00,
    0x00, 0x00, 0x00, 0x00, 0x00, 0x00, 0x00, 0x00, 0x00, 0x00, 0x00, 0x00, 0x00, 0x00, 0x00, 0x00,
    0x00, 0x00, 0x00, 0x00, 0x00, 0x00, 0x00, 0x00, 0x00, 0x00, 0x00, 0x00, 0x00, 0x00, 0x00, 0x00,
    0x00, 0x00, 0x00, 0x00, 0x00, 0x00, 0x00, 0x00, 0x00, 0x00, 0x00, 0x00, 0x00, 0x00, 0x00, 0x00,
    0x00, 0x00, 0x00, 0x00, 0x00, 0x00, 0x00, 0x00, 0x00, 0x00, 0x00, 0x00, 0x00, 0x00, 0x00, 0x00,
    0x00, 0x00, 0x00, 0x00, 0x00, 0x00, 0x00, 0x00, 0x00, 0x00, 0x00, 0x00, 0x00, 0x00, 0x00, 0x00,
    0x00, 0x00, 0x00, 0x00, 0x00, 0x00, 0x00, 0x00, 0x00, 0x00, 0x00, 0x00, 0x00, 0x00, 0x00, 0x00,
    0x00, 0x00, 0x00, 0x00, 0x00, 0x00, 0x00, 0x00, 0x00, 0x00, 0x00, 0x00, 0x00, 0x00, 0x08, 0x00,
    0x00, 0x00, 0x0E, 0x00, 0x00, 0x00, 0x0F, 0x80, 0x00, 0x00, 0x0F, 0xE0, 0x00, 0x00, 0x0F, 0xFC,
    0x00, 0x00, 0x0F, 0xFF, 0x00, 0x00, 0x03, 0xFF, 0xC0, 0x00, 0x00, 0xFF, 0xF0, 0x00, 0x00, 0x3F,
    0xFC, 0x00, 0x00, 0x07, 0xFF, 0x00, 0x00, 0x01, 0xFF, 0x00, 0x00, 0x00, 0x7F, 0x00, 0x00, 0x01,
    0xFF, 0x00, 0x00, 0x07, 0xFF, 0x00, 0x00, 0x3F, 0xFC, 0x00, 0x00, 0xFF, 0xF0, 0x00, 0x07, 0xFF,
    0xC0, 0x00, 0x0F, 0xFE, 0x00, 0x00, 0x0F, 0xF8, 0x00, 0x00, 0x0F, 0xE0, 0x00, 0x00, 0x0F, 0x80,
    0x00, 0x00, 0x0E, 0x00, 0x00, 0x00, 0x00, 0x00, 0x00, 0x00, 0x00, 0x00, 0x00, 0x00, 0x00, 0x00,
    0x00, 0x00, 0x00, 0x00, 0x00, 0x00, 0x00, 0x00, 0x00, 0x00, 0x00, 0x00, 0x00, 0x00, 0x00, 0x00,
    0x00, 0x00, 0x00, 0x00, 0x00, 0x00, 0x00, 0x00, 0x00, 0x00, 0x00, 0x00, 0x00, 0x00, 0x00, 0x00,
    0x00, 0x00, 0x00, 0x00, 0x00, 0x00, 0x00, 0x00, 0x00, 0x00, 0x00, 0x00, 0x00, 0x00, 0x00, 0x00,
    0x00, 0x00, 0x00, 0x00, 0x00, 0x00, 0x00, 0x00, 0x00, 0x00, 0x00, 0x00, 0x00, 0x00, 0x00, 0x00,
    0x00, 0x00, 0x00, 0x00, 0x01, 0xFE, 0x00, 0x07, 0xFF, 0x80, 0x0F, 0xFF, 0xC0, 0x1F, 0xFF, 0xE0,
    0x1F, 0xFF, 0xE0, 0x3F, 0x87, 0xF0, 0x3F, 0x03, 0xF0, 0x3F, 0x03, 0xF0, 0x00, 0x03, 0xF0, 0x00,
    0x03, 0xF0, 0x00, 0x07, 0xE0, 0x00, 0x0F, 0xE0, 0x00, 0x3F, 0xC0, 0x00, 0x7F, 0x80, 0x00, 0x7E,
    0x00, 0x00, 0xFC, 0x00, 0x00, 0xFC, 0x00, 0x00, 0xF8, 0x00, 0x00, 0xF8, 0x00, 0x00, 0x00, 0x00,
    0x00, 0x00, 0x00, 0x00, 0x00, 0x00, 0x00, 0x70, 0x00, 0x00, 0xF8, 0x00, 0x01, 0xFC, 0x00, 0x01,
    0xFC, 0x00, 0x01, 0xFC, 0x00, 0x00, 0xF8, 0x00, 0x00, 0x70, 0x00, 0x00, 0x00, 0x00, 0x00, 0x00,
    0x00, 0x00, 0x00, 0x00, 0x00, 0x00, 0x00, 0x00, 0x00, 0x00, 0x00, 0x00, 0x00, 0x00, 0x00, 0x00,
    0x00, 0x00, 0x00, 0x00, 0x00, 0x00, 0x00, 0x00, 0x00, 0x00, 0x00, 0x00, 0x00, 0x00, 0x00, 0x00,
    0x00, 0x00, 0x00, 0x00, 0x00, 0x00, 0x00, 0x00, 0x00, 0x00, 0x00, 0x00, 0x00, 0x00, 0x00, 0x00,
    0x00, 0x00, 0x00, 0x00, 0x00, 0x00, 0x00, 0x00, 0x00, 0x00, 0x00, 0x00, 0x00, 0x00, 0x00, 0x00,
    0x00, 0x00, 0x00, 0x00, 0x00, 0x00, 0x00, 0x00, 0x00, 0x00, 0x00, 0x00, 0x00, 0x00, 0x00, 0x01,
    0xFF, 0x80, 0x00, 0x00, 0x0F, 0xFF, 0xF0, 0x00, 0x00, 0x3F, 0xFF, 0xFC, 0x00, 0x00, 0x7F, 0xFF,
    0xFF, 0x00, 0x01, 0xFF, 0xFF, 0xFF, 0x80, 0x03, 0xFE, 0x00, 0x3F, 0xC0, 0x03, 0xF8, 0x00, 0x0F,
    0xE0, 0x07, 0xE0, 0x00, 0x07, 0xF0, 0x0F, 0xC0, 0x30, 0x03, 0xF0, 0x0F, 0x81, 0xFE, 0xF1, 0xF8,
    0x1F, 0x83, 0xFF, 0xF0, 0xF8, 0x1F, 0x07, 0xFF, 0xF0, 0xF8, 0x1F, 0x0F, 0xFF, 0xF0, 0xFC, 0x3F,
    0x0F, 0x83, 0xF0, 0x7C, 0x3E, 0x1F, 0x01, 0xF0, 0x7C, 0x3E, 0x1F, 0x00, 0xF0, 0x7C, 0x3E, 0x1E,
    0x00, 0xF0, 0x7C, 0x3E, 0x1E, 0x00, 0xF0, 0x7C, 0x3E, 0x1E, 0x00, 0xF0, 0x7C, 0x3E, 0x1E, 0x00,
    0xF0, 0x7C, 0x3E, 0x1E, 0x00, 0xF0, 0x7C, 0x3E, 0x1F, 0x01, 0xF0, 0x78, 0x3E, 0x0F, 0x83, 0xF0,
    0xF8, 0x3F, 0x0F, 0xFF, 0xF9, 0xF8, 0x1F, 0x07, 0xFF, 0xFF, 0xF0, 0x1F, 0x07, 0xFF, 0x7F, 0xF0,
    0x1F, 0x83, 0xFE, 0x3F, 0xE0, 0x0F, 0x80, 0xFC, 0x1F, 0x80, 0x0F, 0xC0, 0x00, 0x00, 0x00, 0x07,
    0xE0, 0x00, 0x00, 0x00, 0x07, 0xF8, 0x00, 0x00, 0x00, 0x03, 0xFE, 0x00, 0x30, 0x00, 0x01, 0xFF,
    0xFF, 0xF8, 0x00, 0x00, 0xFF, 0xFF, 0xF8, 0x00, 0x00, 0x3F, 0xFF, 0xF8, 0x00, 0x00, 0x0F, 0xFF,
    0xF8, 0x00, 0x00, 0x01, 0xFF, 0x80, 0x00, 0x00, 0x00, 0x00, 0x00, 0x00, 0x00, 0x00, 0x00, 0x00,
    0x00, 0x00, 0x00, 0x00, 0x00, 0x00, 0x00, 0x00, 0x00, 0x00, 0x00, 0x00, 0x00, 0x00, 0x00, 0x00,
    0x00, 0x00, 0x00, 0x00, 0x00, 0x00, 0x00, 0x00, 0x00, 0x00, 0x00, 0x00, 0x00, 0x00, 0x00, 0x00,
    0x00, 0x00, 0x00, 0x00, 0x00, 0x00, 0x00, 0x00, 0x00, 0x00, 0x00, 0x00, 0x00, 0x00, 0x00, 0x3F,
    0xC0, 0x00, 0x00, 0x3F, 0xE0, 0x00, 0x00, 0x3F, 0xE0, 0x00, 0x00, 0x7F, 0xE0, 0x00, 0x00, 0x7F,
    0xF0, 0x00, 0x00, 0x7F, 0xF0, 0x00, 0x00, 0xFD, 0xF0, 0x00, 0x00, 0xFD, 0xF8, 0x00, 0x00, 0xF9,
    0xF8, 0x00, 0x01, 0xF8, 0xF8, 0x00, 0x01, 0xF8, 0xFC, 0x00, 0x01, 0xF8, 0xFC, 0x00, 0x03, 0xF0,
    0xFC, 0x00, 0x03, 0xF0, 0x7E, 0x00, 0x03, 0xF0, 0x7E, 0x00, 0x07, 0xF0, 0x7E, 0x00, 0x07, 0xE0,
    0x3F, 0x00, 0x07, 0xFF, 0xFF, 0x00, 0x0F, 0xFF, 0xFF, 0x80, 0x0F, 0xFF, 0xFF, 0x80, 0x0F, 0xFF,
    0xFF, 0x80, 0x1F, 0xFF, 0xFF, 0xC0, 0x1F, 0x80, 0x1F, 0xC0, 0x1F, 0x80, 0x0F, 0xC0, 0x3F, 0x80,
    0x0F, 0xE0, 0x3F, 0x00, 0x0F, 0xE0, 0x3F, 0x00, 0x07, 0xE0, 0x7F, 0x00, 0x07, 0xF0, 0x7F, 0x00,
    0x07, 0xF0, 0x00, 0x00, 0x00, 0x00, 0x00, 0x00, 0x00, 0x00, 0x00, 0x00, 0x00, 0x00, 0x00, 0x00,
    0x00, 0x00, 0x00, 0x00, 0x00, 0x00, 0x00, 0x00, 0x00, 0x00, 0x00, 0x00, 0x00, 0x00, 0x00, 0x00,
    0x00, 0x00, 0x00, 0x00, 0x00, 0x00, 0x00, 0x00, 0x00, 0x00, 0x00, 0x00, 0x00, 0x00, 0x00, 0x00,
    0x00, 0x00, 0x00, 0x00, 0x00, 0x00, 0x00, 0x00, 0x00, 0x00, 0x00, 0x00, 0x00, 0x00, 0x00, 0x00,
    0x00, 0x00, 0x00, 0x00, 0x00, 0x00, 0x00, 0x00, 0x00, 0x00, 0x00, 0x00, 0x00, 0x00, 0x00, 0x00,
    0x00, 0x00, 0x00, 0x00, 0x00, 0x00, 0x1F, 0xFF, 0xC0, 0x00, 0x1F, 0xFF, 0xF8, 0x00, 0x1F, 0xFF,
    0xFC, 0x00, 0x1F, 0xFF, 0xFE, 0x00, 0x1F, 0xFF, 0xFE, 0x00, 0x1F, 0x80, 0x7F, 0x00, 0x1F, 0x80,
    0x3F, 0x00, 0x1F, 0x80, 0x3F, 0x00, 0x1F, 0x80, 0x3F, 0x00, 0x1F, 0x80, 0x3F, 0x00, 0x1F, 0x80,
    0x7E, 0x00, 0x1F, 0x80, 0xFC, 0x00, 0x1F, 0xFF, 0xF8, 0x00, 0x1F, 0xFF, 0xF0, 0x00, 0x1F, 0xFF,
    0xF8, 0x00, 0x1F, 0xFF, 0xFE, 0x00, 0x1F, 0xFF, 0xFE, 0x00, 0x1F, 0x80, 0x7F, 0x00, 0x1F, 0x80,
    0x3F, 0x00, 0x1F, 0x80, 0x1F, 0x80, 0x1F, 0x80, 0x1F, 0x80, 0x1F, 0x80, 0x1F, 0x80, 0x1F, 0x80,
    0x1F, 0x80, 0x1F, 0x80, 0x3F, 0x00, 0x1F, 0xFF, 0xFF, 0x00, 0x1F, 0xFF, 0xFE, 0x00, 0x1F, 0xFF,
    0xFE, 0x00, 0x1F, 0xFF, 0xF8, 0x00, 0x1F, 0xFF, 0xE0, 0x00, 0x00, 0x00, 0x00, 0x00, 0x00, 0x00,
    0x00, 0x00, 0x00, 0x00, 0x00, 0x00, 0x00, 0x00, 0x00, 0x00, 0x00, 0x00, 0x00, 0x00, 0x00, 0x00,
    0x00, 0x00, 0x00, 0x00, 0x00, 0x00, 0x00, 0x00, 0x00, 0x00, 0x00, 0x00, 0x00, 0x00, 0x00, 0x00,
    0x00, 0x00, 0x00, 0x00, 0x00, 0x00, 0x00, 0x00, 0x00, 0x00, 0x00, 0x00, 0x00, 0x00, 0x00, 0x00,
    0x00, 0x00, 0x00, 0x00, 0x00, 0x00, 0x00, 0x00, 0x00, 0x00, 0x00, 0x00, 0x00, 0x00, 0x00, 0x00,
    0x00, 0x00, 0x00, 0x00, 0x00, 0x00, 0x00, 0x00, 0x00, 0x00, 0x00, 0x00, 0x00, 0x00, 0x00, 0x1F,
    0xE0, 0x00, 0x00, 0x7F, 0xFC, 0x00, 0x01, 0xFF, 0xFE, 0x00, 0x03, 0xFF, 0xFF, 0x00, 0x07, 0xFF,
    0xFF, 0x80, 0x0F, 0xF8, 0x3F, 0xC0, 0x0F, 0xE0, 0x1F, 0xC0, 0x1F, 0xC0, 0x0F, 0xE0, 0x1F, 0x80,
    0x07, 0xE0, 0x1F, 0x80, 0x07, 0xE0, 0x3F, 0x00, 0x00, 0x00, 0x3F, 0x00, 0x00, 0x00, 0x3F, 0x00,
    0x00, 0x00, 0x3F, 0x00, 0x00, 0x00, 0x3F, 0x00, 0x00, 0x00, 0x3F, 0x00, 0x00, 0x00, 0x3F, 0x00,
    0x00, 0x00, 0x3F, 0x00, 0x00, 0x00, 0x3F, 0x00, 0x00, 0x00, 0x1F, 0x80, 0x07, 0xE0, 0x1F, 0x80,
    0x07, 0xE0, 0x1F, 0xC0, 0x0F, 0xE0, 0x0F, 0xE0, 0x1F, 0xC0, 0x0F, 0xF8, 0x3F, 0xC0, 0x07, 0xFF,
    0xFF, 0x80, 0x03, 0xFF, 0xFF, 0x00, 0x01, 0xFF, 0xFE, 0x00, 0x00, 0x7F, 0xFC, 0x00, 0x00, 0x1F,
    0xE0, 0x00, 0x00, 0x00, 0x00, 0x00, 0x00, 0x00, 0x00, 0x00, 0x00, 0x00, 0x00, 0x00, 0x00, 0x00,
    0x00, 0x00, 0x00, 0x00, 0x00, 0x00, 0x00, 0x00, 0x00, 0x00, 0x00, 0x00, 0x00, 0x00, 0x00, 0x00,
    0x00, 0x00, 0x00, 0x00, 0x00, 0x00, 0x00, 0x00, 0x00, 0x00, 0x00, 0x00, 0x00, 0x00, 0x00, 0x00,
    0x00, 0x00, 0x00, 0x00, 0x00, 0x00, 0x00, 0x00, 0x00, 0x00, 0x00, 0x00, 0x00, 0x00, 0x00, 0x00,
    0x00, 0x00, 0x00, 0x00, 0x00, 0x00, 0x00, 0x00, 0x00, 0x00, 0x00, 0x00, 0x00, 0x00, 0x00, 0x00,
    0x00, 0x00, 0x00, 0x00, 0x00, 0x00, 0x1F, 0xFF, 0x80, 0x00, 0x1F, 0xFF, 0xF0, 0x00, 0x1F, 0xFF,
    0xFC, 0x00, 0x1F, 0xFF, 0xFE, 0x00, 0x1F, 0xFF, 0xFF, 0x00, 0x1F, 0x80, 0x7F, 0x00, 0x1F, 0x80,
    0x3F, 0x80, 0x1F, 0x80, 0x1F, 0xC0, 0x1F, 0x80, 0x0F, 0xC0, 0x1F, 0x80, 0x0F, 0xC0, 0x1F, 0x80,
    0x07, 0xC0, 0x1F, 0x80, 0x07, 0xE0, 0x1F, 0x80, 0x07, 0xE0, 0x1F, 0x80, 0x07, 0xE0, 0x1F, 0x80,
    0x07, 0xE0, 0x1F, 0x80, 0x07, 0xE0, 0x1F, 0x80, 0x07, 0xE0, 0x1F, 0x80, 0x07, 0xE0, 0x1F, 0x80,
    0x07, 0xC0, 0x1F, 0x80, 0x0F, 0xC0, 0x1F, 0x80, 0x0F, 0xC0, 0x1F, 0x80, 0x1F, 0xC0, 0x1F, 0x80,
    0x3F, 0x80, 0x1F, 0x80, 0x7F, 0x00, 0x1F, 0xFF, 0xFF, 0x00, 0x1F, 0xFF, 0xFE, 0x00, 0x1F, 0xFF,
    0xFC, 0x00, 0x1F, 0xFF, 0xF0, 0x00, 0x1F, 0xFF, 0x80, 0x00, 0x00, 0x00, 0x00, 0x00, 0x00, 0x00,
    0x00, 0x00, 0x00, 0x00, 0x00, 0x00, 0x00, 0x00, 0x00, 0x00, 0x00, 0x00, 0x00, 0x00, 0x00, 0x00,
    0x00, 0x00, 0x00, 0x00, 0x00, 0x00, 0x00, 0x00, 0x00, 0x00, 0x00, 0x00, 0x00, 0x00, 0x00, 0x00,
    0x00, 0x00, 0x00, 0x00, 0x00, 0x00, 0x00, 0x00, 0x00, 0x00, 0x00, 0x00, 0x00, 0x00, 0x00, 0x00,
    0x00, 0x00, 0x00, 0x00, 0x00, 0x00, 0x00, 0x00, 0x00, 0x00, 0x00, 0x00, 0x00, 0x00, 0x00, 0x00,
    0x00, 0x00, 0x00, 0x00, 0x1F, 0xFF, 0xFC, 0x1F, 0xFF, 0xFC, 0x1F, 0xFF, 0xFC, 0x1F, 0xFF, 0xFC,
    0x1F, 0xFF, 0xFC, 0x1F, 0x80, 0x00, 0x1F, 0x80, 0x00, 0x1F, 0x80, 0x00, 0x1F, 0x80, 0x00, 0x1F,
    0x80, 0x00, 0x1F, 0x80, 0x00, 0x1F, 0x80, 0x00, 0x1F, 0xFF, 0xF8, 0x1F, 0xFF, 0xF8, 0x1F, 0xFF,
    0xF8, 0x1F, 0xFF, 0xF8, 0x1F, 0xFF, 0xF8, 0x1F, 0x80, 0x00, 0x1F, 0x80, 0x00, 0x1F, 0x80, 0x00,
    0x1F, 0x80, 0x00, 0x1F, 0x80, 0x00, 0x1F, 0x80, 0x00, 0x1F, 0x80, 0x00, 0x1F, 0xFF, 0xFC, 0x1F,
    0xFF, 0xFC, 0x1F, 0xFF, 0xFC, 0x1F, 0xFF, 0xFC, 0x1F, 0xFF, 0xFC, 0x00, 0x00, 0x00, 0x00, 0x00,
    0x00, 0x00, 0x00, 0x00, 0x00, 0x00, 0x00, 0x00, 0x00, 0x00, 0x00, 0x00, 0x00, 0x00, 0x00, 0x00,
    0x00, 0x00, 0x00, 0x00, 0x00, 0x00, 0x00, 0x00, 0x00, 0x00, 0x00, 0x00, 0x00, 0x00, 0x00, 0x00,
    0x00, 0x00, 0x00, 0x00, 0x00, 0x00, 0x00, 0x00, 0x00, 0x00, 0x00, 0x00, 0x00, 0x00, 0x00, 0x00,
    0x00, 0x00, 0x00, 0x00, 0x00, 0x00, 0x00, 0x00, 0x00, 0x00, 0x1F, 0xFF, 0xFC, 0x1F, 0xFF, 0xFC,
    0x1F, 0xFF, 0xFC, 0x1F, 0xFF, 0xFC, 0x1F, 0xFF, 0xF8, 0x1F, 0x80, 0x00, 0x1F, 0x80, 0x00, 0x1F,
    0x80, 0x00, 0x1F, 0x80, 0x00, 0x1F, 0x80, 0x00, 0x1F, 0x80, 0x00, 0x1F, 0x80, 0x00, 0x1F, 0x80,
    0x00, 0x1F, 0xFF, 0xF8, 0x1F, 0xFF, 0xF8, 0x1F, 0xFF, 0xF8, 0x1F, 0xFF, 0xF8, 0x1F, 0xFF, 0xF0,
    0x1F, 0x80, 0x00, 0x1F, 0x80, 0x00, 0x1F, 0x80, 0x00, 0x1F, 0x80, 0x00, 0x1F, 0x80, 0x00, 0x1F,
    0x80, 0x00, 0x1F, 0x80, 0x00, 0x1F, 0x80, 0x00, 0x1F, 0x80, 0x00, 0x1F, 0x80, 0x00, 0x1F, 0x80,
    0x00, 0x00, 0x00, 0x00, 0x00, 0x00, 0x00, 0x00, 0x00, 0x00, 0x00, 0x00, 0x00, 0x00, 0x00, 0x00,
    0x00, 0x00, 0x00, 0x00, 0x00, 0x00, 0x00, 0x00, 0x00, 0x00, 0x00, 0x00, 0x00, 0x00, 0x00, 0x00,
    0x00, 0x00, 0x00, 0x00, 0x00, 0x00, 0x00, 0x00, 0x00, 0x00, 0x00, 0x00, 0x00, 0x00, 0x00, 0x00,
    0x00, 0x00, 0x00, 0x00, 0x00, 0x00, 0x00, 0x00, 0x00, 0x00, 0x00, 0x00, 0x00, 0x00, 0x00, 0x00,
    0x00, 0x00, 0x00, 0x00, 0x00, 0x00, 0x00, 0x00, 0x00, 0x00, 0x00, 0x1F, 0xE0, 0x00, 0x00, 0x7F,
    0xFC, 0x00, 0x01, 0xFF, 0xFE, 0x00, 0x03, 0xFF, 0xFF, 0x80, 0x07, 0xFF, 0xFF, 0xC0, 0x0F, 0xF8,
    0x3F, 0xC0, 0x0F, 0xE0, 0x0F, 0xE0, 0x1F, 0xC0, 0x07, 0xE0, 0x1F, 0x80, 0x07, 0xE0, 0x1F, 0x80,
    0x00, 0x00, 0x3F, 0x00, 0x00, 0x00, 0x3F, 0x00, 0x00, 0x00, 0x3F, 0x00, 0x00, 0x00, 0x3F, 0x00,
    0xFF, 0xF0, 0x3F, 0x00, 0xFF, 0xF0, 0x3F, 0x00, 0xFF, 0xF0, 0x3F, 0x00, 0xFF, 0xF0, 0x3F, 0x00,
    0xFF, 0xF0, 0x3F, 0x00, 0x03, 0xF0, 0x1F, 0x80, 0x03, 0xF0, 0x1F, 0x80, 0x07, 0xE0, 0x1F, 0xC0,
    0x07, 0xE0, 0x0F, 0xE0, 0x0F, 0xE0, 0x0F, 0xF8, 0x3F, 0xC0, 0x07, 0xFF, 0xFF, 0x80, 0x03, 0xFF,
    0xFF, 0x80, 0x01, 0xFF, 0xFE, 0x00, 0x00, 0x7F, 0xFC, 0x00, 0x00, 0x1F, 0xE0, 0x00, 0x00, 0x00,
    0x00, 0x00, 0x00, 0x00, 0x00, 0x00, 0x00, 0x00, 0x00, 0x00, 0x00, 0x00, 0x00, 0x00, 0x00, 0x00,
    0x00, 0x00, 0x00, 0x00, 0x00, 0x00, 0x00, 0x00, 0x00, 0x00, 0x00, 0x00, 0x00, 0x00, 0x00, 0x00,
    0x00, 0x00, 0x00, 0x00, 0x00, 0x00, 0x00, 0x00, 0x00, 0x00, 0x00, 0x00, 0x00, 0x00, 0x00, 0x00,
    0x00, 0x00, 0x00, 0x00, 0x00, 0x00, 0x00, 0x00, 0x00, 0x00, 0x00, 0x00, 0x00, 0x00, 0x00, 0x00,
    0x00, 0x00, 0x00, 0x00, 0x00, 0x00, 0x00, 0x00, 0x00, 0x00, 0x00, 0x00, 0x00, 0x00, 0x00, 0x00,
    0x00, 0x00, 0x1F, 0x80, 0x07, 0xE0, 0x1F, 0x80, 0x07, 0xE0, 0x1F, 0x80, 0x07, 0xE0, 0x1F, 0x80,
    0x07, 0xE0, 0x1F, 0x80, 0x07, 0xE0, 0x1F, 0x80, 0x07, 0xE0, 0x1F, 0x80, 0x07, 0xE0, 0x1F, 0x80,
    0x07, 0xE0, 0x1F, 0x80, 0x07, 0xE0, 0x1F, 0x80, 0x07, 0xE0, 0x1F, 0x80, 0x07, 0xE0, 0x1F, 0x80,
    0x07, 0xE0, 0x1F, 0xFF, 0xFF, 0xE0, 0x1F, 0xFF, 0xFF, 0xE0, 0x1F, 0xFF, 0xFF, 0xE0, 0x1F, 0xFF,
    0xFF, 0xE0, 0x1F, 0xFF, 0xFF, 0xE0, 0x1F, 0x80, 0x07, 0xE0, 0x1F, 0x80, 0x07, 0xE0, 0x1F, 0x80,
    0x07, 0xE0, 0x1F, 0x80, 0x07, 0xE0, 0x1F, 0x80, 0x07, 0xE0, 0x1F, 0x80, 0x07, 0xE0, 0x1F, 0x80,
    0x07, 0xE0, 0x1F, 0x80, 0x07, 0xE0, 0x1F, 0x80, 0x07, 0xE0, 0x1F, 0x80, 0x07, 0xE0, 0x1F, 0x80,
    0x07, 0xE0, 0x1F, 0x80, 0x07, 0xE0, 0x00, 0x00, 0x00, 0x00, 0x00, 0x00, 0x00, 0x00, 0x00, 0x00,
    0x00, 0x00, 0x00, 0x00, 0x00, 0x00, 0x00, 0x00, 0x00, 0x00, 0x00, 0x00, 0x00, 0x00, 0x00, 0x00,
    0x00, 0x00, 0x00, 0x00, 0x00, 0x00, 0x00, 0x00, 0x00, 0x00, 0x00, 0x00, 0x00, 0x00, 0x00, 0x00,
    0x00, 0x00, 0x00, 0x00, 0x00, 0x00, 0x00, 0x00, 0x00, 0x00, 0x00, 0x00, 0x00, 0x00, 0x00, 0x00,
    0x00, 0x00, 0x00, 0x00, 0x00, 0x00, 0x1F, 0x80, 0x1F, 0x80, 0x1F, 0x80, 0x1F, 0x80, 0x1F, 0x80,
    0x1F, 0x80, 0x1F, 0x80, 0x1F, 0x80, 0x1F, 0x80, 0x1F, 0x80, 0x1F, 0x80, 0x1F, 0x80, 0x1F, 0x80,
    0x1F, 0x80, 0x1F, 0x80, 0x1F, 0x80, 0x1F, 0x80, 0x1F, 0x80, 0x1F, 0x80, 0x1F, 0x80, 0x1F, 0x80,
    0x1F, 0x80, 0x1F, 0x80, 0x1F, 0x80, 0x1F, 0x80, 0x1F, 0x80, 0x1F, 0x80, 0x1F, 0x80, 0x1F, 0x80,
    0x00, 0x00, 0x00, 0x00, 0x00, 0x00, 0x00, 0x00, 0x00, 0x00, 0x00, 0x00, 0x00, 0x00, 0x00, 0x00,
    0x00, 0x00, 0x00, 0x00, 0x00, 0x00, 0x00, 0x00, 0x00, 0x00, 0x00, 0x00, 0x00, 0x00, 0x00, 0x00,
    0x00, 0x00, 0x00, 0x00, 0x00, 0x00, 0x00, 0x00, 0x00, 0x00, 0x00, 0x00, 0x00, 0x00, 0x00, 0x00,
    0x00, 0x00, 0x00, 0x00, 0x00, 0x03, 0xF0, 0x00, 0x03, 0xF0, 0x00, 0x03, 0xF0, 0x00, 0x03, 0xF0,
    0x00, 0x03, 0xF0, 0x00, 0x03, 0xF0, 0x00, 0x03, 0xF0, 0x00, 0x03, 0xF0, 0x00, 0x03, 0xF0, 0x00,
    0x03, 0xF0, 0x00, 0x03, 0xF0, 0x00, 0x03, 0xF0, 0x00, 0x03, 0xF0, 0x00, 0x03, 0xF0, 0x00, 0x03,
    0xF0, 0x00, 0x03, 0xF0, 0x00, 0x03, 0xF0, 0x00, 0x03, 0xF0, 0x7C, 0x03, 0xF0, 0x7E, 0x03, 0xF0,
    0x7E, 0x03, 0xF0, 0x7E, 0x03, 0xF0, 0x7E, 0x03, 0xF0, 0x7F, 0x07, 0xF0, 0x3F, 0xFF, 0xE0, 0x3F,
    0xFF, 0xE0, 0x1F, 0xFF, 0xC0, 0x07, 0xFF, 0x00, 0x01, 0xFC, 0x00, 0x00, 0x00, 0x00, 0x00, 0x00,
    0x00, 0x00, 0x00, 0x00, 0x00, 0x00, 0x00, 0x00, 0x00, 0x00, 0x00, 0x00, 0x00, 0x00, 0x00, 0x00,
    0x00, 0x00, 0x00, 0x00, 0x00, 0x00, 0x00, 0x00, 0x00, 0x00, 0x00, 0x00, 0x00, 0x00, 0x00, 0x00,
    0x00, 0x00, 0x00, 0x00, 0x00, 0x00, 0x00, 0x00, 0x00, 0x00, 0x00, 0x00, 0x00, 0x00, 0x00, 0x00,
    0x00, 0x00, 0x00, 0x00, 0x00, 0x00, 0x00, 0x00, 0x00, 0x00, 0x00, 0x00, 0x00, 0x00, 0x00, 0x00,
    0x00, 0x00, 0x00, 0x00, 0x1F, 0x80, 0x0F, 0xE0, 0x1F, 0x80, 0x1F, 0xC0, 0x1F, 0x80, 0x3F, 0x80,
    0x1F, 0x80, 0x7F, 0x00, 0x1F, 0x80, 0xFE, 0x00, 0x1F, 0x80, 0xFE, 0x00, 0x1F, 0x81, 0xFC, 0x00,
    0x1F, 0x83, 0xF8, 0x00, 0x1F, 0x87, 0xF0, 0x00, 0x1F, 0x8F, 0xE0, 0x00, 0x1F, 0x9F, 0xC0, 0x00,
    0x1F, 0x9F, 0xC0, 0x00, 0x1F, 0xBF, 0x80, 0x00, 0x1F, 0xFF, 0x80, 0x00, 0x1F, 0xFF, 0xC0, 0x00,
    0x1F, 0xFF, 0xE0, 0x00, 0x1F, 0xFF, 0xE0, 0x00, 0x1F, 0xF7, 0xF0, 0x00, 0x1F, 0xE3, 0xF8, 0x00,
    0x1F, 0xC1, 0xF8, 0x00, 0x1F, 0x81, 0xFC, 0x00, 0x1F, 0x80, 0xFE, 0x00, 0x1F, 0x80, 0xFE, 0x00,
    0x1F, 0x80, 0x7F, 0x00, 0x1F, 0x80, 0x3F, 0x80, 0x1F, 0x80, 0x3F, 0x80, 0x1F, 0x80, 0x1F, 0xC0,
    0x1F, 0x80, 0x0F, 0xE0, 0x1F, 0x80, 0x0F, 0xE0, 0x00, 0x00, 0x00, 0x00, 0x00, 0x00, 0x00, 0x00,
    0x00, 0x00, 0x00, 0x00, 0x00, 0x00, 0x00, 0x00, 0x00, 0x00, 0x00, 0x00, 0x00, 0x00, 0x00, 0x00,
    0x00, 0x00, 0x00, 0x00, 0x00, 0x00, 0x00, 0x00, 0x00, 0x00, 0x00, 0x00, 0x00, 0x00, 0x00, 0x00,
    0x00, 0x00, 0x00, 0x00, 0x00, 0x00, 0x00, 0x00, 0x00, 0x00, 0x00, 0x00, 0x00, 0x00, 0x00, 0x00,
    0x00, 0x00, 0x00, 0x00, 0x00, 0x00, 0x00, 0x00, 0x00, 0x00, 0x00, 0x00, 0x00, 0x00, 0x00, 0x00,
    0x00, 0x00, 0x1F, 0x80, 0x00, 0x1F, 0x80, 0x00, 0x1F, 0x80, 0x00, 0x1F, 0x80, 0x00, 0x1F, 0x80,
    0x00, 0x1F, 0x80, 0x00, 0x1F, 0x80, 0x00, 0x1F, 0x80, 0x00, 0x1F, 0x80, 0x00, 0x1F, 0x80, 0x00,
    0x1F, 0x80, 0x00, 0x1F, 0x80, 0x00, 0x1F, 0x80, 0x00, 0x1F, 0x80, 0x00, 0x1F, 0x80, 0x00, 0x1F,
    0x80, 0x00, 0x1F, 0x80, 0x00, 0x1F, 0x80, 0x00, 0x1F, 0x80, 0x00, 0x1F, 0x80, 0x00, 0x1F, 0x80,
    0x00, 0x1F, 0x80, 0x00, 0x1F, 0x80, 0x00, 0x1F, 0x80, 0x00, 0x1F, 0xFF, 0xF8, 0x1F, 0xFF, 0xF8,
    0x1F, 0xFF, 0xF8, 0x1F, 0xFF, 0xF8, 0x1F, 0xFF, 0xF8, 0x00, 0x00, 0x00, 0x00, 0x00, 0x00, 0x00,
    0x00, 0x00, 0x00, 0x00, 0x00, 0x00, 0x00, 0x00, 0x00, 0x00, 0x00, 0x00, 0x00, 0x00, 0x00, 0x00,
    0x00, 0x00, 0x00, 0x00, 0x00, 0x00, 0x00, 0x00, 0x00, 0x00, 0x00, 0x00, 0x00, 0x00, 0x00, 0x00,
    0x00, 0x00, 0x00, 0x00, 0x00, 0x00, 0x00, 0x00, 0x00, 0x00, 0x00, 0x00, 0x00, 0x00, 0x00, 0x00,
    0x00, 0x00, 0x00, 0x00, 0x00, 0x00, 0x00, 0x00, 0x00, 0x00, 0x00, 0x00, 0x00, 0x00, 0x00, 0x00,
    0x00, 0x00, 0x00, 0x00, 0x00, 0x00, 0x00, 0x00, 0x00, 0x00, 0x00, 0x00, 0x1F, 0xF0, 0x00, 0x7F,
    0xC0, 0x1F, 0xF8, 0x00, 0xFF, 0xC0, 0x1F, 0xF8, 0x00, 0xFF, 0xC0, 0x1F, 0xF8, 0x00, 0xFF, 0xC0,
    0x1F, 0xFC, 0x01, 0xFF, 0xC0, 0x1F, 0xFC, 0x01, 0xFF, 0xC0, 0x1F, 0xFC, 0x01, 0xFF, 0xC0, 0x1F,
    0xFE, 0x03, 0xFF, 0xC0, 0x1F, 0xBE, 0x03, 0xEF, 0xC0, 0x1F, 0xBE, 0x03, 0xEF, 0xC0, 0x1F, 0xBF,
    0x07, 0xEF, 0xC0, 0x1F, 0xBF, 0x07, 0xEF, 0xC0, 0x1F, 0x9F, 0x07, 0xCF, 0xC0, 0x1F, 0x9F, 0x8F,
    0xCF, 0xC0, 0x1F, 0x9F, 0x8F, 0xCF, 0xC0, 0x1F, 0x8F, 0x8F, 0x8F, 0xC0, 0x1F, 0x8F, 0x8F, 0x8F,
    0xC0, 0x1F, 0x8F, 0xDF, 0x8F, 0xC0, 0x1F, 0x87, 0xDF, 0x0F, 0xC0, 0x1F, 0x87, 0xDF, 0x0F, 0xC0,
    0x1F, 0x87, 0xDF, 0x0F, 0xC0, 0x1F, 0x83, 0xFE, 0x0F, 0xC0, 0x1F, 0x83, 0xFE, 0x0F, 0xC0, 0x1F,
    0x83, 0xFE, 0x0F, 0xC0, 0x1F, 0x81, 0xFC, 0x0F, 0xC0, 0x1F, 0x81, 0xFC, 0x0F, 0xC0, 0x1F, 0x81,
    0xFC, 0x0F, 0xC0, 0x1F, 0x80, 0xF8, 0x0F, 0xC0, 0x1F, 0x80, 0xF8, 0x0F, 0xC0, 0x00, 0x00, 0x00,
    0x00, 0x00, 0x00, 0x00, 0x00, 0x00, 0x00, 0x00, 0x00, 0x00, 0x00, 0x00, 0x00, 0x00, 0x00, 0x00,
    0x00, 0x00, 0x00, 0x00, 0x00, 0x00, 0x00, 0x00, 0x00, 0x00, 0x00, 0x00, 0x00, 0x00, 0x00, 0x00,
    0x00, 0x00, 0x00, 0x00, 0x00, 0x00, 0x00, 0x00, 0x00, 0x00, 0x00, 0x00, 0x00, 0x00, 0x00, 0x00,
    0x00, 0x00, 0x00, 0x00, 0x00, 0x00, 0x00, 0x00, 0x00, 0x00, 0x00, 0x00, 0x00, 0x00, 0x00, 0x00,
    0x00, 0x00, 0x00, 0x00, 0x00, 0x00, 0x00, 0x00, 0x00, 0x00, 0x00, 0x00, 0x00, 0x00, 0x00, 0x00,
    0x00, 0x00, 0x00, 0x00, 0x00, 0x00, 0x00, 0x00, 0x00, 0x00, 0x00, 0x00, 0x1F, 0xC0, 0x03, 0xF0,
    0x1F, 0xE0, 0x03, 0xF0, 0x1F, 0xE0, 0x03, 0xF0, 0x1F, 0xF0, 0x03, 0xF0, 0x1F, 0xF0, 0x03, 0xF0,
    0x1F, 0xF8, 0x03, 0xF0, 0x1F, 0xFC, 0x03, 0xF0, 0x1F, 0xFC, 0x03, 0xF0, 0x1F, 0xFE, 0x03, 0xF0,
    0x1F, 0xBE, 0x03, 0xF0, 0x1F, 0xBF, 0x03, 0xF0, 0x1F, 0x9F, 0x83, 0xF0, 0x1F, 0x9F, 0x83, 0xF0,
    0x1F, 0x8F, 0xC3, 0xF0, 0x1F, 0x8F, 0xC3, 0xF0, 0x1F, 0x87, 0xE3, 0xF0, 0x1F, 0x87, 0xF3, 0xF0,
    0x1F, 0x83, 0xF3, 0xF0, 0x1F, 0x81, 0xFB, 0xF0, 0x1F, 0x81, 0xFB, 0xF0, 0x1F, 0x80, 0xFF, 0xF0,
    0x1F, 0x80, 0x7F, 0xF0, 0x1F, 0x80, 0x7F, 0xF0, 0x1F, 0x80, 0x3F, 0xF0, 0x1F, 0x80, 0x3F, 0xF0,
    0x1F, 0x80, 0x1F, 0xF0, 0x1F, 0x80, 0x0F, 0xF0, 0x1F, 0x80, 0x0F, 0xF0, 0x1F, 0x80, 0x07, 0xF0,
    0x00, 0x00, 0x00, 0x00, 0x00, 0x00, 0x00, 0x00, 0x00, 0x00, 0x00, 0x00, 0x00, 0x00, 0x00, 0x00,
    0x00, 0x00, 0x00, 0x00, 0x00, 0x00, 0x00, 0x00, 0x00, 0x00, 0x00, 0x00, 0x00, 0x00, 0x00, 0x00,
    0x00, 0x00, 0x00, 0x00, 0x00, 0x00, 0x00, 0x00, 0x00, 0x00, 0x00, 0x00, 0x00, 0x00, 0x00, 0x00,
    0x00, 0x00, 0x00, 0x00, 0x00, 0x00, 0x00, 0x00, 0x00, 0x00, 0x00, 0x00, 0x00, 0x00, 0x00, 0x00,
    0x00, 0x00, 0x00, 0x00, 0x00, 0x00, 0x00, 0x00, 0x00, 0x00, 0x00, 0x00, 0x00, 0x00, 0x00, 0x00,
    0x00, 0x00, 0x00, 0x00, 0x00, 0x1F, 0xE0, 0x00, 0x00, 0x7F, 0xFC, 0x00, 0x01, 0xFF, 0xFF, 0x00,
    0x03, 0xFF, 0xFF, 0x80, 0x07, 0xFF, 0xFF, 0xC0, 0x0F, 0xF8, 0x3F, 0xC0, 0x0F, 0xE0, 0x0F, 0xE0,
    0x1F, 0xC0, 0x07, 0xE0, 0x1F, 0x80, 0x03, 0xF0, 0x1F, 0x80, 0x03, 0xF0, 0x3F, 0x00, 0x03, 0xF0,
    0x3F, 0x00, 0x01, 0xF8, 0x3F, 0x00, 0x01, 0xF8, 0x3F, 0x00, 0x01, 0xF8, 0x3F, 0x00, 0x01, 0xF8,
    0x3F, 0x00, 0x01, 0xF8, 0x3F, 0x00, 0x01, 0xF8, 0x3F, 0x00, 0x01, 0xF8, 0x3F, 0x00, 0x03, 0xF0,
    0x1F, 0x80, 0x03, 0xF0, 0x1F, 0x80, 0x03, 0xF0, 0x1F, 0xC0, 0x07, 0xE0, 0x0F, 0xE0, 0x0F, 0xE0,
    0x0F, 0xF8, 0x3F, 0xC0, 0x07, 0xFF, 0xFF, 0xC0, 0x03, 0xFF, 0xFF, 0x80, 0x01, 0xFF, 0xFF, 0x00,
    0x00, 0x7F, 0xFC, 0x00, 0x00, 0x1F, 0xE0, 0x00, 0x00, 0x00, 0x00, 0x00, 0x00, 0x00, 0x00, 0x00,
    0x00, 0x00, 0x00, 0x00, 0x00, 0x00, 0x00, 0x00, 0x00, 0x00, 0x00, 0x00, 0x00, 0x00, 0x00, 0x00,
    0x00, 0x00, 0x00, 0x00, 0x00, 0x00, 0x00, 0x00, 0x00, 0x00, 0x00, 0x00, 0x00, 0x00, 0x00, 0x00,
    0x00, 0x00, 0x00, 0x00, 0x00, 0x00, 0x00, 0x00, 0x00, 0x00, 0x00, 0x00, 0x00, 0x00, 0x00, 0x00,
    0x00, 0x00, 0x00, 0x00, 0x00, 0x00, 0x00, 0x00, 0x00, 0x00, 0x00, 0x00, 0x00, 0x00, 0x00, 0x00,
    0x00, 0x00, 0x00, 0x00, 0x00, 0x00, 0x00, 0x00, 0x00, 0x00, 0x00, 0x00, 0x1F, 0xFF, 0xC0, 0x00,
    0x1F, 0xFF, 0xF0, 0x00, 0x1F, 0xFF, 0xF8, 0x00, 0x1F, 0xFF, 0xFC, 0x00, 0x1F, 0xFF, 0xFE, 0x00,
    0x1F, 0x80, 0xFE, 0x00, 0x1F, 0x80, 0x7F, 0x00, 0x1F, 0x80, 0x3F, 0x00, 0x1F, 0x80, 0x3F, 0x00,
    0x1F, 0x80, 0x3F, 0x00, 0x1F, 0x80, 0x3F, 0x00, 0x1F, 0x80, 0x3F, 0x00, 0x1F, 0x80, 0x3F, 0x00,
    0x1F, 0x80, 0x7E, 0x00, 0x1F, 0x81, 0xFE, 0x00, 0x1F, 0xFF, 0xFC, 0x00, 0x1F, 0xFF, 0xFC, 0x00,
    0x1F, 0xFF, 0xF8, 0x00, 0x1F, 0xFF, 0xE0, 0x00, 0x1F, 0xFF, 0x00, 0x00, 0x1F, 0x80, 0x00, 0x00,
    0x1F, 0x80, 0x00, 0x00, 0x1F, 0x80, 0x00, 0x00, 0x1F, 0x80, 0x00, 0x00, 0x1F, 0x80, 0x00, 0x00,
    0x1F, 0x80, 0x00, 0x00, 0x1F, 0x80, 0x00, 0x00, 0x1F, 0x80, 0x00, 0x00, 0x1F, 0x80, 0x00, 0x00,
    0x00, 0x00, 0x00, 0x00, 0x00, 0x00, 0x00, 0x00, 0x00, 0x00, 0x00, 0x00, 0x00, 0x00, 0x00, 0x00,
    0x00, 0x00, 0x00, 0x00, 0x00, 0x00, 0x00, 0x00, 0x00, 0x00, 0x00, 0x00, 0x00, 0x00, 0x00, 0x00,
    0x00, 0x00, 0x00, 0x00, 0x00, 0x00, 0x00, 0x00, 0x00, 0x00, 0x00, 0x00, 0x00, 0x00, 0x00, 0x00,
    0x00, 0x00, 0x00, 0x00, 0x00, 0x00, 0x00, 0x00, 0x00, 0x00, 0x00, 0x00, 0x00, 0x00, 0x00, 0x00,
    0x00, 0x00, 0x00, 0x00, 0x00, 0x00, 0x00, 0x00, 0x00, 0x00, 0x00, 0x00, 0x00, 0x00, 0x00, 0x00,
    0x00, 0x00, 0x00, 0x00, 0x00, 0x1F, 0xE0, 0x00, 0x00, 0x7F, 0xFC, 0x00, 0x01, 0xFF, 0xFF, 0x00,
    0x03, 0xFF, 0xFF, 0x80, 0x07, 0xFF, 0xFF, 0xC0, 0x0F, 0xF8, 0x3F, 0xC0, 0x0F, 0xE0, 0x0F, 0xE0,
    0x1F, 0xC0, 0x07, 0xE0, 0x1F, 0x80, 0x03, 0xF0, 0x1F, 0x80, 0x03, 0xF0, 0x3F, 0x00, 0x03, 0xF0,
    0x3F, 0x00, 0x01, 0xF8, 0x3F, 0x00, 0x01, 0xF8, 0x3F, 0x00, 0x01, 0xF8, 0x3F, 0x00, 0x01, 0xF8,
    0x3F, 0x00, 0x01, 0xF8, 0x3F, 0x00, 0x01, 0xF8, 0x3F, 0x00, 0x01, 0xF8, 0x3F, 0x00, 0x03, 0xF0,
    0x1F, 0x83, 0xE3, 0xF0, 0x1F, 0x81, 0xF3, 0xF0, 0x1F, 0xC0, 0xFF, 0xE0, 0x0F, 0xE0, 0xFF, 0xE0,
    0x0F, 0xF8, 0x7F, 0xC0, 0x07, 0xFF, 0xFF, 0xC0, 0x03, 0xFF, 0xFF, 0x80, 0x01, 0xFF, 0xFF, 0x80,
    0x00, 0x7F, 0xFF, 0xC0, 0x00, 0x1F, 0xE7, 0xE0, 0x00, 0x00, 0x03, 0xE0, 0x00, 0x00, 0x01, 0xF0,
    0x00, 0x00, 0x00, 0x00, 0x00, 0x00, 0x00, 0x00, 0x00, 0x00, 0x00, 0x00, 0x00, 0x00, 0x00, 0x00,
    0x00, 0x00, 0x00, 0x00, 0x00, 0x00, 0x00, 0x00, 0x00, 0x00, 0x00, 0x00, 0x00, 0x00, 0x00, 0x00,
    0x00, 0x00, 0x00, 0x00, 0x00, 0x00, 0x00, 0x00, 0x00, 0x00, 0x00, 0x00, 0x00, 0x00, 0x00, 0x00,
    0x00, 0x00, 0x00, 0x00, 0x00, 0x00, 0x00, 0x00, 0x00, 0x00, 0x00, 0x00, 0x00, 0x00, 0x00, 0x00,
    0x00, 0x00, 0x00, 0x00, 0x00, 0x00, 0x00, 0x00, 0x00, 0x00, 0x00, 0x00, 0x1F, 0xFF, 0xC0, 0x00,
    0x1F, 0xFF, 0xF0, 0x00, 0x1F, 0xFF, 0xF8, 0x00, 0x1F, 0xFF, 0xFC, 0x00, 0x1F, 0xFF, 0xFE, 0x00,
    0x1F, 0x80, 0xFE, 0x00, 0x1F, 0x80, 0x7F, 0x00, 0x1F, 0x80, 0x3F, 0x00, 0x1F, 0x80, 0x3F, 0x00,
    0x1F, 0x80, 0x3F, 0x00, 0x1F, 0x80, 0x3F, 0x00, 0x1F, 0x80, 0x3F, 0x00, 0x1F, 0x80, 0x7F, 0x00,
    0x1F, 0x80, 0xFE, 0x00, 0x1F, 0xFF, 0xFE, 0x00, 0x1F, 0xFF, 0xFC, 0x00, 0x1F, 0xFF, 0xF8, 0x00,
    0x1F, 0xFF, 0xF0, 0x00, 0x1F, 0xFF, 0xF0, 0x00, 0x1F, 0x83, 0xF0, 0x00, 0x1F, 0x83, 0xF8, 0x00,
    0x1F, 0x81, 0xF8, 0x00, 0x1F, 0x81, 0xFC, 0x00, 0x1F, 0x80, 0xFC, 0x00, 0x1F, 0x80, 0xFE, 0x00,
    0x1F, 0x80, 0x7E, 0x00, 0x1F, 0x80, 0x7F, 0x00, 0x1F, 0x80, 0x3F, 0x00, 0x1F, 0x80, 0x3F, 0x80,
    0x00, 0x00, 0x00, 0x00, 0x00, 0x00, 0x00, 0x00, 0x00, 0x00, 0x00, 0x00, 0x00, 0x00, 0x00, 0x00,
    0x00, 0x00, 0x00, 0x00, 0x00, 0x00, 0x00, 0x00, 0x00, 0x00, 0x00, 0x00, 0x00, 0x00, 0x00, 0x00,
    0x00, 0x00, 0x00, 0x00, 0x00, 0x00, 0x00, 0x00, 0x00, 0x00, 0x00, 0x00, 0x00, 0x00, 0x00, 0x00,
    0x00, 0x00, 0x00, 0x00, 0x00, 0x00, 0x00, 0x00, 0x00, 0x00, 0x00, 0x00, 0x00, 0x00, 0x00, 0x00,
    0x00, 0x00, 0x00, 0x00, 0x00, 0x00, 0x00, 0x00, 0x00, 0x00, 0x00, 0x00, 0x00, 0x00, 0x00, 0x00,
    0x00, 0x00, 0x00, 0x00, 0x00, 0x7F, 0x80, 0x00, 0x03, 0xFF, 0xE0, 0x00, 0x07, 0xFF, 0xF8, 0x00,
    0x0F, 0xFF, 0xFC, 0x00, 0x1F, 0xFF, 0xFC, 0x00, 0x1F, 0x80, 0xFE, 0x00, 0x3F, 0x00, 0x7E, 0x00,
    0x3F, 0x00, 0x3E, 0x00, 0x3F, 0x00, 0x00, 0x00, 0x3F, 0x00, 0x00, 0x00, 0x3F, 0xC0, 0x00, 0x00,
    0x1F, 0xF8, 0x00, 0x00, 0x1F, 0xFF, 0x80, 0x00, 0x0F, 0xFF, 0xE0, 0x00, 0x07, 0xFF, 0xF8, 0x00,
    0x01, 0xFF, 0xFC, 0x00, 0x00, 0x3F, 0xFE, 0x00, 0x00, 0x03, 0xFE, 0x00, 0x00, 0x00, 0x7F, 0x00,
    0x00, 0x00, 0x3F, 0x00, 0x7E, 0x00, 0x3F, 0x00, 0x3E, 0x00, 0x3F, 0x00, 0x3F, 0x00, 0x7F, 0x00,
    0x3F, 0x80, 0xFE, 0x00, 0x1F, 0xFF, 0xFE, 0x00, 0x1F, 0xFF, 0xFC, 0x00, 0x0F, 0xFF, 0xF8, 0x00,
    0x03, 0xFF, 0xF0, 0x00, 0x00, 0xFF, 0x80, 0x00, 0x00, 0x00, 0x00, 0x00, 0x00, 0x00, 0x00, 0x00,
    0x00, 0x00, 0x00, 0x00, 0x00, 0x00, 0x00, 0x00, 0x00, 0x00, 0x00, 0x00, 0x00, 0x00, 0x00, 0x00,
    0x00, 0x00, 0x00, 0x00, 0x00, 0x00, 0x00, 0x00, 0x00, 0x00, 0x00, 0x00, 0x00, 0x00, 0x00, 0x00,
    0x00, 0x00, 0x00, 0x00, 0x00, 0x00, 0x00, 0x00, 0x00, 0x00, 0x00, 0x00, 0x00, 0x00, 0x00, 0x00,
    0x00, 0x00, 0x00, 0x00, 0x00, 0x00, 0x00, 0x00, 0x00, 0x00, 0x00, 0x00, 0x00, 0x00, 0x00, 0x00,
    0x00, 0x00, 0x00, 0x00, 0x00, 0x00, 0x00, 0x00, 0x00, 0x00, 0x00, 0x00, 0x7F, 0xFF, 0xFF, 0x00,
    0x7F, 0xFF, 0xFF, 0x00, 0x7F, 0xFF, 0xFF, 0x00, 0x7F, 0xFF, 0xFF, 0x00, 0x7F, 0xFF, 0xFF, 0x00,
    0x00, 0x3F, 0x00, 0x00, 0x00, 0x3F, 0x00, 0x00, 0x00, 0x3F, 0x00, 0x00, 0x00, 0x3F, 0x00, 0x00,
    0x00, 0x3F, 0x00, 0x00, 0x00, 0x3F, 0x00, 0x00, 0x00, 0x3F, 0x00, 0x00, 0x00, 0x3F, 0x00, 0x00,
    0x00, 0x3F, 0x00, 0x00, 0x00, 0x3F, 0x00, 0x00, 0x00, 0x3F, 0x00, 0x00, 0x00, 0x3F, 0x00, 0x00,
    0x00, 0x3F, 0x00, 0x00, 0x00, 0x3F, 0x00, 0x00, 0x00, 0x3F, 0x00, 0x00, 0x00, 0x3F, 0x00, 0x00,
    0x00, 0x3F, 0x00, 0x00, 0x00, 0x3F, 0x00, 0x00, 0x00, 0x3F, 0x00, 0x00, 0x00, 0x3F, 0x00, 0x00,
    0x00, 0x3F, 0x00, 0x00, 0x00, 0x3F, 0x00, 0x00, 0x00, 0x3F, 0x00, 0x00, 0x00, 0x3F, 0x00, 0x00,
    0x00, 0x00, 0x00, 0x00, 0x00, 0x00, 0x00, 0x00, 0x00, 0x00, 0x00, 0x00, 0x00, 0x00, 0x00, 0x00,
    0x00, 0x00, 0x00, 0x00, 0x00, 0x00, 0x00, 0x00, 0x00, 0x00, 0x00, 0x00, 0x00, 0x00, 0x00, 0x00,
    0x00, 0x00, 0x00, 0x00, 0x00, 0x00, 0x00, 0x00, 0x00, 0x00, 0x00, 0x00, 0x00, 0x00, 0x00, 0x00,
    0x00, 0x00, 0x00, 0x00, 0x00, 0x00, 0x00, 0x00, 0x00, 0x00, 0x00, 0x00, 0x00, 0x00, 0x00, 0x00,
    0x00, 0x00, 0x00, 0x00, 0x00, 0x00, 0x00, 0x00, 0x00, 0x00, 0x00, 0x00, 0x00, 0x00, 0x00, 0x00,
    0x00, 0x00, 0x00, 0x00, 0x1F, 0x80, 0x0F, 0xC0, 0x1F, 0x80, 0x0F, 0xC0, 0x1F, 0x80, 0x0F, 0xC0,
    0x1F, 0x80, 0x0F, 0xC0, 0x1F, 0x80, 0x0F, 0xC0, 0x1F, 0x80, 0x0F, 0xC0, 0x1F, 0x80, 0x0F, 0xC0,
    0x1F, 0x80, 0x0F, 0xC0, 0x1F, 0x80, 0x0F, 0xC0, 0x1F, 0x80, 0x0F, 0xC0, 0x1F, 0x80, 0x0F, 0xC0,
    0x1F, 0x80, 0x0F, 0xC0, 0x1F, 0x80, 0x0F, 0xC0, 0x1F, 0x80, 0x0F, 0xC0, 0x1F, 0x80, 0x0F, 0xC0,
    0x1F, 0x80, 0x0F, 0xC0, 0x1F, 0x80, 0x0F, 0xC0, 0x1F, 0x80, 0x0F, 0xC0, 0x1F, 0x80, 0x0F, 0xC0,
    0x1F, 0x80, 0x0F, 0xC0, 0x1F, 0x80, 0x0F, 0xC0, 0x1F, 0xC0, 0x1F, 0xC0, 0x0F, 0xE0, 0x3F, 0x80,
    0x0F, 0xF0, 0x7F, 0x80, 0x07, 0xFF, 0xFF, 0x00, 0x03, 0xFF, 0xFE, 0x00, 0x01, 0xFF, 0xFC, 0x00,
    0x00, 0xFF, 0xF8, 0x00, 0x00, 0x3F, 0xE0, 0x00, 0x00, 0x00, 0x00, 0x00, 0x00, 0x00, 0x00, 0x00,
    0x00, 0x00, 0x00, 0x00, 0x00, 0x00, 0x00, 0x00, 0x00, 0x00, 0x00, 0x00, 0x00, 0x00, 0x00, 0x00,
    0x00, 0x00, 0x00, 0x00, 0x00, 0x00, 0x00, 0x00, 0x00, 0x00, 0x00, 0x00, 0x00, 0x00, 0x00, 0x00,
    0x00, 0x00, 0x00, 0x00, 0x00, 0x00, 0x00, 0x00, 0x00, 0x00, 0x00, 0x00, 0x00, 0x00, 0x00, 0x00,
    0x00, 0x00, 0x00, 0x00, 0x00, 0x00, 0x00, 0x00, 0x00, 0x00, 0x00, 0x00, 0x00, 0x00, 0x00, 0x00,
    0x00, 0x00, 0x00, 0x00, 0x00, 0x00, 0x00, 0x00, 0x00, 0x00, 0x00, 0x00, 0x7F, 0x00, 0x03, 0xF0,
    0x7F, 0x00, 0x07, 0xF0, 0x3F, 0x00, 0x07, 0xE0, 0x3F, 0x80, 0x07, 0xE0, 0x3F, 0x80, 0x0F, 0xE0,
    0x1F, 0x80, 0x0F, 0xC0, 0x1F, 0xC0, 0x0F, 0xC0, 0x1F, 0xC0, 0x1F, 0xC0, 0x0F, 0xC0, 0x1F, 0x80,
    0x0F, 0xE0, 0x1F, 0x80, 0x0F, 0xE0, 0x3F, 0x80, 0x07, 0xE0, 0x3F, 0x00, 0x07, 0xE0, 0x3F, 0x00,
    0x03, 0xF0, 0x3F, 0x00, 0x03, 0xF0, 0x7E, 0x00, 0x03, 0xF0, 0x7E, 0x00, 0x01, 0xF8, 0x7E, 0x00,
    0x01, 0xF8, 0xFC, 0x00, 0x01, 0xF8, 0xFC, 0x00, 0x00, 0xFC, 0xFC, 0x00, 0x00, 0xFC, 0xF8, 0x00,
    0x00, 0xFD, 0xF8, 0x00, 0x00, 0x7D, 0xF8, 0x00, 0x00, 0x7F, 0xF0, 0x00, 0x00, 0x7F, 0xF0, 0x00,
    0x00, 0x3F, 0xF0, 0x00, 0x00, 0x3F, 0xE0, 0x00, 0x00, 0x3F, 0xE0, 0x00, 0x00, 0x1F, 0xE0, 0x00,
    0x00, 0x00, 0x00, 0x00, 0x00, 0x00, 0x00, 0x00, 0x00, 0x00, 0x00, 0x00, 0x00, 0x00, 0x00, 0x00,
    0x00, 0x00, 0x00, 0x00, 0x00, 0x00, 0x00, 0x00, 0x00, 0x00, 0x00, 0x00, 0x00, 0x00, 0x00, 0x00,
    0x00, 0x00, 0x00, 0x00, 0x00, 0x00, 0x00, 0x00, 0x00, 0x00, 0x00, 0x00, 0x00, 0x00, 0x00, 0x00,
    0x00, 0x00, 0x00, 0x00, 0x00, 0x00, 0x00, 0x00, 0x00, 0x00, 0x00, 0x00, 0x00, 0x00, 0x00, 0x00,
    0x00, 0x00, 0x00, 0x00, 0x00, 0x00, 0x00, 0x00, 0x00, 0x00, 0x00, 0x00, 0x00, 0x00, 0x00, 0x00,
    0x00, 0x00, 0x00, 0x00, 0x00, 0x00, 0x00, 0x00, 0x00, 0x00, 0x00, 0x00, 0x00, 0x00, 0x7E, 0x00,
    0x7E, 0x00, 0x7E, 0x7F, 0x00, 0x7F, 0x00, 0x7E, 0x3F, 0x00, 0x7F, 0x00, 0x7E, 0x3F, 0x00, 0xFF,
    0x00, 0xFE, 0x3F, 0x00, 0xFF, 0x00, 0xFC, 0x3F, 0x80, 0xFF, 0x80, 0xFC, 0x1F, 0x80, 0xFF, 0x80,
    0xFC, 0x1F, 0x81, 0xFF, 0x81, 0xFC, 0x1F, 0x81, 0xFF, 0x81, 0xF8, 0x1F, 0x81, 0xF7, 0xC1, 0xF8,
    0x0F, 0xC1, 0xF7, 0xC1, 0xF8, 0x0F, 0xC3, 0xF7, 0xC3, 0xF8, 0x0F, 0xC3, 0xE7, 0xC3, 0xF0, 0x0F,
    0xC3, 0xE7, 0xE3, 0xF0, 0x07, 0xE3, 0xE3, 0xE3, 0xF0, 0x07, 0xE7, 0xE3, 0xE3, 0xE0, 0x07, 0xE7,
    0xC3, 0xE7, 0xE0, 0x07, 0xE7, 0xC3, 0xE7, 0xE0, 0x03, 0xE7, 0xC1, 0xF7, 0xE0, 0x03, 0xF7, 0xC1,
    0xF7, 0xC0, 0x03, 0xF7, 0x81, 0xF7, 0xC0, 0x01, 0xFF, 0x81, 0xFF, 0xC0, 0x01, 0xFF, 0x80, 0xFF,
    0xC0, 0x01, 0xFF, 0x80, 0xFF, 0x80, 0x01, 0xFF, 0x00, 0xFF, 0x80, 0x00, 0xFF, 0x00, 0xFF, 0x80,
    0x00, 0xFF, 0x00, 0x7F, 0x80, 0x00, 0xFF, 0x00, 0x7F, 0x00, 0x00, 0xFE, 0x00, 0x7F, 0x00, 0x00,
    0x00, 0x00, 0x00, 0x00, 0x00, 0x00, 0x00, 0x00, 0x00, 0x00, 0x00, 0x00, 0x00, 0x00, 0x00, 0x00,
    0x00, 0x00, 0x00, 0x00, 0x00, 0x00, 0x00, 0x00, 0x00, 0x00, 0x00, 0x00, 0x00, 0x00, 0x00, 0x00,
    0x00, 0x00, 0x00, 0x00, 0x00, 0x00, 0x00, 0x00, 0x00, 0x00, 0x00, 0x00, 0x00, 0x00, 0x00, 0x00,
    0x00, 0x00, 0x00, 0x00, 0x00, 0x00, 0x00, 0x00, 0x00, 0x00, 0x00, 0x00, 0x00, 0x00, 0x00, 0x00,
    0x00, 0x00, 0x00, 0x00, 0x00, 0x00, 0x00, 0x00, 0x00, 0x00, 0x00, 0x00, 0x00, 0x00, 0x00, 0x00,
    0x00, 0x00, 0x00, 0x00, 0x00, 0x00, 0x00, 0x00, 0x00, 0x00, 0x00, 0x00, 0x00, 0x00, 0x3F, 0x80,
    0x0F, 0xE0, 0x1F, 0xC0, 0x0F, 0xC0, 0x0F, 0xE0, 0x1F, 0xC0, 0x0F, 0xE0, 0x3F, 0x80, 0x07, 0xF0,
    0x3F, 0x00, 0x03, 0xF0, 0x7F, 0x00, 0x03, 0xF8, 0xFE, 0x00, 0x01, 0xFC, 0xFC, 0x00, 0x00, 0xFD,
    0xFC, 0x00, 0x00, 0xFF, 0xF8, 0x00, 0x00, 0x7F, 0xF0, 0x00, 0x00, 0x3F, 0xF0, 0x00, 0x00, 0x3F,
    0xE0, 0x00, 0x00, 0x1F, 0xC0, 0x00, 0x00, 0x1F, 0xC0, 0x00, 0x00, 0x1F, 0xE0, 0x00, 0x00, 0x3F,
    0xF0, 0x00, 0x00, 0x7F, 0xF0, 0x00, 0x00, 0xFF, 0xF8, 0x00, 0x00, 0xFD, 0xFC, 0x00, 0x01, 0xFC,
    0xFC, 0x00, 0x03, 0xF8, 0xFE, 0x00, 0x03, 0xF0, 0x7F, 0x00, 0x07, 0xF0, 0x3F, 0x00, 0x0F, 0xE0,
    0x3F, 0x80, 0x0F, 0xC0, 0x1F, 0xC0, 0x1F, 0xC0, 0x1F, 0xC0, 0x3F, 0x80, 0x0F, 0xE0, 0x3F, 0x00,
    0x07, 0xF0, 0x00, 0x00, 0x00, 0x00, 0x00, 0x00, 0x00, 0x00, 0x00, 0x00, 0x00, 0x00, 0x00, 0x00,
    0x00, 0x00, 0x00, 0x00, 0x00, 0x00, 0x00, 0x00, 0x00, 0x00, 0x00, 0x00, 0x00, 0x00, 0x00, 0x00,
    0x00, 0x00, 0x00, 0x00, 0x00, 0x00, 0x00, 0x00, 0x00, 0x00, 0x00, 0x00, 0x00, 0x00, 0x00, 0x00,
    0x00, 0x00, 0x00, 0x00, 0x00, 0x00, 0x00, 0x00, 0x00, 0x00, 0x00, 0x00, 0x00, 0x00, 0x00, 0x00,
    0x00, 0x00, 0x00, 0x00, 0x00, 0x00, 0x00, 0x00, 0x00, 0x00, 0x00, 0x00, 0x00, 0x00, 0x00, 0x00,
    0x00, 0x00, 0x00, 0x00, 0x00, 0x00, 0x7F, 0x00, 0x0F, 0xE0, 0x7F, 0x00, 0x0F, 0xC0, 0x3F, 0x80,
    0x1F, 0xC0, 0x3F, 0x80, 0x1F, 0x80, 0x1F, 0xC0, 0x3F, 0x80, 0x0F, 0xC0, 0x3F, 0x00, 0x0F, 0xE0,
    0x7E, 0x00, 0x07, 0xE0, 0xFE, 0x00, 0x07, 0xF0, 0xFC, 0x00, 0x03, 0xF1, 0xFC, 0x00, 0x01, 0xF9,
    0xF8, 0x00, 0x01, 0xF9, 0xF8, 0x00, 0x00, 0xFF, 0xF0, 0x00, 0x00, 0xFF, 0xE0, 0x00, 0x00, 0x7F,
    0xE0, 0x00, 0x00, 0x7F, 0xC0, 0x00, 0x00, 0x3F, 0xC0, 0x00, 0x00, 0x1F, 0x80, 0x00, 0x00, 0x1F,
    0x80, 0x00, 0x00, 0x1F, 0x80, 0x00, 0x00, 0x1F, 0x80, 0x00, 0x00, 0x1F, 0x80, 0x00, 0x00, 0x1F,
    0x80, 0x00, 0x00, 0x1F, 0x80, 0x00, 0x00, 0x1F, 0x80, 0x00, 0x00, 0x1F, 0x80, 0x00, 0x00, 0x1F,
    0x80, 0x00, 0x00, 0x1F, 0x80, 0x00, 0x00, 0x1F, 0x80, 0x00, 0x00, 0x00, 0x00, 0x00, 0x00, 0x00,
    0x00, 0x00, 0x00, 0x00, 0x00, 0x00, 0x00, 0x00, 0x00, 0x00, 0x00, 0x00, 0x00, 0x00, 0x00, 0x00,
    0x00, 0x00, 0x00, 0x00, 0x00, 0x00, 0x00, 0x00, 0x00, 0x00, 0x00, 0x00, 0x00, 0x00, 0x00, 0x00,
    0x00, 0x00, 0x00, 0x00, 0x00, 0x00, 0x00, 0x00, 0x00, 0x00, 0x00, 0x00, 0x00, 0x00, 0x00, 0x00,
    0x00, 0x00, 0x00, 0x00, 0x00, 0x00, 0x00, 0x00, 0x00, 0x00, 0x00, 0x00, 0x00, 0x00, 0x00, 0x00,
    0x00, 0x00, 0x00, 0x00, 0x00, 0x00, 0x00, 0x00, 0x00, 0x00, 0x00, 0x00, 0x00, 0x00, 0x3F, 0xFF,
    0xFF, 0x00, 0x3F, 0xFF, 0xFF, 0x00, 0x3F, 0xFF, 0xFF, 0x00, 0x3F, 0xFF, 0xFF, 0x00, 0x3F, 0xFF,
    0xFE, 0x00, 0x00, 0x00, 0xFE, 0x00, 0x00, 0x01, 0xFC, 0x00, 0x00, 0x01, 0xF8, 0x00, 0x00, 0x03,
    0xF0, 0x00, 0x00, 0x07, 0xF0, 0x00, 0x00, 0x07, 0xE0, 0x00, 0x00, 0x0F, 0xC0, 0x00, 0x00, 0x1F,
    0xC0, 0x00, 0x00, 0x3F, 0x80, 0x00, 0x00, 0x3F, 0x00, 0x00, 0x00, 0x7F, 0x00, 0x00, 0x00, 0xFE,
    0x00, 0x00, 0x00, 0xFC, 0x00, 0x00, 0x01, 0xF8, 0x00, 0x00, 0x03, 0xF8, 0x00, 0x00, 0x03, 0xF0,
    0x00, 0x00, 0x07, 0xE0, 0x00, 0x00, 0x0F, 0xE0, 0x00, 0x00, 0x1F, 0xC0, 0x00, 0x00, 0x1F, 0xFF,
    0xFF, 0x00, 0x3F, 0xFF, 0xFF, 0x00, 0x3F, 0xFF, 0xFF, 0x00, 0x3F, 0xFF, 0xFF, 0x00, 0x3F, 0xFF,
    0xFF, 0x00, 0x00, 0x00, 0x00, 0x00, 0x00, 0x00, 0x00, 0x00, 0x00, 0x00, 0x00, 0x00, 0x00, 0x00,
    0x00, 0x00, 0x00, 0x00, 0x00, 0x00, 0x00, 0x00, 0x00, 0x00, 0x00, 0x00, 0x00, 0x00, 0x00, 0x00,
    0x00, 0x00, 0x00, 0x00, 0x00, 0x00, 0x00, 0x00, 0x00, 0x00, 0x00, 0x00, 0x00, 0x00, 0x00, 0x00,
    0x00, 0x00, 0x00, 0x00, 0x00, 0x00, 0x00, 0x00, 0x00, 0x00, 0x00, 0x00, 0x00, 0x00, 0x1F, 0xF8,
    0x1F, 0xF8, 0x1F, 0xF8, 0x1F, 0xF8, 0x1F, 0xF0, 0x1F, 0x80, 0x1F, 0x80, 0x1F, 0x80, 0x1F, 0x80,
    0x1F, 0x80, 0x1F, 0x80, 0x1F, 0x80, 0x1F, 0x80, 0x1F, 0x80, 0x1F, 0x80, 0x1F, 0x80, 0x1F, 0x80,
    0x1F, 0x80, 0x1F, 0x80, 0x1F, 0x80, 0x1F, 0x80, 0x1F, 0x80, 0x1F, 0x80, 0x1F, 0x80, 0x1F, 0x80,
    0x1F, 0x80, 0x1F, 0x80, 0x1F, 0x80, 0x1F, 0x80, 0x1F, 0x80, 0x1F, 0x80, 0x1F, 0xF0, 0x1F, 0xF8,
    0x1F, 0xF8, 0x1F, 0xF8, 0x1F, 0xF8, 0x00, 0x00, 0x00, 0x00, 0x00, 0x00, 0x00, 0x00, 0x00, 0x00,
    0x00, 0x00, 0x00, 0x00, 0x00, 0x00, 0x00, 0x00, 0x00, 0x00, 0x00, 0x00, 0x00, 0x00, 0x00, 0x00,
    0x00, 0x00, 0x78, 0x00, 0x7C, 0x00, 0x7C, 0x00, 0x7C, 0x00, 0x3E, 0x00, 0x3E, 0x00, 0x3E, 0x00,
    0x3E, 0x00, 0x1F, 0x00, 0x1F, 0x00, 0x1F, 0x00, 0x1F, 0x00, 0x0F, 0x80, 0x0F, 0x80, 0x0F, 0x80,
    0x0F, 0x80, 0x07, 0xC0, 0x07, 0xC0, 0x07, 0xC0, 0x03, 0xE0, 0x03, 0xE0, 0x03, 0xE0, 0x03, 0xE0,
    0x01, 0xF0, 0x01, 0xF0, 0x01, 0xF0, 0x01, 0xF0, 0x00, 0xF8, 0x00, 0xF8, 0x00, 0xF8, 0x00, 0xF8,
    0x00, 0x7C, 0x00, 0x7C, 0x00, 0x7C, 0x00, 0x3E, 0x00, 0x00, 0x00, 0x00, 0x00, 0x00, 0x00, 0x00,
    0x00, 0x00, 0x00, 0x00, 0x00, 0x00, 0x00, 0x00, 0x00, 0x00, 0x00, 0x00, 0x00, 0x00, 0x00, 0x00,
    0x00, 0x00, 0x00, 0x00, 0x00, 0x00, 0x3F, 0xF0, 0x3F, 0xF0, 0x3F, 0xF0, 0x3F, 0xF0, 0x3F, 0xF0,
    0x03, 0xF0, 0x03, 0xF0, 0x03, 0xF0, 0x03, 0xF0, 0x03, 0xF0, 0x03, 0xF0, 0x03, 0xF0, 0x03, 0xF0,
    0x03, 0xF0, 0x03, 0xF0, 0x03, 0xF0, 0x03, 0xF0, 0x03, 0xF0, 0x03, 0xF0, 0x03, 0xF0, 0x03, 0xF0,
    0x03, 0xF0, 0x03, 0xF0, 0x03, 0xF0, 0x03, 0xF0, 0x03, 0xF0, 0x03, 0xF0, 0x03, 0xF0, 0x03, 0xF0,
    0x03, 0xF0, 0x03, 0xF0, 0x3F, 0xF0, 0x3F, 0xF0, 0x3F, 0xF0, 0x3F, 0xF0, 0x3F, 0xF0, 0x00, 0x00,
    0x00, 0x00, 0x00, 0x00, 0x00, 0x00, 0x00, 0x00, 0x00, 0x00, 0x00, 0x00, 0x00, 0x00, 0x00, 0x00,
    0x00, 0x00, 0x00, 0x00, 0x00, 0x00, 0x00, 0x00, 0x00, 0x00, 0x00, 0x00, 0x00, 0x00, 0x00, 0x00,
    0x00, 0x00, 0x00, 0x00, 0x00, 0x00, 0x00, 0x00, 0x00, 0x00, 0x00, 0x01, 0xF0, 0x00, 0x03, 0xF8,
    0x00, 0x03, 0xF8, 0x00, 0x07, 0xFC, 0x00, 0x07, 0xBC, 0x00, 0x07, 0xBC, 0x00, 0x0F, 0x1E, 0x00,
    0x0F, 0x1E, 0x00, 0x1E, 0x0F, 0x00, 0x1E, 0x0F, 0x00, 0x3E, 0x0F, 0x80, 0x3C, 0x07, 0x80, 0x38,
    0x03, 0x80, 0x00, 0x00, 0x00, 0x00, 0x00, 0x00, 0x00, 0x00, 0x00, 0x00, 0x00, 0x00, 0x00, 0x00,
    0x00, 0x00, 0x00, 0x00, 0x00, 0x00, 0x00, 0x00, 0x00, 0x00, 0x00, 0x00, 0x00, 0x00, 0x00, 0x00,
    0x00, 0x00, 0x00, 0x00, 0x00, 0x00, 0x00, 0x00, 0x00, 0x00, 0x00, 0x00, 0x00, 0x00, 0x00, 0x00,
    0x00, 0x00, 0x00, 0x00, 0x00, 0x00, 0x00, 0x00, 0x00, 0x00, 0x00, 0x00, 0x00, 0x00, 0x00, 0x00,
    0x00, 0x00, 0x00, 0x00, 0x00, 0x00, 0x00, 0x00, 0x00, 0x00, 0x00, 0x00, 0x00, 0x00, 0x00, 0x00,
    0x00, 0x00, 0x00, 0x00, 0x00, 0x00, 0x00, 0x00, 0x00, 0x00, 0x00, 0x00, 0x00, 0x00, 0x00, 0x00,
    0x00, 0x00, 0x00, 0x00, 0x00, 0x00, 0x00, 0x00, 0x00, 0x00, 0x00, 0x00, 0x00, 0x00, 0x00, 0x00,
    0x00, 0x00, 0x00, 0x00, 0x00, 0x00, 0x00, 0x00, 0x00, 0x00, 0x00, 0x00, 0x00, 0x00, 0x00, 0x00,
    0x00, 0x00, 0x00, 0x00, 0x00, 0x00, 0x00, 0x00, 0x00, 0x00, 0x00, 0x00, 0x00, 0x00, 0x00, 0x00,
    0x00, 0x00, 0x00, 0x00, 0x00, 0x00, 0x00, 0x00, 0x00, 0x00, 0x00, 0x00, 0x00, 0x00, 0x00, 0x00,
    0x00, 0x00, 0x00, 0x00, 0x00, 0x00, 0x00, 0x00, 0x00, 0x00, 0x00, 0x00, 0x00, 0x00, 0x00, 0x00,
    0x00, 0x00, 0x00, 0x00, 0x00, 0x00, 0x00, 0x00, 0x00, 0x00, 0x00, 0x00, 0x00, 0x00, 0x00, 0x00,
    0x00, 0x00, 0xFF, 0xFF, 0xE0, 0xFF, 0xFF, 0xE0, 0xFF, 0xFF, 0xE0, 0xFF, 0xFF, 0xE0, 0xFF, 0xFF,
    0xE0, 0x00, 0x00, 0x00, 0x00, 0x00, 0x00, 0x00, 0x00, 0x00, 0x00, 0x00, 0x00, 0x00, 0x00, 0x00,
    0x00, 0x00, 0x00, 0x00, 0x00, 0x00, 0x00, 0x00, 0x00, 0x00, 0x00, 0x00, 0x00, 0x00, 0x00, 0x00,
    0x00, 0x00, 0x00, 0x00, 0x00, 0x00, 0x00, 0x00, 0x1F, 0x80, 0x0F, 0x80, 0x07, 0x80, 0x07, 0xC0,
    0x03, 0xC0, 0x01, 0xE0, 0x00, 0x00, 0x00, 0x00, 0x00, 0x00, 0x00, 0x00, 0x00, 0x00, 0x00, 0x00,
    0x00, 0x00, 0x00, 0x00, 0x00, 0x00, 0x00, 0x00, 0x00, 0x00, 0x00, 0x00, 0x00, 0x00, 0x00, 0x00,
    0x00, 0x00, 0x00, 0x00, 0x00, 0x00, 0x00, 0x00, 0x00, 0x00, 0x00, 0x00, 0x00, 0x00, 0x00, 0x00,
    0x00, 0x00, 0x00, 0x00, 0x00, 0x00, 0x00, 0x00, 0x00, 0x00, 0x00, 0x00, 0x00, 0x00, 0x00, 0x00,
    0x00, 0x00, 0x00, 0x00, 0x00, 0x00, 0x00, 0x00, 0x00, 0x00, 0x00, 0x00, 0x00, 0x00, 0x00, 0x00,
    0x00, 0x00, 0x00, 0x00, 0x00, 0x00, 0x00, 0x00, 0x00, 0x00, 0x00, 0x00, 0x00, 0x00, 0x00, 0x00,
    0x00, 0x00, 0x00, 0x00, 0x00, 0x00, 0x00, 0x00, 0x00, 0x00, 0x00, 0x00, 0x00, 0x00, 0x00, 0x00,
    0x00, 0x00, 0x00, 0x00, 0x00, 0x00, 0x00, 0x00, 0x00, 0x00, 0x00, 0x00, 0x00, 0x01, 0xFE, 0x00,
    0x07, 0xFF, 0x80, 0x0F, 0xFF, 0xC0, 0x1F, 0xFF, 0xE0, 0x3F, 0xFF, 0xF0, 0x3F, 0x07, 0xF0, 0x0E,
    0x03, 0xF0, 0x00, 0x03, 0xF0, 0x00, 0x03, 0xF0, 0x00, 0xFF, 0xF0, 0x0F, 0xFF, 0xF0, 0x1F, 0xFF,
    0xF0, 0x3F, 0xC3, 0xF0, 0x7F, 0x03, 0xF0, 0x7E, 0x03, 0xF0, 0x7E, 0x03, 0xF0, 0x7E, 0x07, 0xF0,
    0x7F, 0xFF, 0xF0, 0x3F, 0xFF, 0xF0, 0x3F, 0xFF, 0xF0, 0x1F, 0xFB, 0xF0, 0x07, 0xE3, 0xF0, 0x00,
    0x00, 0x00, 0x00, 0x00, 0x00, 0x00, 0x00, 0x00, 0x00, 0x00, 0x00, 0x00, 0x00, 0x00, 0x00, 0x00,
    0x00, 0x00, 0x00, 0x00, 0x00, 0x00, 0x00, 0x00, 0x00, 0x00, 0x00, 0x00, 0x00, 0x00, 0x00, 0x00,
    0x00, 0x00, 0x00, 0x00, 0x00, 0x00, 0x00, 0x00, 0x00, 0x00, 0x00, 0x00, 0x00, 0x00, 0x00, 0x00,
    0x00, 0x00, 0x00, 0x00, 0x00, 0x00, 0x00, 0x00, 0x00, 0x00, 0x00, 0x00, 0x00, 0x00, 0x3F, 0x00,
    0x00, 0x3F, 0x00, 0x00, 0x3F, 0x00, 0x00, 0x3F, 0x00, 0x00, 0x3F, 0x00, 0x00, 0x3F, 0x00, 0x00,
    0x3F, 0x00, 0x00, 0x3F, 0x1F, 0x80, 0x3F, 0x3F, 0xE0, 0x3F, 0x7F, 0xF0, 0x3F, 0xFF, 0xF8, 0x3F,
    0xFF, 0xF8, 0x3F, 0xC1, 0xFC, 0x3F, 0x80, 0xFC, 0x3F, 0x00, 0xFE, 0x3F, 0x00, 0x7E, 0x3F, 0x00,
    0x7E, 0x3F, 0x00, 0x7E, 0x3F, 0x00, 0x7E, 0x3F, 0x00, 0x7E, 0x3F, 0x00, 0x7E, 0x3F, 0x00, 0xFE,
    0x3F, 0x80, 0xFC, 0x3F, 0xC1, 0xFC, 0x3F, 0xFF, 0xF8, 0x3F, 0xFF, 0xF8, 0x3F, 0x7F, 0xF0, 0x3F,
    0x3F, 0xE0, 0x3F, 0x1F, 0x80, 0x00, 0x00, 0x00, 0x00, 0x00, 0x00, 0x00, 0x00, 0x00, 0x00, 0x00,
    0x00, 0x00, 0x00, 0x00, 0x00, 0x00, 0x00, 0x00, 0x00, 0x00, 0x00, 0x00, 0x00, 0x00, 0x00, 0x00,
    0x00, 0x00, 0x00, 0x00, 0x00, 0x00, 0x00, 0x00, 0x00, 0x00, 0x00, 0x00, 0x00, 0x00, 0x00, 0x00,
    0x00, 0x00, 0x00, 0x00, 0x00, 0x00, 0x00, 0x00, 0x00, 0x00, 0x00, 0x00, 0x00, 0x00, 0x00, 0x00,
    0x00, 0x00, 0x00, 0x00, 0x00, 0x00, 0x00, 0x00, 0x00, 0x00, 0x00, 0x00, 0x00, 0x00, 0x00, 0x00,
    0x00, 0x00, 0x00, 0x00, 0x00, 0x00, 0x00, 0x00, 0x00, 0x00, 0x7F, 0x00, 0x01, 0xFF, 0xC0, 0x07,
    0xFF, 0xE0, 0x0F, 0xFF, 0xF0, 0x0F, 0xFF, 0xF8, 0x1F, 0xC1, 0xF8, 0x1F, 0x80, 0xFC, 0x3F, 0x00,
    0xF0, 0x3F, 0x00, 0x00, 0x3F, 0x00, 0x00, 0x3F, 0x00, 0x00, 0x3F, 0x00, 0x00, 0x3F, 0x00, 0x00,
    0x3F, 0x00, 0x00, 0x3F, 0x00, 0xF8, 0x1F, 0x80, 0xFC, 0x1F, 0xC1, 0xF8, 0x0F, 0xFF, 0xF8, 0x0F,
    0xFF, 0xF0, 0x07, 0xFF, 0xE0, 0x01, 0xFF, 0xC0, 0x00, 0x7F, 0x00, 0x00, 0x00, 0x00, 0x00, 0x00,
    0x00, 0x00, 0x00, 0x00, 0x00, 0x00, 0x00, 0x00, 0x00, 0x00, 0x00, 0x00, 0x00, 0x00, 0x00, 0x00,
    0x00, 0x00, 0x00, 0x00, 0x00, 0x00, 0x00, 0x00, 0x00, 0x00, 0x00, 0x00, 0x00, 0x00, 0x00, 0x00,
    0x00, 0x00, 0x00, 0x00, 0x00, 0x00, 0x00, 0x00, 0x00, 0x00, 0x00, 0x00, 0x00, 0x00, 0x00, 0x00,
    0x00, 0x00, 0x00, 0x00, 0x00, 0x00, 0x00, 0x00, 0x00, 0x00, 0x00, 0x00, 0x00, 0x00, 0x00, 0x00,
    0x00, 0x00, 0x00, 0x00, 0x00, 0x00, 0x7E, 0x00, 0x00, 0x00, 0x7E, 0x00, 0x00, 0x00, 0x7E, 0x00,
    0x00, 0x00, 0x7E, 0x00, 0x00, 0x00, 0x7E, 0x00, 0x00, 0x00, 0x7E, 0x00, 0x00, 0x00, 0x7E, 0x00,
    0x00, 0xFC, 0x7E, 0x00, 0x03, 0xFE, 0x7E, 0x00, 0x07, 0xFF, 0x7E, 0x00, 0x0F, 0xFF, 0xFE, 0x00,
    0x1F, 0xFF, 0xFE, 0x00, 0x1F, 0xC1, 0xFE, 0x00, 0x1F, 0x80, 0xFE, 0x00, 0x3F, 0x00, 0xFE, 0x00,
    0x3F, 0x00, 0x7E, 0x00, 0x3F, 0x00, 0x7E, 0x00, 0x3F, 0x00, 0x7E, 0x00, 0x3F, 0x00, 0x7E, 0x00,
    0x3F, 0x00, 0x7E, 0x00, 0x3F, 0x00, 0x7E, 0x00, 0x3F, 0x00, 0xFE, 0x00, 0x1F, 0x80, 0xFE, 0x00,
    0x1F, 0xC1, 0xFE, 0x00, 0x1F, 0xFF, 0xFE, 0x00, 0x0F, 0xFF, 0xFE, 0x00, 0x07, 0xFF, 0x7E, 0x00,
    0x03, 0xFE, 0x7E, 0x00, 0x00, 0xFC, 0x7E, 0x00, 0x00, 0x00, 0x00, 0x00, 0x00, 0x00, 0x00, 0x00,
    0x00, 0x00, 0x00, 0x00, 0x00, 0x00, 0x00, 0x00, 0x00, 0x00, 0x00, 0x00, 0x00, 0x00, 0x00, 0x00,
    0x00, 0x00, 0x00, 0x00, 0x00, 0x00, 0x00, 0x00, 0x00, 0x00, 0x00, 0x00, 0x00, 0x00, 0x00, 0x00,
    0x00, 0x00, 0x00, 0x00, 0x00, 0x00, 0x00, 0x00, 0x00, 0x00, 0x00, 0x00, 0x00, 0x00, 0x00, 0x00,
    0x00, 0x00, 0x00, 0x00, 0x00, 0x00, 0x00, 0x00, 0x00, 0x00, 0x00, 0x00, 0x00, 0x00, 0x00, 0x00,
    0x00, 0x00, 0x00, 0x00, 0x00, 0x00, 0x00, 0x00, 0x00, 0x00, 0x00, 0x00, 0x00, 0x00, 0x00, 0x00,
    0x00, 0x00, 0x00, 0x00, 0x00, 0x00, 0x00, 0x00, 0x7F, 0x00, 0x01, 0xFF, 0xC0, 0x07, 0xFF, 0xE0,
    0x0F, 0xFF, 0xF0, 0x0F, 0xFF, 0xF8, 0x1F, 0x81, 0xF8, 0x1F, 0x80, 0xF8, 0x3F, 0x00, 0xFC, 0x3F,
    0xFF, 0xFC, 0x3F, 0xFF, 0xFC, 0x3F, 0xFF, 0xFC, 0x3F, 0xFF, 0xFC, 0x3F, 0x00, 0x00, 0x3F, 0x00,
    0x00, 0x3F, 0x00, 0x00, 0x1F, 0x80, 0xF0, 0x1F, 0xC1, 0xF8, 0x0F, 0xFF, 0xF8, 0x0F, 0xFF, 0xF0,
    0x07, 0xFF, 0xE0, 0x01, 0xFF, 0xC0, 0x00, 0x7F, 0x00, 0x00, 0x00, 0x00, 0x00, 0x00, 0x00, 0x00,
    0x00, 0x00, 0x00, 0x00, 0x00, 0x00, 0x00, 0x00, 0x00, 0x00, 0x00, 0x00, 0x00, 0x00, 0x00, 0x00,
    0x00, 0x00, 0x00, 0x00, 0x00, 0x00, 0x00, 0x00, 0x00, 0x00, 0x00, 0x00, 0x00, 0x00, 0x00, 0x00,
    0x00, 0x00, 0x00, 0x00, 0x00, 0x00, 0x00, 0x00, 0x00, 0x00, 0x00, 0x00, 0x00, 0xFC, 0x03, 0xFE,
    0x07, 0xFC, 0x07, 0xFC, 0x0F, 0xFC, 0x0F, 0xC0, 0x0F, 0xC0, 0x0F, 0xC0, 0xFF, 0xFC, 0xFF, 0xFC,
    0xFF, 0xFC, 0xFF, 0xFC, 0x7F, 0xFC, 0x0F, 0xC0, 0x0F, 0xC0, 0x0F, 0xC0, 0x0F, 0xC0, 0x0F, 0xC0,
    0x0F, 0xC0, 0x0F, 0xC0, 0x0F, 0xC0, 0x0F, 0xC0, 0x0F, 0xC0, 0x0F, 0xC0, 0x0F, 0xC0, 0x0F, 0xC0,
    0x0F, 0xC0, 0x0F, 0xC0, 0x0F, 0xC0, 0x0F, 0xC0, 0x00, 0x00, 0x00, 0x00, 0x00, 0x00, 0x00, 0x00,
    0x00, 0x00, 0x00, 0x00, 0x00, 0x00, 0x00, 0x00, 0x00, 0x00, 0x00, 0x00, 0x00, 0x00, 0x00, 0x00,
    0x00, 0x00, 0x00, 0x00, 0x00, 0x00, 0x00, 0x00, 0x00, 0x00, 0x00, 0x00, 0x00, 0x00, 0x00, 0x00,
    0x00, 0x00, 0x00, 0x00, 0x00, 0x00, 0x00, 0x00, 0x00, 0x00, 0x00, 0x00, 0x00, 0x00, 0x00, 0x00,
    0x00, 0x00, 0x00, 0x00, 0x00, 0x00, 0x00, 0x00, 0x00, 0x00, 0x00, 0x00, 0x00, 0x00, 0x00, 0x00,
    0x00, 0x00, 0x00, 0x00, 0x00, 0x00, 0x00, 0x00, 0x00, 0x00, 0x00, 0x00, 0x00, 0x00, 0x00, 0x00,
    0x00, 0x00, 0x00, 0xFC, 0x7E, 0x00, 0x03, 0xFE, 0x7E, 0x00, 0x07, 0xFF, 0x7E, 0x00, 0x0F, 0xFF,
    0xFE, 0x00, 0x1F, 0xFF, 0xFE, 0x00, 0x1F, 0xC1, 0xFE, 0x00, 0x1F, 0x80, 0xFE, 0x00, 0x3F, 0x00,
    0xFE, 0x00, 0x3F, 0x00, 0x7E, 0x00, 0x3F, 0x00, 0x7E, 0x00, 0x3F, 0x00, 0x7E, 0x00, 0x3F, 0x00,
    0x7E, 0x00, 0x3F, 0x00, 0x7E, 0x00, 0x3F, 0x00, 0x7E, 0x00, 0x3F, 0x00, 0xFE, 0x00, 0x3F, 0x80,
    0xFE, 0x00, 0x1F, 0xC1, 0xFE, 0x00, 0x1F, 0xFF, 0xFE, 0x00, 0x0F, 0xFF, 0xFE, 0x00, 0x07, 0xFF,
    0x7E, 0x00, 0x03, 0xFE, 0x7E, 0x00, 0x00, 0xFC, 0x7E, 0x00, 0x00, 0x00, 0x7E, 0x00, 0x00, 0x00,
    0x7E, 0x00, 0x1F, 0x80, 0xFC, 0x00, 0x1F, 0xFF, 0xFC, 0x00, 0x0F, 0xFF, 0xF8, 0x00, 0x07, 0xFF,
    0xF0, 0x00, 0x03, 0xFF, 0xE0, 0x00, 0x00, 0xFF, 0x80, 0x00, 0x00, 0x00, 0x00, 0x00, 0x00, 0x00,
    0x00, 0x00, 0x00, 0x00, 0x00, 0x00, 0x00, 0x00, 0x00, 0x00, 0x00, 0x00, 0x00, 0x00, 0x00, 0x00,
    0x00, 0x00, 0x00, 0x00, 0x00, 0x00, 0x00, 0x00, 0x00, 0x00, 0x00, 0x00, 0x00, 0x00, 0x00, 0x00,
    0x00, 0x00, 0x00, 0x00, 0x3F, 0x00, 0x00, 0x3F, 0x00, 0x00, 0x3F, 0x00, 0x00, 0x3F, 0x00, 0x00,
    0x3F, 0x00, 0x00, 0x3F, 0x00, 0x00, 0x3F, 0x00, 0x00, 0x3F, 0x1F, 0x80, 0x3F, 0x3F, 0xE0, 0x3F,
    0x7F, 0xF0, 0x3F, 0xFF, 0xF8, 0x3F, 0xFF, 0xF8, 0x3F, 0x81, 0xFC, 0x3F, 0x81, 0xFC, 0x3F, 0x00,
    0xFC, 0x3F, 0x00, 0xFC, 0x3F, 0x00, 0xFC, 0x3F, 0x00, 0xFC, 0x3F, 0x00, 0xFC, 0x3F, 0x00, 0xFC,
    0x3F, 0x00, 0xFC, 0x3F, 0x00, 0xFC, 0x3F, 0x00, 0xFC, 0x3F, 0x00, 0xFC, 0x3F, 0x00, 0xFC, 0x3F,
    0x00, 0xFC, 0x3F, 0x00, 0xFC, 0x3F, 0x00, 0xFC, 0x3F, 0x00, 0xFC, 0x00, 0x00, 0x00, 0x00, 0x00,
    0x00, 0x00, 0x00, 0x00, 0x00, 0x00, 0x00, 0x00, 0x00, 0x00, 0x00, 0x00, 0x00, 0x00, 0x00, 0x00,
    0x00, 0x00, 0x00, 0x00, 0x00, 0x00, 0x00, 0x00, 0x00, 0x00, 0x00, 0x00, 0x00, 0x00, 0x00, 0x00,
    0x00, 0x00, 0x00, 0x00, 0x00, 0x00, 0x00, 0x00, 0x00, 0x00, 0x00, 0x00, 0x1E, 0x00, 0x3F, 0x00,
    0x3F, 0x00, 0x3F, 0x00, 0x3F, 0x00, 0x1E, 0x00, 0x00, 0x00, 0x00, 0x00, 0x00, 0x00, 0x3F, 0x00,
    0x3F, 0x00, 0x3F, 0x00, 0x3F, 0x00, 0x3F, 0x00, 0x3F, 0x00, 0x3F, 0x00, 0x3F, 0x00, 0x3F, 0x00,
    0x3F, 0x00, 0x3F, 0x00, 0x3F, 0x00, 0x3F, 0x00, 0x3F, 0x00, 0x3F, 0x00, 0x3F, 0x00, 0x3F, 0x00,
    0x3F, 0x00, 0x3F, 0x00, 0x3F, 0x00, 0x3F, 0x00, 0x3F, 0x00, 0x00, 0x00, 0x00, 0x00, 0x00, 0x00,
    0x00, 0x00, 0x00, 0x00, 0x00, 0x00, 0x00, 0x00, 0x00, 0x00, 0x00, 0x00, 0x00, 0x00, 0x00, 0x00,
    0x00, 0x00, 0x00, 0x00, 0x00, 0x00, 0x00, 0x00, 0x00, 0x00, 0x00, 0x00, 0x00, 0x00, 0x00, 0x00,
    0x0F, 0x00, 0x1F, 0x80, 0x1F, 0x80, 0x1F, 0x80, 0x1F, 0x80, 0x0F, 0x00, 0x00, 0x00, 0x00, 0x00,
    0x00, 0x00, 0x1F, 0x80, 0x1F, 0x80, 0x1F, 0x80, 0x1F, 0x80, 0x1F, 0x80, 0x1F, 0x80, 0x1F, 0x80,
    0x1F, 0x80, 0x1F, 0x80, 0x1F, 0x80, 0x1F, 0x80, 0x1F, 0x80, 0x1F, 0x80, 0x1F, 0x80, 0x1F, 0x80,
    0x1F, 0x80, 0x1F, 0x80, 0x1F, 0x80, 0x1F, 0x80, 0x1F, 0x80, 0x1F, 0x80, 0x1F, 0x80, 0x1F, 0x80,
    0x1F, 0x80, 0x1F, 0x80, 0xFF, 0x80, 0xFF, 0x00, 0xFF, 0x00, 0xFE, 0x00, 0xF8, 0x00, 0x00, 0x00,
    0x00, 0x00, 0x00, 0x00, 0x00, 0x00, 0x00, 0x00, 0x00, 0x00, 0x00, 0x00, 0x00, 0x00, 0x00, 0x00,
    0x00, 0x00, 0x00, 0x00, 0x00, 0x00, 0x00, 0x00, 0x00, 0x00, 0x00, 0x00, 0x00, 0x00, 0x00, 0x00,
    0x00, 0x00, 0x3F, 0x00, 0x00, 0x3F, 0x00, 0x00, 0x3F, 0x00, 0x00, 0x3F, 0x00, 0x00, 0x3F, 0x00,
    0x00, 0x3F, 0x00, 0x00, 0x3F, 0x00, 0x00, 0x3F, 0x01, 0xF8, 0x3F, 0x03, 0xF8, 0x3F, 0x07, 0xF0,
    0x3F, 0x0F, 0xE0, 0x3F, 0x0F, 0xC0, 0x3F, 0x1F, 0x80, 0x3F, 0x3F, 0x80, 0x3F, 0x7F, 0x00, 0x3F,
    0xFE, 0x00, 0x3F, 0xFC, 0x00, 0x3F, 0xFC, 0x00, 0x3F, 0xFE, 0x00, 0x3F, 0xFF, 0x00, 0x3F, 0xFF,
    0x00, 0x3F, 0x3F, 0x80, 0x3F, 0x1F, 0xC0, 0x3F, 0x0F, 0xC0, 0x3F, 0x0F, 0xE0, 0x3F, 0x07, 0xF0,
    0x3F, 0x03, 0xF0, 0x3F, 0x03, 0xF8, 0x3F, 0x01, 0xFC, 0x00, 0x00, 0x00, 0x00, 0x00, 0x00, 0x00,
    0x00, 0x00, 0x00, 0x00, 0x00, 0x00, 0x00, 0x00, 0x00, 0x00, 0x00, 0x00, 0x00, 0x00, 0x00, 0x00,
    0x00, 0x00, 0x00, 0x00, 0x00, 0x00, 0x00, 0x00, 0x00, 0x00, 0x00, 0x00, 0x00, 0x00, 0x00, 0x00,
    0x00, 0x00, 0x00, 0x00, 0x00, 0x00, 0x00, 0x00, 0x00, 0x00, 0x00, 0x00, 0x00, 0x00, 0x3F, 0x00,
    0x3F, 0x00, 0x3F, 0x00, 0x3F, 0x00, 0x3F, 0x00, 0x3F, 0x00, 0x3F, 0x00, 0x3F, 0x00, 0x3F, 0x00,
    0x3F, 0x00, 0x3F, 0x00, 0x3F, 0x00, 0x3F, 0x00, 0x3F, 0x00, 0x3F, 0x00, 0x3F, 0x00, 0x3F, 0x00,
    0x3F, 0x00, 0x3F, 0x00, 0x3F, 0x00, 0x3F, 0x00, 0x3F, 0x00, 0x3F, 0x00, 0x3F, 0x00, 0x3F, 0x00,
    0x3F, 0x00, 0x3F, 0x00, 0x3F, 0x00, 0x3F, 0x00, 0x00, 0x00, 0x00, 0x00, 0x00, 0x00, 0x00, 0x00,
    0x00, 0x00, 0x00, 0x00, 0x00, 0x00, 0x00, 0x00, 0x00, 0x00, 0x00, 0x00, 0x00, 0x00, 0x00, 0x00,
    0x00, 0x00, 0x00, 0x00, 0x00, 0x00, 0x00, 0x00, 0x00, 0x00, 0x00, 0x00, 0x00, 0x00, 0x00, 0x00,
    0x00, 0x00, 0x00, 0x00, 0x00, 0x00, 0x00, 0x00, 0x00, 0x00, 0x00, 0x00, 0x00, 0x00, 0x00, 0x00,
    0x00, 0x00, 0x00, 0x00, 0x00, 0x00, 0x00, 0x00, 0x00, 0x00, 0x00, 0x00, 0x00, 0x00, 0x00, 0x00,
    0x00, 0x00, 0x00, 0x00, 0x00, 0x00, 0x00, 0x00, 0x00, 0x00, 0x00, 0x00, 0x00, 0x00, 0x00, 0x00,
    0x00, 0x00, 0x00, 0x00, 0x00, 0x00, 0x00, 0x00, 0x00, 0x00, 0x00, 0x00, 0x00, 0x00, 0x00, 0x00,
    0x00, 0x00, 0x00, 0x3F, 0x1F, 0x01, 0xF8, 0x00, 0x3F, 0x7F, 0x87, 0xFC, 0x00, 0x3F, 0x7F, 0xCF,
    0xFE, 0x00, 0x3F, 0xFF, 0xFF, 0xFF, 0x00, 0x3F, 0xFF, 0xFF, 0xFF, 0x00, 0x3F, 0x87, 0xF8, 0x3F,
    0x80, 0x3F, 0x03, 0xF0, 0x1F, 0x80, 0x3F, 0x03, 0xF0, 0x1F, 0x80, 0x3F, 0x03, 0xF0, 0x1F, 0x80,
    0x3F, 0x03, 0xF0, 0x1F, 0x80, 0x3F, 0x03, 0xF0, 0x1F, 0x80, 0x3F, 0x03, 0xF0, 0x1F, 0x80, 0x3F,
    0x03, 0xF0, 0x1F, 0x80, 0x3F, 0x03, 0xF0, 0x1F, 0x80, 0x3F, 0x03, 0xF0, 0x1F, 0x80, 0x3F, 0x03,
    0xF0, 0x1F, 0x80, 0x3F, 0x03, 0xF0, 0x1F, 0x80, 0x3F, 0x03, 0xF0, 0x1F, 0x80, 0x3F, 0x03, 0xF0,
    0x1F, 0x80, 0x3F, 0x03, 0xF0, 0x1F, 0x80, 0x3F, 0x03, 0xF0, 0x1F, 0x80, 0x3F, 0x03, 0xF0, 0x1F,
    0x80, 0x00, 0x00, 0x00, 0x00, 0x00, 0x00, 0x00, 0x00, 0x00, 0x00, 0x00, 0x00, 0x00, 0x00, 0x00,
    0x00, 0x00, 0x00, 0x00, 0x00, 0x00, 0x00, 0x00, 0x00, 0x00, 0x00, 0x00, 0x00, 0x00, 0x00, 0x00,
    0x00, 0x00, 0x00, 0x00, 0x00, 0x00, 0x00, 0x00, 0x00, 0x00, 0x00, 0x00, 0x00, 0x00, 0x00, 0x00,
    0x00, 0x00, 0x00, 0x00, 0x00, 0x00, 0x00, 0x00, 0x00, 0x00, 0x00, 0x00, 0x00, 0x00, 0x00, 0x00,
    0x00, 0x00, 0x00, 0x00, 0x00, 0x00, 0x00, 0x00, 0x00, 0x00, 0x00, 0x00, 0x00, 0x00, 0x00, 0x00,
    0x00, 0x00, 0x00, 0x00, 0x00, 0x00, 0x00, 0x00, 0x00, 0x00, 0x00, 0x00, 0x00, 0x00, 0x00, 0x00,
    0x00, 0x00, 0x00, 0x00, 0x00, 0x00, 0x00, 0x00, 0x00, 0x00, 0x00, 0x3F, 0x1F, 0x80, 0x3F, 0x3F,
    0xE0, 0x3F, 0x7F, 0xF0, 0x3F, 0xFF, 0xF8, 0x3F, 0xFF, 0xF8, 0x3F, 0x81, 0xFC, 0x3F, 0x81, 0xFC,
    0x3F, 0x00, 0xFC, 0x3F, 0x00, 0xFC, 0x3F, 0x00, 0xFC, 0x3F, 0x00, 0xFC, 0x3F, 0x00, 0xFC, 0x3F,
    0x00, 0xFC, 0x3F, 0x00, 0xFC, 0x3F, 0x00, 0xFC, 0x3F, 0x00, 0xFC, 0x3F, 0x00, 0xFC, 0x3F, 0x00,
    0xFC, 0x3F, 0x00, 0xFC, 0x3F, 0x00, 0xFC, 0x3F, 0x00, 0xFC, 0x3F, 0x00, 0xFC, 0x00, 0x00, 0x00,
    0x00, 0x00, 0x00, 0x00, 0x00, 0x00, 0x00, 0x00, 0x00, 0x00, 0x00, 0x00, 0x00, 0x00, 0x00, 0x00,
    0x00, 0x00, 0x00, 0x00, 0x00, 0x00, 0x00, 0x00, 0x00, 0x00, 0x00, 0x00, 0x00, 0x00, 0x00, 0x00,
    0x00, 0x00, 0x00, 0x00, 0x00, 0x00, 0x00, 0x00, 0x00, 0x00, 0x00, 0x00, 0x00, 0x00, 0x00, 0x00,
    0x00, 0x00, 0x00, 0x00, 0x00, 0x00, 0x00, 0x00, 0x00, 0x00, 0x00, 0x00, 0x00, 0x00, 0x00, 0x00,
    0x00, 0x00, 0x00, 0x00, 0x00, 0x00, 0x00, 0x00, 0x00, 0x00, 0x00, 0x00, 0x00, 0x00, 0x00, 0x00,
    0x00, 0x00, 0x7F, 0x00, 0x01, 0xFF, 0xC0, 0x07, 0xFF, 0xE0, 0x0F, 0xFF, 0xF0, 0x0F, 0xFF, 0xF8,
    0x1F, 0xC1, 0xFC, 0x1F, 0x80, 0xFC, 0x3F, 0x00, 0xFC, 0x3F, 0x00, 0x7E, 0x3F, 0x00, 0x7E, 0x3F,
    0x00, 0x7E, 0x3F, 0x00, 0x7E, 0x3F, 0x00, 0x7E, 0x3F, 0x00, 0x7E, 0x3F, 0x00, 0xFC, 0x1F, 0x80,
    0xFC, 0x1F, 0xC1, 0xFC, 0x0F, 0xFF, 0xF8, 0x0F, 0xFF, 0xF0, 0x07, 0xFF, 0xE0, 0x01, 0xFF, 0xC0,
    0x00, 0x7F, 0x00, 0x00, 0x00, 0x00, 0x00, 0x00, 0x00, 0x00, 0x00, 0x00, 0x00, 0x00, 0x00, 0x00,
    0x00, 0x00, 0x00, 0x00, 0x00, 0x00, 0x00, 0x00, 0x00, 0x00, 0x00, 0x00, 0x00, 0x00, 0x00, 0x00,
    0x00, 0x00, 0x00, 0x00, 0x00, 0x00, 0x00, 0x00, 0x00, 0x00, 0x00, 0x00, 0x00, 0x00, 0x00, 0x00,
    0x00, 0x00, 0x00, 0x00, 0x00, 0x00, 0x00, 0x00, 0x00, 0x00, 0x00, 0x00, 0x00, 0x00, 0x00, 0x00,
    0x00, 0x00, 0x00, 0x00, 0x00, 0x00, 0x00, 0x00, 0x00, 0x00, 0x00, 0x00, 0x00, 0x00, 0x00, 0x00,
    0x00, 0x00, 0x00, 0x00, 0x00, 0x00, 0x00, 0x3F, 0x1F, 0x80, 0x3F, 0x3F, 0xE0, 0x3F, 0x7F, 0xF0,
    0x3F, 0xFF, 0xF8, 0x3F, 0xFF, 0xF8, 0x3F, 0xC1, 0xFC, 0x3F, 0x80, 0xFC, 0x3F, 0x00, 0xFE, 0x3F,
    0x00, 0x7E, 0x3F, 0x00, 0x7E, 0x3F, 0x00, 0x7E, 0x3F, 0x00, 0x7E, 0x3F, 0x00, 0x7E, 0x3F, 0x00,
    0x7E, 0x3F, 0x00, 0xFC, 0x3F, 0x80, 0xFC, 0x3F, 0xC1, 0xFC, 0x3F, 0xFF, 0xF8, 0x3F, 0xFF, 0xF8,
    0x3F, 0x7F, 0xF0, 0x3F, 0x3F, 0xE0, 0x3F, 0x1F, 0x80, 0x3F, 0x00, 0x00, 0x3F, 0x00, 0x00, 0x3F,
    0x00, 0x00, 0x3F, 0x00, 0x00, 0x3F, 0x00, 0x00, 0x3F, 0x00, 0x00, 0x3F, 0x00, 0x00, 0x3F, 0x00,
    0x00, 0x00, 0x00, 0x00, 0x00, 0x00, 0x00, 0x00, 0x00, 0x00, 0x00, 0x00, 0x00, 0x00, 0x00, 0x00,
    0x00, 0x00, 0x00, 0x00, 0x00, 0x00, 0x00, 0x00, 0x00, 0x00, 0x00, 0x00, 0x00, 0x00, 0x00, 0x00,
    0x00, 0x00, 0x00, 0x00, 0x00, 0x00, 0x00, 0x00, 0x00, 0x00, 0x00, 0x00, 0x00, 0x00, 0x00, 0x00,
    0x00, 0x00, 0x00, 0x00, 0x00, 0x00, 0x00, 0x00, 0x00, 0x00, 0x00, 0x00, 0x00, 0x00, 0x00, 0x00,
    0x00, 0x00, 0x00, 0x00, 0x00, 0x00, 0x00, 0x00, 0x00, 0x00, 0x00, 0x00, 0x00, 0x00, 0x00, 0xFC,
    0x7E, 0x00, 0x03, 0xFE, 0x7E, 0x00, 0x07, 0xFF, 0x7E, 0x00, 0x0F, 0xFF, 0xFE, 0x00, 0x1F, 0xFF,
    0xFE, 0x00, 0x1F, 0xC1, 0xFE, 0x00, 0x1F, 0x80, 0xFE, 0x00, 0x3F, 0x00, 0xFE, 0x00, 0x3F, 0x00,
    0x7E, 0x00, 0x3F, 0x00, 0x7E, 0x00, 0x3F, 0x00, 0x7E, 0x00, 0x3F, 0x00, 0x7E, 0x00, 0x3F, 0x00,
    0x7E, 0x00, 0x3F, 0x00, 0x7E, 0x00, 0x3F, 0x00, 0xFE, 0x00, 0x1F, 0x80, 0xFE, 0x00, 0x1F, 0xC1,
    0xFE, 0x00, 0x1F, 0xFF, 0xFE, 0x00, 0x0F, 0xFF, 0xFE, 0x00, 0x07, 0xFF, 0x7E, 0x00, 0x03, 0xFE,
    0x7E, 0x00, 0x00, 0xFC, 0x7E, 0x00, 0x00, 0x00, 0x7E, 0x00, 0x00, 0x00, 0x7E, 0x00, 0x00, 0x00,
    0x7E, 0x00, 0x00, 0x00, 0x7E, 0x00, 0x00, 0x00, 0x7E, 0x00, 0x00, 0x00, 0x7E, 0x00, 0x00, 0x00,
    0x7E, 0x00, 0x00, 0x00, 0x7E, 0x00, 0x00, 0x00, 0x00, 0x00, 0x00, 0x00, 0x00, 0x00, 0x00, 0x00,
    0x00, 0x00, 0x00, 0x00, 0x00, 0x00, 0x00, 0x00, 0x00, 0x00, 0x00, 0x00, 0x00, 0x00, 0x00, 0x00,
    0x00, 0x00, 0x00, 0x00, 0x00, 0x00, 0x00, 0x00, 0x00, 0x00, 0x00, 0x00, 0x00, 0x00, 0x00, 0x00,
    0x00, 0x00, 0x00, 0x00, 0x3F, 0x1E, 0x3F, 0x7E, 0x3F, 0xFE, 0x3F, 0xFE, 0x3F, 0xFC, 0x3F, 0xC0,
    0x3F, 0x80, 0x3F, 0x00, 0x3F, 0x00, 0x3F, 0x00, 0x3F, 0x00, 0x3F, 0x00, 0x3F, 0x00, 0x3F, 0x00,
    0x3F, 0x00, 0x3F, 0x00, 0x3F, 0x00, 0x3F, 0x00, 0x3F, 0x00, 0x3F, 0x00, 0x3F, 0x00, 0x3F, 0x00,
    0x00, 0x00, 0x00, 0x00, 0x00, 0x00, 0x00, 0x00, 0x00, 0x00, 0x00, 0x00, 0x00, 0x00, 0x00, 0x00,
    0x00, 0x00, 0x00, 0x00, 0x00, 0x00, 0x00, 0x00, 0x00, 0x00, 0x00, 0x00, 0x00, 0x00, 0x00, 0x00,
    0x00, 0x00, 0x00, 0x00, 0x00, 0x00, 0x00, 0x00, 0x00, 0x00, 0x00, 0x00, 0x00, 0x00, 0x00, 0x00,
    0x00, 0x00, 0x00, 0x00, 0x00, 0x00, 0x00, 0x00, 0x00, 0x00, 0x00, 0x00, 0x00, 0x00, 0x00, 0x00,
    0x00, 0x00, 0x00, 0x00, 0x00, 0x00, 0x00, 0x00, 0x00, 0x01, 0xFC, 0x00, 0x07, 0xFF, 0x00, 0x0F,
    0xFF, 0xC0, 0x1F, 0xFF, 0xC0, 0x3F, 0xFF, 0xE0, 0x3F, 0x07, 0xE0, 0x3F, 0x03, 0x80, 0x3F, 0x00,
    0x00, 0x3F, 0x80, 0x00, 0x1F, 0xFC, 0x00, 0x0F, 0xFF, 0x80, 0x07, 0xFF, 0xC0, 0x00, 0xFF, 0xE0,
    0x00, 0x07, 0xF0, 0x00, 0x03, 0xF0, 0x3E, 0x03, 0xF0, 0x3F, 0x03, 0xF0, 0x3F, 0xFF, 0xF0, 0x1F,
    0xFF, 0xE0, 0x1F, 0xFF, 0xC0, 0x07, 0xFF, 0x80, 0x01, 0xFE, 0x00, 0x00, 0x00, 0x00, 0x00, 0x00,
    0x00, 0x00, 0x00, 0x00, 0x00, 0x00, 0x00, 0x00, 0x00, 0x00, 0x00, 0x00, 0x00, 0x00, 0x00, 0x00,
    0x00, 0x00, 0x00, 0x00, 0x00, 0x00, 0x00, 0x00, 0x00, 0x00, 0x00, 0x00, 0x00, 0x00, 0x00, 0x00,
    0x00, 0x00, 0x00, 0x00, 0x00, 0x00, 0x00, 0x00, 0x00, 0x00, 0x00, 0x00, 0x00, 0x00, 0x00, 0x00,
    0x00, 0x00, 0x00, 0x00, 0x0F, 0xC0, 0x0F, 0xC0, 0x0F, 0xC0, 0x0F, 0xC0, 0x0F, 0xC0, 0x7F, 0xFC,
    0x7F, 0xFC, 0x7F, 0xFC, 0x7F, 0xFC, 0x7F, 0xF8, 0x0F, 0xC0, 0x0F, 0xC0, 0x0F, 0xC0, 0x0F, 0xC0,
    0x0F, 0xC0, 0x0F, 0xC0, 0x0F, 0xC0, 0x0F, 0xC0, 0x0F, 0xC0, 0x0F, 0xC0, 0x0F, 0xC0, 0x0F, 0xC0,
    0x0F, 0xF8, 0x0F, 0xFC, 0x07, 0xFC, 0x03, 0xFC, 0x01, 0xFC, 0x00, 0x00, 0x00, 0x00, 0x00, 0x00,
    0x00, 0x00, 0x00, 0x00, 0x00, 0x00, 0x00, 0x00, 0x00, 0x00, 0x00, 0x00, 0x00, 0x00, 0x00, 0x00,
    0x00, 0x00, 0x00, 0x00, 0x00, 0x00, 0x00, 0x00, 0x00, 0x00, 0x00, 0x00, 0x00, 0x00, 0x00, 0x00,
    0x00, 0x00, 0x00, 0x00, 0x00, 0x00, 0x00, 0x00, 0x00, 0x00, 0x00, 0x00, 0x00, 0x00, 0x00, 0x00,
    0x00, 0x00, 0x00, 0x00, 0x00, 0x00, 0x00, 0x00, 0x00, 0x00, 0x00, 0x00, 0x00, 0x00, 0x00, 0x00,
    0x00, 0x00, 0x00, 0x3F, 0x00, 0xFC, 0x3F, 0x00, 0xFC, 0x3F, 0x00, 0xFC, 0x3F, 0x00, 0xFC, 0x3F,
    0x00, 0xFC, 0x3F, 0x00, 0xFC, 0x3F, 0x00, 0xFC, 0x3F, 0x00, 0xFC, 0x3F, 0x00, 0xFC, 0x3F, 0x00,
    0xFC, 0x3F, 0x00, 0xFC, 0x3F, 0x00, 0xFC, 0x3F, 0x00, 0xFC, 0x3F, 0x00, 0xFC, 0x3F, 0x00, 0xFC,
    0x3F, 0x01, 0xFC, 0x3F, 0x83, 0xFC, 0x1F, 0xFF, 0xFC, 0x1F, 0xFF, 0xFC, 0x0F, 0xFE, 0xFC, 0x07,
    0xFC, 0xFC, 0x01, 0xF0, 0xFC, 0x00, 0x00, 0x00, 0x00, 0x00, 0x00, 0x00, 0x00, 0x00, 0x00, 0x00,
    0x00, 0x00, 0x00, 0x00, 0x00, 0x00, 0x00, 0x00, 0x00, 0x00, 0x00, 0x00, 0x00, 0x00, 0x00, 0x00,
    0x00, 0x00, 0x00, 0x00, 0x00, 0x00, 0x00, 0x00, 0x00, 0x00, 0x00, 0x00, 0x00, 0x00, 0x00, 0x00,
    0x00, 0x00, 0x00, 0x00, 0x00, 0x00, 0x00, 0x00, 0x00, 0x00, 0x00, 0x00, 0x00, 0x00, 0x00, 0x00,
    0x00, 0x00, 0x00, 0x00, 0x00, 0x00, 0x00, 0x00, 0x00, 0x00, 0x00, 0x00, 0x00, 0x00, 0x00, 0x00,
    0x00, 0x00, 0x00, 0x00, 0x00, 0x00, 0x00, 0x00, 0x00, 0x7E, 0x00, 0x7E, 0x7E, 0x00, 0xFC, 0x7E,
    0x00, 0xFC, 0x3F, 0x00, 0xFC, 0x3F, 0x01, 0xF8, 0x1F, 0x01, 0xF8, 0x1F, 0x81, 0xF8, 0x1F, 0x83,
    0xF0, 0x0F, 0x83, 0xF0, 0x0F, 0xC3, 0xE0, 0x0F, 0xC3, 0xE0, 0x07, 0xC7, 0xE0, 0x07, 0xE7, 0xC0,
    0x07, 0xE7, 0xC0, 0x03, 0xEF, 0xC0, 0x03, 0xEF, 0x80, 0x03, 0xFF, 0x80, 0x01, 0xFF, 0x80, 0x01,
    0xFF, 0x00, 0x00, 0xFF, 0x00, 0x00, 0xFF, 0x00, 0x00, 0xFE, 0x00, 0x00, 0x00, 0x00, 0x00, 0x00,
    0x00, 0x00, 0x00, 0x00, 0x00, 0x00, 0x00, 0x00, 0x00, 0x00, 0x00, 0x00, 0x00, 0x00, 0x00, 0x00,
    0x00, 0x00, 0x00, 0x00, 0x00, 0x00, 0x00, 0x00, 0x00, 0x00, 0x00, 0x00, 0x00, 0x00, 0x00, 0x00,
    0x00, 0x00, 0x00, 0x00, 0x00, 0x00, 0x00, 0x00, 0x00, 0x00, 0x00, 0x00, 0x00, 0x00, 0x00, 0x00,
    0x00, 0x00, 0x00, 0x00, 0x00, 0x00, 0x00, 0x00, 0x00, 0x00, 0x00, 0x00, 0x00, 0x00, 0x00, 0x00,
    0x00, 0x00, 0x00, 0x00, 0x00, 0x00, 0x00, 0x00, 0x00, 0x00, 0x00, 0x00, 0x00, 0x00, 0x00, 0x00,
    0x00, 0x00, 0x00, 0x00, 0x00, 0x00, 0x00, 0x00, 0x00, 0x00, 0x00, 0x00, 0x00, 0x00, 0x00, 0x00,
    0x00, 0x00, 0x00, 0x00, 0x00, 0x00, 0x00, 0x00, 0x00, 0x00, 0x00, 0x00, 0x00, 0x00, 0x00, 0x00,
    0x00, 0x7E, 0x03, 0xE0, 0x3F, 0x00, 0x7E, 0x03, 0xF0, 0x3F, 0x00, 0x7E, 0x07, 0xF0, 0x3F, 0x00,
    0x3E, 0x07, 0xF0, 0x3F, 0x00, 0x3F, 0x07, 0xF0, 0x7E, 0x00, 0x3F, 0x07, 0xF8, 0x7E, 0x00, 0x3F,
    0x0F, 0xF8, 0x7E, 0x00, 0x1F, 0x0F, 0xF8, 0x7C, 0x00, 0x1F, 0x8F, 0x78, 0x7C, 0x00, 0x1F, 0x8F,
    0x78, 0xFC, 0x00, 0x0F, 0x9F, 0x7C, 0xFC, 0x00, 0x0F, 0x9F, 0x3C, 0xF8, 0x00, 0x0F, 0x9E, 0x3C,
    0xF8, 0x00, 0x0F, 0xDE, 0x3D, 0xF8, 0x00, 0x07, 0xDE, 0x3F, 0xF0, 0x00, 0x07, 0xFE, 0x1F, 0xF0,
    0x00, 0x07, 0xFC, 0x1F, 0xF0, 0x00, 0x03, 0xFC, 0x1F, 0xF0, 0x00, 0x03, 0xFC, 0x1F, 0xE0, 0x00,
    0x03, 0xF8, 0x0F, 0xE0, 0x00, 0x03, 0xF8, 0x0F, 0xE0, 0x00, 0x01, 0xF8, 0x0F, 0xC0, 0x00, 0x00,
    0x00, 0x00, 0x00, 0x00, 0x00, 0x00, 0x00, 0x00, 0x00, 0x00, 0x00, 0x00, 0x00, 0x00, 0x00, 0x00,
    0x00, 0x00, 0x00, 0x00, 0x00, 0x00, 0x00, 0x00, 0x00, 0x00, 0x00, 0x00, 0x00, 0x00, 0x00, 0x00,
    0x00, 0x00, 0x00, 0x00, 0x00, 0x00, 0x00, 0x00, 0x00, 0x00, 0x00, 0x00, 0x00, 0x00, 0x00, 0x00,
    0x00, 0x00, 0x00, 0x00, 0x00, 0x00, 0x00, 0x00, 0x00, 0x00, 0x00, 0x00, 0x00, 0x00, 0x00, 0x00,
    0x00, 0x00, 0x00, 0x00, 0x00, 0x00, 0x00, 0x00, 0x00, 0x00, 0x00, 0x00, 0x00, 0x00, 0x00, 0x00,
    0x00, 0x00, 0x00, 0x00, 0x00, 0x00, 0x00, 0x00, 0x00, 0x00, 0x00, 0x00, 0x00, 0x00, 0x00, 0x00,
    0x00, 0x00, 0x00, 0x00, 0x00, 0x00, 0x00, 0x00, 0x00, 0x7F, 0x01, 0xF8, 0x3F, 0x01, 0xF8, 0x1F,
    0x83, 0xF0, 0x1F, 0x87, 0xE0, 0x0F, 0xC7, 0xE0, 0x0F, 0xCF, 0xC0, 0x07, 0xEF, 0xC0, 0x03, 0xFF,
    0x80, 0x03, 0xFF, 0x00, 0x01, 0xFF, 0x00, 0x01, 0xFE, 0x00, 0x01, 0xFE, 0x00, 0x03, 0xFF, 0x00,
    0x03, 0xFF, 0x80, 0x07, 0xEF, 0x80, 0x07, 0xCF, 0xC0, 0x0F, 0xC7, 0xC0, 0x1F, 0x87, 0xE0, 0x1F,
    0x83, 0xF0, 0x3F, 0x03, 0xF0, 0x3F, 0x01, 0xF8, 0x7E, 0x01, 0xF8, 0x00, 0x00, 0x00, 0x00, 0x00,
    0x00, 0x00, 0x00, 0x00, 0x00, 0x00, 0x00, 0x00, 0x00, 0x00, 0x00, 0x00, 0x00, 0x00, 0x00, 0x00,
    0x00, 0x00, 0x00, 0x00, 0x00, 0x00, 0x00, 0x00, 0x00, 0x00, 0x00, 0x00, 0x00, 0x00, 0x00, 0x00,
    0x00, 0x00, 0x00, 0x00, 0x00, 0x00, 0x00, 0x00, 0x00, 0x00, 0x00, 0x00, 0x00, 0x00, 0x00, 0x00,
    0x00, 0x00, 0x00, 0x00, 0x00, 0x00, 0x00, 0x00, 0x00, 0x00, 0x00, 0x00, 0x00, 0x00, 0x00, 0x00,
    0x00, 0x00, 0x00, 0x00, 0x00, 0x00, 0x00, 0x00, 0x00, 0x00, 0x00, 0x00, 0x00, 0x00, 0x00, 0x7E,
    0x00, 0x7E, 0x7E, 0x00, 0xFC, 0x7E, 0x00, 0xFC, 0x3F, 0x00, 0xFC, 0x3F, 0x01, 0xF8, 0x1F, 0x01,
    0xF8, 0x1F, 0x81, 0xF0, 0x1F, 0x83, 0xF0, 0x0F, 0x83, 0xF0, 0x0F, 0xC3, 0xE0, 0x0F, 0xC7, 0xE0,
    0x07, 0xC7, 0xE0, 0x07, 0xE7, 0xC0, 0x03, 0xEF, 0xC0, 0x03, 0xEF, 0xC0, 0x03, 0xEF, 0x80, 0x01,
    0xFF, 0x80, 0x01, 0xFF, 0x00, 0x01, 0xFF, 0x00, 0x00, 0xFF, 0x00, 0x00, 0xFE, 0x00, 0x00, 0xFE,
    0x00, 0x00, 0xFE, 0x00, 0x00, 0xFC, 0x00, 0x00, 0xFC, 0x00, 0x1F, 0xF8, 0x00, 0x1F, 0xF8, 0x00,
    0x1F, 0xF0, 0x00, 0x1F, 0xE0, 0x00, 0x1F, 0x80, 0x00, 0x00, 0x00, 0x00, 0x00, 0x00, 0x00, 0x00,
    0x00, 0x00, 0x00, 0x00, 0x00, 0x00, 0x00, 0x00, 0x00, 0x00, 0x00, 0x00, 0x00, 0x00, 0x00, 0x00,
    0x00, 0x00, 0x00, 0x00, 0x00, 0x00, 0x00, 0x00, 0x00, 0x00, 0x00, 0x00, 0x00, 0x00, 0x00, 0x00,
    0x00, 0x00, 0x00, 0x00, 0x00, 0x00, 0x00, 0x00, 0x00, 0x00, 0x00, 0x00, 0x00, 0x00, 0x00, 0x00,
    0x00, 0x00, 0x00, 0x00, 0x00, 0x3F, 0xFF, 0xE0, 0x3F, 0xFF, 0xE0, 0x3F, 0xFF, 0xE0, 0x3F, 0xFF,
    0xE0, 0x3F, 0xFF, 0xC0, 0x00, 0x1F, 0xC0, 0x00, 0x1F, 0x80, 0x00, 0x3F, 0x00, 0x00, 0x7F, 0x00,
    0x00, 0x7E, 0x00, 0x00, 0xFC, 0x00, 0x01, 0xF8, 0x00, 0x03, 0xF8, 0x00, 0x03, 0xF0, 0x00, 0x07,
    0xE0, 0x00, 0x0F, 0xE0, 0x00, 0x1F, 0xC0, 0x00, 0x1F, 0xFF, 0xF0, 0x3F, 0xFF, 0xF0, 0x3F, 0xFF,
    0xF0, 0x3F, 0xFF, 0xF0, 0x3F, 0xFF, 0xF0, 0x00, 0x00, 0x00, 0x00, 0x00, 0x00, 0x00, 0x00, 0x00,
    0x00, 0x00, 0x00, 0x00, 0x00, 0x00, 0x00, 0x00, 0x00, 0x00, 0x00, 0x00, 0x00, 0x00, 0x00, 0x00,
    0x00, 0x00, 0x00, 0x00, 0x00, 0x00, 0x00, 0x00, 0x00, 0x00, 0x00, 0x00, 0x00, 0x00, 0x00, 0x00,
    0x00, 0x00, 0x00, 0x00, 0x00, 0x00, 0x00, 0x00, 0x00, 0x00, 0x00, 0x00, 0x00, 0x00, 0x00, 0x00,
    0x00, 0x0F, 0x80, 0x00, 0x7F, 0x80, 0x00, 0xFF, 0x80, 0x00, 0xFF, 0x80, 0x01, 0xFF, 0x00, 0x01,
    0xFC, 0x00, 0x01, 0xF8, 0x00, 0x01, 0xF8, 0x00, 0x01, 0xF8, 0x00, 0x01, 0xF8, 0x00, 0x01, 0xF8,
    0x00, 0x01, 0xF8, 0x00, 0x01, 0xF8, 0x00, 0x03, 0xF8, 0x00, 0x07, 0xF0, 0x00, 0x1F, 0xF0, 0x00,
    0x1F, 0xC0, 0x00, 0x1F, 0x00, 0x00, 0x1F, 0xC0, 0x00, 0x1F, 0xF0, 0x00, 0x07, 0xF0, 0x00, 0x03,
    0xF8, 0x00, 0x01, 0xF8, 0x00, 0x01, 0xF8, 0x00, 0x01, 0xF8, 0x00, 0x01, 0xF8, 0x00, 0x01, 0xF8,
    0x00, 0x01, 0xF8, 0x00, 0x01, 0xF8, 0x00, 0x01, 0xF8, 0x00, 0x01, 0xFC, 0x00, 0x01, 0xFF, 0x00,
    0x00, 0xFF, 0x80, 0x00, 0xFF, 0x80, 0x00, 0x3F, 0x80, 0x00, 0x0F, 0x80, 0x00, 0x00, 0x00, 0x00,
    0x00, 0x00, 0x00, 0x00, 0x00, 0x00, 0x00, 0x00, 0x00, 0x00, 0x00, 0x00, 0x00, 0x00, 0x07, 0xE0,
    0x07, 0xE0, 0x07, 0xE0, 0x07, 0xE0, 0x07, 0xE0, 0x07, 0xE0, 0x07, 0xE0, 0x07, 0xE0, 0x07, 0xE0,
    0x07, 0xE0, 0x07, 0xE0, 0x07, 0xE0, 0x07, 0xE0, 0x07, 0xE0, 0x07, 0xE0, 0x07, 0xE0, 0x07, 0xE0,
    0x07, 0xE0, 0x07, 0xE0, 0x07, 0xE0, 0x07, 0xE0, 0x07, 0xE0, 0x07, 0xE0, 0x07, 0xE0, 0x07, 0xE0,
    0x07, 0xE0, 0x07, 0xE0, 0x07, 0xE0, 0x07, 0xE0, 0x07, 0xE0, 0x07, 0xE0, 0x07, 0xE0, 0x07, 0xE0,
    0x07, 0xE0, 0x07, 0xE0, 0x07, 0xE0, 0x07, 0xE0, 0x07, 0xE0, 0x07, 0xE0, 0x07, 0xE0, 0x07, 0xE0,
    0x07, 0xE0, 0x07, 0xE0, 0x07, 0xE0, 0x07, 0xE0, 0x07, 0xE0, 0x07, 0xE0, 0x07, 0xE0, 0x00, 0x00,
    0x00, 0x00, 0x00, 0x00, 0x00, 0x00, 0x00, 0x00, 0x00, 0x00, 0x00, 0x00, 0x00, 0x00, 0x00, 0x00,
    0x00, 0x00, 0x00, 0x00, 0x00, 0x00, 0x00, 0x00, 0x00, 0x00, 0x3E, 0x00, 0x00, 0x3F, 0x80, 0x00,
    0x3F, 0xC0, 0x00, 0x3F, 0xE0, 0x00, 0x3F, 0xE0, 0x00, 0x07, 0xF0, 0x00, 0x03, 0xF0, 0x00, 0x03,
    0xF0, 0x00, 0x03, 0xF0, 0x00, 0x03, 0xF0, 0x00, 0x03, 0xF0, 0x00, 0x03, 0xF0, 0x00, 0x03, 0xF0,
    0x00, 0x03, 0xF0, 0x00, 0x03, 0xF8, 0x00, 0x01, 0xFE, 0x00, 0x00, 0xFE, 0x00, 0x00, 0x3E, 0x00,
    0x00, 0xFE, 0x00, 0x01, 0xFE, 0x00, 0x03, 0xF8, 0x00, 0x03, 0xF0, 0x00, 0x03, 0xF0, 0x00, 0x03,
    0xF0, 0x00, 0x03, 0xF0, 0x00, 0x03, 0xF0, 0x00, 0x03, 0xF0, 0x00, 0x03, 0xF0, 0x00, 0x03, 0xF0,
    0x00, 0x03, 0xF0, 0x00, 0x07, 0xF0, 0x00, 0x3F, 0xE0, 0x00, 0x3F, 0xE0, 0x00, 0x3F, 0xC0, 0x00,
    0x3F, 0x80, 0x00, 0x3E, 0x00, 0x00, 0x00, 0x00, 0x00, 0x00, 0x00, 0x00, 0x00, 0x00, 0x00, 0x00,
    0x00, 0x00, 0x00, 0x00, 0x00, 0x00, 0x00, 0x00, 0x00, 0x00, 0x00, 0x00, 0x00, 0x00, 0x00, 0x00,
    0x00, 0x00, 0x00, 0x00, 0x00, 0x00, 0x00, 0x00, 0x00, 0x00, 0x00, 0x00, 0x00, 0x00, 0x00, 0x00,
    0x00, 0x00, 0x00, 0x00, 0x00, 0x00, 0x00, 0x00, 0x00, 0x00, 0x00, 0x00, 0x00, 0x00, 0x00, 0x00,
    0x00, 0x00, 0x00, 0x00, 0x00, 0x00, 0x00, 0x00, 0x00, 0x00, 0x00, 0x00, 0x00, 0x00, 0x00, 0x00,
    0x00, 0x00, 0x00, 0x00, 0x00, 0x00, 0x00, 0x00, 0x00, 0x00, 0x00, 0x00, 0x00, 0x00, 0x00, 0x00,
    0x00, 0x00, 0x00, 0x00, 0x00, 0x00, 0x00, 0x00, 0x00, 0x00, 0x00, 0x00, 0x00, 0x00, 0x00, 0x00,
    0x00, 0x00, 0x00, 0x00, 0x00, 0xC0, 0x00, 0x00, 0x03, 0xF0, 0x1E, 0x00, 0x07, 0xFC, 0x1E, 0x00,
    0x0F, 0xFE, 0x3E, 0x00, 0x0F, 0xFF, 0xFE, 0x00, 0x1F, 0x1F, 0xFC, 0x00, 0x1E, 0x0F, 0xFC, 0x00,
    0x1E, 0x07, 0xF8, 0x00, 0x00, 0x01, 0xE0, 0x00, 0x00, 0x00, 0x00, 0x00, 0x00, 0x00, 0x00, 0x00,
    0x00, 0x00, 0x00, 0x00, 0x00, 0x00, 0x00, 0x00, 0x00, 0x00, 0x00, 0x00, 0x00, 0x00, 0x00, 0x00,
    0x00, 0x00, 0x00, 0x00, 0x00, 0x00, 0x00, 0x00, 0x00, 0x00, 0x00, 0x00, 0x00, 0x00, 0x00, 0x00,
    0x00, 0x00, 0x00, 0x00, 0x00, 0x00, 0x00, 0x00, 0x00, 0x00, 0x00, 0x00, 0x00, 0x00, 0x00, 0x00,
    0x00, 0x00, 0x00, 0x00, 0x00, 0x00, 0x00, 0x00, 0x00, 0x00, 0x00, 0x00, 0x00, 0x00, 0x00, 0x00,
};

static const FontGlyph inter_heading_glyphs[] = {
    {0, 9, 9, 0},  // ' '
    {100, 13, 13, 0},  // '!'
    {200, 21, 21, 0},  // '"'
    {350, 25, 25, 0},  // '#'
    {550, 25, 25, 0},  // '$'
    {750, 41, 41, 0},  // '%'
    {1050, 27, 27, 0},  // '&'
    {1250, 13, 13, 0},  // '''
    {1350, 14, 14, 0},  // '('
    {1450, 15, 15, 0},  // ')'
    {1550, 21, 21, 0},  // '*'
    {1700, 26, 26, 0},  // '+'
    {1900, 13, 13, 0},  // ','
    {2000, 19, 19, 0},  // '-'
    {2150, 13, 13, 0},  // '.'
    {2250, 15, 15, 0},  // '/'
    {2350, 27, 27, 0},  // '0'
    {2550, 16, 16, 0},  // '1'
    {2650, 24, 24, 0},  // '2'
    {2800, 25, 25, 0},  // '3'
    {3000, 26, 26, 0},  // '4'
    {3200, 25, 25, 0},  // '5'
    {3400, 26, 26, 0},  // '6'
    {3600, 22, 22, 0},  // '7'
    {3750, 26, 26, 0},  // '8'
    {3950, 26, 26, 0},  // '9'
    {4150, 13, 13, 0},  // ':'
    {4250, 14, 14, 0},  // ';'
    {4350, 26, 26, 0},  // '<'
    {4550, 27, 27, 0},  // '='
    {4750, 27, 27, 0},  // '>'
    {4950, 22, 22, 0},  // '?'
    {5100, 40, 40, 0},  // '@'
    {5350, 29, 29, 0},  // 'A'
    {5550, 26, 26, 0},  // 'B'
    {5750, 29, 29, 0},  // 'C'
    {5950, 29, 29, 0},  // 'D'
    {6150, 24, 24, 0},  // 'E'
    {6300, 23, 23, 0},  // 'F'
    {6450, 30, 30, 0},  // 'G'
    {6650, 30, 30, 0},  // 'H'
    {6850, 11, 11, 0},  // 'I'
    {6950, 23, 23, 0},  // 'J'
    {7100, 29, 29, 0},  // 'K'
    {7300, 22, 22, 0},  // 'L'
    {7450, 37, 37, 0},  // 'M'
    {7700, 30, 30, 0},  // 'N'
    {7900, 31, 31, 0},  // 'O'
    {8100, 25, 25, 0},  // 'P'
    {8300, 31, 31, 0},  // 'Q'
    {8500, 26, 26, 0},  // 'R'
    {8700, 25, 25, 0},  // 'S'
    {8900, 25, 25, 0},  // 'T'
    {9100, 29, 29, 0},  // 'U'
    {9300, 29, 29, 0},  // 'V'
    {9500, 40, 40, 0},  // 'W'
    {9750, 29, 29, 0},  // 'X'
    {9950, 28, 28, 0},  // 'Y'
    {10150, 26, 26, 0},  // 'Z'
    {10350, 14, 14, 0},  // '['
    {10450, 15, 15, 0},  // '\'
    {10550, 15, 15, 0},  // ']'
    {10650, 19, 19, 0},  // '^'
    {10800, 19, 19, 0},  // '_'
    {10950, 14, 14, 0},  // '`'
    {11050, 22, 22, 0},  // 'a'
    {11200, 24, 24, 0},  // 'b'
    {11350, 23, 23, 0},  // 'c'
    {11500, 25, 25, 0},  // 'd'
    {11700, 23, 23, 0},  // 'e'
    {11850, 15, 15, 0},  // 'f'
    {11950, 25, 25, 0},  // 'g'
    {12150, 24, 24, 0},  // 'h'
    {12300, 10, 10, 0},  // 'i'
    {12400, 11, 10, -1},  // 'j'
    {12500, 23, 22, 0},  // 'k'
    {12650, 10, 10, 0},  // 'l'
    {12750, 35, 35, 0},  // 'm'
    {13000, 24, 24, 0},  // 'n'
    {13150, 24, 24, 0},  // 'o'
    {13300, 24, 24, 0},  // 'p'
    {13450, 25, 25, 0},  // 'q'
    {13650, 15, 15, 0},  // 'r'
    {13750, 21, 21, 0},  // 's'
    {13900, 15, 15, 0},  // 't'
    {14000, 24, 24, 0},  // 'u'
    {14150, 23, 23, 0},  // 'v'
    {14300, 33, 33, 0},  // 'w'
    {14550, 23, 23, 0},  // 'x'
    {14700, 23, 23, 0},  // 'y'
    {14850, 22, 22, 0},  // 'z'
    {15000, 18, 18, 0},  // '{'
    {15150, 15, 15, 0},  // '|'
    {15250, 18, 18, 0},  // '}'
    {15400, 26, 26, 0},  // '~'
};

static const Font inter_heading = {
    50, 39, 54, 32, 126,
    inter_heading_glyphs, inter_heading_bitmap,
};
