// =============================================================================
// LITERATA_HEADING BITMAP FONT
// =============================================================================
// Generated by tools/gen_font.py from Literata-Bold.ttf at 41 px, the size that gives the
// large face its 29 px capital. Do not edit; rerun the generator instead.
#pragma once

#include "ui/font.h"

static const uint8_t literata_heading_bitmap[] = {
    0x00, 0x00, 0x00, 0x00, 0x00, 0x00, 0x00, 0x00, 0x00, 0x00, 0x00, 0x00, 0x00, 0x00, 0x00, 0x00,
    0x00, 0x00, 0x00, 0x00, 0x00, 0x00, 0x00, 0x00, 0x00, 0x00, 0x00, 0x00, 0x00, 0x00, 0x00, 0x00,
    0x00, 0x00, 0x00, 0x00, 0x00, 0x00, 0x00, 0x00, 0x00, 0x00, 0x00, 0x00, 0x00, 0x00, 0x00, 0x00,
    0x00, 0x00, 0x00, 0x00, 0x00, 0x00, 0x00, 0x00, 0x00, 0x00, 0x00, 0x00, 0x00, 0x00, 0x00, 0x00,
    0x00, 0x00, 0x00, 0x00, 0x01, 0x00, 0x0F, 0xC0, 0x1F, 0xE0, 0x1F, 0xE0, 0x1F, 0xE0, 0x1F, 0xE0,
    0x1F, 0xE0, 0x1F, 0xE0, 0x0F, 0xC0, 0x0F, 0xC0, 0x0F, 0xC0, 0x0F, 0xC0, 0x0F, 0xC0, 0x07, 0x80,
    0x07, 0x80, 0x07, 0x80, 0x07, 0x80, 0x07, 0x80, 0x07, 0x80, 0x07, 0x80, 0x07, 0x80, 0x07, 0x80,
    0x00, 0x00, 0x02, 0x00, 0x0F, 0x80, 0x1F, 0xC0, 0x1F, 0xC0, 0x1F, 0xC0, 0x1F, 0xC0, 0x0F, 0x80,
    0x02, 0x00, 0x00, 0x00, 0x00, 0x00, 0x00, 0x00, 0x00, 0x00, 0x00, 0x00, 0x00, 0x00, 0x00, 0x00,
    0x00, 0x00, 0x00, 0x00, 0x00, 0x00, 0x00, 0x00, 0x00, 0x00, 0x00, 0x00, 0x00, 0x00, 0x00, 0x00,
    0x00, 0x00, 0x00, 0x00, 0x00, 0x00, 0x00, 0x00, 0x0E, 0x0E, 0x00, 0x1F, 0x1F, 0x00, 0x1F, 0x1F,
    0x00, 0x1F, 0x1F, 0x00, 0x1F, 0x1F, 0x00, 0x1E, 0x1E, 0x00, 0x0E, 0x0E, 0x00, 0x0E, 0x0E, 0x00,
    0x0E, 0x0E, 0x00, 0x0E, 0x0E, 0x00, 0x0C, 0x0C, 0x00, 0x00, 0x00, 0x00, 0x00, 0x00, 0x00, 0x00,
    0x00, 0x00, 0x00, 0x00, 0x00, 0x00, 0x00, 0x00, 0x00, 0x00, 0x00, 0x00, 0x00, 0x00, 0x00, 0x00,
    0x00, 0x00, 0x00, 0x00, 0x00, 0x00, 0x00, 0x00, 0x00, 0x00, 0x00, 0x00, 0x00, 0x00, 0x00, 0x00,
    0x00, 0x00, 0x00, 0x00, 0x00, 0x00, 0x00, 0x00, 0x00, 0x00, 0x00, 0x00, 0x00, 0x00, 0x00, 0x00,
    0x00, 0x00, 0x00, 0x00, 0x00, 0x00, 0x00, 0x00, 0x00, 0x00, 0x00, 0x00, 0x00, 0x00, 0x00, 0x00,
    0x00, 0x00, 0x00, 0x00, 0x00, 0x00, 0x00, 0x00, 0x00, 0x00, 0x00, 0x00, 0x00, 0x00, 0x00, 0x00,
    0x00, 0x00, 0x00, 0x00, 0x00, 0x00, 0x00, 0x00, 0x00, 0x00, 0x00, 0x00, 0x00, 0x00, 0x00, 0x00,
    0x00, 0x00, 0x00, 0x00, 0x00, 0x00, 0x00, 0x00, 0x00, 0x00, 0x00, 0x00, 0x00, 0x00, 0x00, 0x00,
    0x00, 0x00, 0x00, 0x00, 0x00, 0x00, 0x00, 0x00, 0x00, 0x00, 0x00, 0x00, 0x00, 0x00, 0x00, 0x00,
    0x00, 0x00, 0x00, 0x00, 0x00, 0x00, 0x00, 0x00, 0x00, 0x00, 0x00, 0x00, 0x00, 0x00, 0x00, 0x00,
    0x00, 0x00, 0x00, 0x00, 0x00, 0x00, 0x00, 0x00, 0x00, 0x78, 0x1E, 0x00, 0x00, 0x78, 0x3C, 0x00,
    0x00, 0x78, 0x3C, 0x00, 0x00, 0x78, 0x3C, 0x00, 0x00, 0xF0, 0x3C, 0x00, 0x1F, 0xFF, 0xFF, 0xE0,
    0x1F, 0xFF, 0xFF, 0xE0, 0x1F, 0xFF, 0xFF, 0xE0, 0x1F, 0xFF, 0xFF, 0xE0, 0x00, 0xF0, 0x78, 0x00,
    0x00, 0xF0, 0x78, 0x00, 0x01, 0xE0, 0x78, 0x00, 0x01, 0xE0, 0x78, 0x00, 0x01, 0xE0, 0x78, 0x00,
    0x01, 0xE0, 0xF0, 0x00, 0x3F, 0xFF, 0xFF, 0xC0, 0x7F, 0xFF, 0xFF, 0xC0, 0x7F, 0xFF, 0xFF, 0xC0,
    0x7F, 0xFF, 0xFF, 0x80, 0x03, 0xC0, 0xF0, 0x00, 0x03, 0xC0, 0xF0, 0x00, 0x03, 0xC1, 0xE0, 0x00,
    0x03, 0xC1, 0xE0, 0x00, 0x03, 0xC1, 0xE0, 0x00, 0x00, 0x00, 0x00, 0x00, 0x00, 0x00, 0x00, 0x00,
    0x00, 0x00, 0x00, 0x00, 0x00, 0x00, 0x00, 0x00, 0x00, 0x00, 0x00, 0x00, 0x00, 0x00, 0x00, 0x00,
    0x00, 0x00, 0x00, 0x00, 0x00, 0x00, 0x00, 0x00, 0x00, 0x00, 0x00, 0x00, 0x00, 0x00, 0x00, 0x00,
    0x00, 0x00, 0x00, 0x00, 0x00, 0x00, 0x00, 0x00, 0x00, 0x00, 0x00, 0x00, 0x00, 0x00, 0x00, 0x00,
    0x00, 0x00, 0x00, 0x00, 0x00, 0x00, 0x00, 0x00, 0x00, 0x00, 0x00, 0x00, 0x00, 0x1C, 0x00, 0x00,
    0x00, 0x1C, 0x00, 0x00, 0x00, 0x1C, 0x00, 0x00, 0x00, 0x1C, 0x0C, 0x00, 0x01, 0xFF, 0x9C, 0x00,
    0x07, 0xFF, 0xFC, 0x00, 0x0F, 0xFF, 0xFC, 0x00, 0x1F, 0xDD, 0xFC, 0x00, 0x1F, 0x9C, 0x7E, 0x00,
    0x3F, 0x1C, 0x3E, 0x00, 0x3F, 0x1C, 0x3E, 0x00, 0x3F, 0x1C, 0x1E, 0x00, 0x3F, 0x9C, 0x1C, 0x00,
    0x3F, 0xDC, 0x00, 0x00, 0x3F, 0xFC, 0x00, 0x00, 0x1F, 0xFF, 0x00, 0x00, 0x1F, 0xFF, 0xC0, 0x00,
    0x0F, 0xFF, 0xF0, 0x00, 0x07, 0xFF, 0xF8, 0x00, 0x01, 0xFF, 0xFC, 0x00, 0x00, 0x7F, 0xFE, 0x00,
    0x00, 0x1F, 0xFE, 0x00, 0x00, 0x1F, 0xFF, 0x00, 0x00, 0x1C, 0xFF, 0x00, 0x78, 0x1C, 0x7F, 0x00,
    0x7C, 0x1C, 0x7F, 0x00, 0x3C, 0x1C, 0x7F, 0x00, 0x3E, 0x1C, 0x7E, 0x00, 0x3F, 0x9C, 0xFE, 0x00,
    0x3F, 0xFF, 0xFC, 0x00, 0x3F, 0xFF, 0xF8, 0x00, 0x3B, 0xFF, 0xF0, 0x00, 0x38, 0xFF, 0xE0, 0x00,
    0x00, 0x1E, 0x00, 0x00, 0x00, 0x1C, 0x00, 0x00, 0x00, 0x1C, 0x00, 0x00, 0x00, 0x1C, 0x00, 0x00,
    0x00, 0x00, 0x00, 0x00, 0x00, 0x00, 0x00, 0x00, 0x00, 0x00, 0x00, 0x00, 0x00, 0x00, 0x00, 0x00,
    0x00, 0x00, 0x00, 0x00, 0x00, 0x00, 0x00, 0x00, 0x00, 0x00, 0x00, 0x00, 0x00, 0x00, 0x00, 0x00,
    0x00, 0x00, 0x00, 0x00, 0x00, 0x00, 0x00, 0x00, 0x00, 0x00, 0x00, 0x00, 0x00, 0x00, 0x00, 0x00,
    0x00, 0x00, 0x00, 0x00, 0x00, 0x00, 0x00, 0x00, 0x00, 0x00, 0x00, 0x00, 0x00, 0x00, 0x00, 0x00,
    0x00, 0x00, 0x00, 0x00, 0x00, 0x00, 0x00, 0x00, 0x00, 0x00, 0x00, 0x00, 0x00, 0x00, 0x00, 0x00,
    0x00, 0x00, 0x00, 0x00, 0x00, 0x00, 0x00, 0x00, 0x00, 0x00, 0x00, 0x00, 0x00, 0x00, 0x00, 0x00,
    0x00, 0x00, 0x07, 0xF0, 0x01, 0xF8, 0x00, 0x1F, 0xFC, 0x03, 0xF0, 0x00, 0x3F, 0xFE, 0x03, 0xE0,
    0x00, 0x3E, 0x3F, 0x07, 0xE0, 0x00, 0x7C, 0x1F, 0x0F, 0xC0, 0x00, 0x7C, 0x1F, 0x0F, 0xC0, 0x00,
    0x7C, 0x1F, 0x1F, 0x80, 0x00, 0x7C, 0x1F, 0x1F, 0x00, 0x00, 0x7C, 0x1F, 0x3F, 0x00, 0x00, 0x3E,
    0x3E, 0x3E, 0x00, 0x00, 0x3F, 0xFE, 0x7E, 0x00, 0x00, 0x1F, 0xFC, 0xFC, 0x00, 0x00, 0x07, 0xF0,
    0xFC, 0x7F, 0x00, 0x00, 0x01, 0xF9, 0xFF, 0xC0, 0x00, 0x01, 0xF3, 0xFF, 0xE0, 0x00, 0x03, 0xF3,
    0xE3, 0xE0, 0x00, 0x07, 0xE7, 0xC1, 0xF0, 0x00, 0x07, 0xE7, 0xC1, 0xF0, 0x00, 0x0F, 0xC7, 0xC1,
    0xF0, 0x00, 0x0F, 0x87, 0xC1, 0xF0, 0x00, 0x1F, 0x87, 0xC1, 0xF0, 0x00, 0x1F, 0x07, 0xE1, 0xE0,
    0x00, 0x3F, 0x03, 0xF7, 0xE0, 0x00, 0x7E, 0x01, 0xFF, 0xC0, 0x00, 0x7E, 0x00, 0xFF, 0x80, 0x00,
    0x00, 0x00, 0x08, 0x00, 0x00, 0x00, 0x00, 0x00, 0x00, 0x00, 0x00, 0x00, 0x00, 0x00, 0x00, 0x00,
    0x00, 0x00, 0x00, 0x00, 0x00, 0x00, 0x00, 0x00, 0x00, 0x00, 0x00, 0x00, 0x00, 0x00, 0x00, 0x00,
    0x00, 0x00, 0x00, 0x00, 0x00, 0x00, 0x00, 0x00, 0x00, 0x00, 0x00, 0x00, 0x00, 0x00, 0x00, 0x00,
    0x00, 0x00, 0x00, 0x00, 0x00, 0x00, 0x00, 0x00, 0x00, 0x00, 0x00, 0x00, 0x00, 0x00, 0x00, 0x00,
    0x00, 0x00, 0x00, 0x00, 0x00, 0x00, 0x00, 0x00, 0x00, 0x00, 0x00, 0x00, 0x00, 0x00, 0x00, 0x00,
    0x00, 0x00, 0x00, 0x00, 0x00, 0x00, 0x00, 0x00, 0x00, 0x00, 0x00, 0x00, 0x00, 0x00, 0x00, 0x00,
    0x00, 0x00, 0x00, 0x00, 0x06, 0x00, 0x00, 0x00, 0x00, 0x7F, 0xC0, 0x00, 0x00, 0x01, 0xFF, 0xE0,
    0x00, 0x00, 0x03, 0xF9, 0xF0, 0x00, 0x00, 0x03, 0xF0, 0xF8, 0x00, 0x00, 0x07, 0xE0, 0x78, 0x00,
    0x00, 0x07, 0xE0, 0x78, 0x00, 0x00, 0x07, 0xE0, 0x78, 0x00, 0x00, 0x07, 0xE0, 0x78, 0x00, 0x00,
    0x07, 0xF0, 0xF0, 0x1E, 0x00, 0x03, 0xF8, 0xE0, 0x7F, 0x00, 0x03, 0xFD, 0xC0, 0xFF, 0x80, 0x01,
    0xFF, 0x81, 0xFF, 0x80, 0x00, 0xFF, 0x01, 0xCF, 0x80, 0x00, 0xFF, 0x83, 0x8F, 0x80, 0x03, 0xFF,
    0xC3, 0x87, 0x00, 0x0F, 0xDF, 0xE7, 0x00, 0x00, 0x0F, 0x8F, 0xF7, 0x00, 0x00, 0x1F, 0x87, 0xFF,
    0x00, 0x00, 0x3F, 0x03, 0xFE, 0x00, 0x00, 0x3F, 0x01, 0xFE, 0x00, 0x00, 0x3F, 0x00, 0xFF, 0x00,
    0x00, 0x3F, 0x00, 0xFF, 0x80, 0x00, 0x3F, 0x00, 0x7F, 0xC0, 0x00, 0x3F, 0x80, 0x3F, 0xE1, 0x80,
    0x1F, 0xC0, 0x7F, 0xFF, 0x80, 0x1F, 0xE1, 0xFF, 0xFF, 0x80, 0x0F, 0xFF, 0xF7, 0xFF, 0x00, 0x07,
    0xFF, 0xE1, 0xFE, 0x00, 0x01, 0xFF, 0x80, 0xF8, 0x00, 0x00, 0x18, 0x00, 0x00, 0x00, 0x00, 0x00,
    0x00, 0x00, 0x00, 0x00, 0x00, 0x00, 0x00, 0x00, 0x00, 0x00, 0x00, 0x00, 0x00, 0x00, 0x00, 0x00,
    0x00, 0x00, 0x00, 0x00, 0x00, 0x00, 0x00, 0x00, 0x00, 0x00, 0x00, 0x00, 0x00, 0x00, 0x00, 0x00,
    0x00, 0x00, 0x00, 0x00, 0x00, 0x00, 0x00, 0x00, 0x00, 0x00, 0x00, 0x00, 0x00, 0x00, 0x00, 0x00,
    0x00, 0x00, 0x00, 0x00, 0x00, 0x00, 0x00, 0x00, 0x00, 0x00, 0x00, 0x00, 0x0E, 0x00, 0x1F, 0x00,
    0x1F, 0x00, 0x1F, 0x00, 0x1F, 0x00, 0x1E, 0x00, 0x0E, 0x00, 0x0E, 0x00, 0x0E, 0x00, 0x0E, 0x00,
    0x0C, 0x00, 0x00, 0x00, 0x00, 0x00, 0x00, 0x00, 0x00, 0x00, 0x00, 0x00, 0x00, 0x00, 0x00, 0x00,
    0x00, 0x00, 0x00, 0x00, 0x00, 0x00, 0x00, 0x00, 0x00, 0x00, 0x00, 0x00, 0x00, 0x00, 0x00, 0x00,
    0x00, 0x00, 0x00, 0x00, 0x00, 0x00, 0x00, 0x00, 0x00, 0x00, 0x00, 0x00, 0x00, 0x00, 0x00, 0x00,
    0x00, 0x00, 0x00, 0x00, 0x00, 0x00, 0x00, 0x00, 0x00, 0x00, 0x00, 0x00, 0x00, 0x00, 0x00, 0x00,
    0x00, 0x00, 0x00, 0x00, 0x00, 0x00, 0x00, 0x00, 0x00, 0x00, 0x00, 0x00, 0x00, 0x00, 0x00, 0x38,
    0x00, 0x7C, 0x00, 0x78, 0x00, 0xF8, 0x01, 0xF0, 0x01, 0xF0, 0x03, 0xE0, 0x07, 0xE0, 0x07, 0xE0,
    0x0F, 0xC0, 0x0F, 0xC0, 0x0F, 0xC0, 0x1F, 0xC0, 0x1F, 0xC0, 0x1F, 0x80, 0x3F, 0x80, 0x3F, 0x80,
    0x3F, 0x80, 0x3F, 0x80, 0x3F, 0x80, 0x3F, 0x80, 0x3F, 0x80, 0x3F, 0x80, 0x3F, 0x80, 0x3F, 0x80,
    0x3F, 0x80, 0x1F, 0x80, 0x1F, 0x80, 0x1F, 0xC0, 0x1F, 0xC0, 0x0F, 0xC0, 0x0F, 0xC0, 0x0F, 0xC0,
    0x07, 0xE0, 0x07, 0xE0, 0x03, 0xE0, 0x03, 0xF0, 0x01, 0xF0, 0x00, 0xF0, 0x00, 0xF8, 0x00, 0x78,
    0x00, 0x3C, 0x00, 0x10, 0x00, 0x00, 0x00, 0x00, 0x00, 0x00, 0x00, 0x00, 0x00, 0x00, 0x00, 0x00,
    0x00, 0x00, 0x38, 0x00, 0x78, 0x00, 0x3C, 0x00, 0x3E, 0x00, 0x1F, 0x00, 0x1F, 0x00, 0x0F, 0x80,
    0x0F, 0xC0, 0x0F, 0xC0, 0x0F, 0xE0, 0x07, 0xE0, 0x07, 0xE0, 0x07, 0xF0, 0x07, 0xF0, 0x07, 0xF0,
    0x03, 0xF0, 0x03, 0xF8, 0x03, 0xF8, 0x03, 0xF8, 0x03, 0xF8, 0x03, 0xF8, 0x03, 0xF8, 0x03, 0xF8,
    0x03, 0xF8, 0x03, 0xF8, 0x03, 0xF8, 0x03, 0xF0, 0x07, 0xF0, 0x07, 0xF0, 0x07, 0xF0, 0x07, 0xE0,
    0x07, 0xE0, 0x0F, 0xC0, 0x0F, 0xC0, 0x0F, 0xC0, 0x1F, 0x80, 0x1F, 0x00, 0x1F, 0x00, 0x3E, 0x00,
    0x3C, 0x00, 0x7C, 0x00, 0x78, 0x00, 0x10, 0x00, 0x00, 0x00, 0x00, 0x00, 0x00, 0x00, 0x00, 0x00,
    0x00, 0x00, 0x00, 0x00, 0x00, 0x00, 0x00, 0x00, 0x00, 0x00, 0x00, 0x00, 0x00, 0x00, 0x00, 0xE0,
    0x00, 0x01, 0xE0, 0x00, 0x01, 0xE0, 0x00, 0x19, 0xE0, 0x00, 0x3C, 0xE7, 0x00, 0x3E, 0xEF, 0x80,
    0x3F, 0xFF, 0x80, 0x0F, 0xFE, 0x00, 0x01, 0xF0, 0x00, 0x07, 0xF8, 0x00, 0x3F, 0xFF, 0x00, 0x3E,
    0xDF, 0x80, 0x3C, 0xEF, 0x80, 0x19, 0xE7, 0x00, 0x01, 0xE0, 0x00, 0x01, 0xE0, 0x00, 0x01, 0xC0,
    0x00, 0x00, 0x00, 0x00, 0x00, 0x00, 0x00, 0x00, 0x00, 0x00, 0x00, 0x00, 0x00, 0x00, 0x00, 0x00,
    0x00, 0x00, 0x00, 0x00, 0x00, 0x00, 0x00, 0x00, 0x00, 0x00, 0x00, 0x00, 0x00, 0x00, 0x00, 0x00,
    0x00, 0x00, 0x00, 0x00, 0x00, 0x00, 0x00, 0x00, 0x00, 0x00, 0x00, 0x00, 0x00, 0x00, 0x00, 0x00,
    0x00, 0x00, 0x00, 0x00, 0x00, 0x00, 0x00, 0x00, 0x00, 0x00, 0x00, 0x00, 0x00, 0x00, 0x00, 0x00,
    0x00, 0x00, 0x00, 0x00, 0x00, 0x00, 0x00, 0x00, 0x00, 0x00, 0x00, 0x00, 0x00, 0x00, 0x00, 0x00,
    0x00, 0x00, 0x00, 0x00, 0x00, 0x00, 0x00, 0x00, 0x00, 0x00, 0x00, 0x00, 0x00, 0x00, 0x00, 0x00,
    0x00, 0x00, 0x00, 0x00, 0x00, 0x00, 0x00, 0x00, 0x00, 0x00, 0x00, 0x00, 0x00, 0x00, 0x00, 0x00,
    0x00, 0x00, 0x00, 0x00, 0x00, 0x00, 0x00, 0x00, 0x00, 0x00, 0x00, 0x00, 0x00, 0x00, 0x00, 0x00,
    0x00, 0x00, 0x00, 0x00, 0x00, 0x00, 0x00, 0x00, 0x00, 0x7C, 0x00, 0x00, 0x7C, 0x00, 0x00, 0x7C,
    0x00, 0x00, 0x7C, 0x00, 0x00, 0x7C, 0x00, 0x00, 0x7C, 0x00, 0x00, 0x7C, 0x00, 0x1F, 0xFF, 0xF0,
    0x1F, 0xFF, 0xF0, 0x1F, 0xFF, 0xF0, 0x1F, 0xFF, 0xF0, 0x00, 0x7C, 0x00, 0x00, 0x7C, 0x00, 0x00,
    0x7C, 0x00, 0x00, 0x7C, 0x00, 0x00, 0x7C, 0x00, 0x00, 0x7C, 0x00, 0x00, 0x7C, 0x00, 0x00, 0x00,
    0x00, 0x00, 0x00, 0x00, 0x00, 0x00, 0x00, 0x00, 0x00, 0x00, 0x00, 0x00, 0x00, 0x00, 0x00, 0x00,
    0x00, 0x00, 0x00, 0x00, 0x00, 0x00, 0x00, 0x00, 0x00, 0x00, 0x00, 0x00, 0x00, 0x00, 0x00, 0x00,
    0x00, 0x00, 0x00, 0x00, 0x00, 0x00, 0x00, 0x00, 0x00, 0x00, 0x00, 0x00, 0x00, 0x00, 0x00, 0x00,
    0x00, 0x00, 0x00, 0x00, 0x00, 0x00, 0x00, 0x00, 0x00, 0x00, 0x00, 0x00, 0x00, 0x00, 0x00, 0x00,
    0x00, 0x00, 0x00, 0x00, 0x00, 0x00, 0x00, 0x00, 0x00, 0x00, 0x00, 0x00, 0x00, 0x00, 0x00, 0x00,
    0x00, 0x00, 0x00, 0x00, 0x00, 0x00, 0x00, 0x00, 0x00, 0x00, 0x00, 0x00, 0x00, 0x00, 0x00, 0x00,
    0x00, 0x00, 0x00, 0x00, 0x00, 0x00, 0x00, 0x00, 0x07, 0x80, 0x0F, 0xC0, 0x1F, 0xE0, 0x1F, 0xE0,
    0x1F, 0xE0, 0x1F, 0xE0, 0x0F, 0xE0, 0x01, 0xE0, 0x03, 0xC0, 0x03, 0xC0, 0x07, 0x80, 0x0F, 0x00,
    0x0E, 0x00, 0x0C, 0x00, 0x00, 0x00, 0x00, 0x00, 0x00, 0x00, 0x00, 0x00, 0x00, 0x00, 0x00, 0x00,
    0x00, 0x00, 0x00, 0x00, 0x00, 0x00, 0x00, 0x00, 0x00, 0x00, 0x00, 0x00, 0x00, 0x00, 0x00, 0x00,
    0x00, 0x00, 0x00, 0x00, 0x00, 0x00, 0x00, 0x00, 0x00, 0x00, 0x00, 0x00, 0x00, 0x00, 0x00, 0x00,
    0x00, 0x00, 0x00, 0x00, 0x00, 0x00, 0x00, 0x00, 0x00, 0x00, 0x00, 0x00, 0x3F, 0xF8, 0x3F, 0xF8,
    0x3F, 0xF8, 0x3F, 0xF8, 0x3F, 0xF8, 0x00, 0x00, 0x00, 0x00, 0x00, 0x00, 0x00, 0x00, 0x00, 0x00,
    0x00, 0x00, 0x00, 0x00, 0x00, 0x00, 0x00, 0x00, 0x00, 0x00, 0x00, 0x00, 0x00, 0x00, 0x00, 0x00,
    0x00, 0x00, 0x00, 0x00, 0x00, 0x00, 0x00, 0x00, 0x00, 0x00, 0x00, 0x00, 0x00, 0x00, 0x00, 0x00,
    0x00, 0x00, 0x00, 0x00, 0x00, 0x00, 0x00, 0x00, 0x00, 0x00, 0x00, 0x00, 0x00, 0x00, 0x00, 0x00,
    0x00, 0x00, 0x00, 0x00, 0x00, 0x00, 0x00, 0x00, 0x00, 0x00, 0x00, 0x00, 0x00, 0x00, 0x00, 0x00,
    0x00, 0x00, 0x00, 0x00, 0x00, 0x00, 0x00, 0x00, 0x00, 0x00, 0x00, 0x00, 0x00, 0x00, 0x00, 0x00,
    0x00, 0x00, 0x00, 0x00, 0x00, 0x00, 0x00, 0x00, 0x00, 0x00, 0x00, 0x00, 0x00, 0x00, 0x00, 0x00,
    0x00, 0x00, 0x0F, 0xC0, 0x1F, 0xE0, 0x1F, 0xE0, 0x1F, 0xE0, 0x1F, 0xE0, 0x0F, 0xC0, 0x02, 0x00,
    0x00, 0x00, 0x00, 0x00, 0x00, 0x00, 0x00, 0x00, 0x00, 0x00, 0x00, 0x00, 0x00, 0x00, 0x00, 0x00,
    0x00, 0x00, 0x00, 0x00, 0x00, 0x00, 0x00, 0x00, 0x00, 0x00, 0x00, 0x00, 0x00, 0x00, 0x00, 0x00,
    0x00, 0x00, 0x00, 0x00, 0x00, 0x00, 0x00, 0x03, 0xE0, 0x00, 0x03, 0xC0, 0x00, 0x07, 0xC0, 0x00,
    0x07, 0xC0, 0x00, 0x0F, 0x80, 0x00, 0x0F, 0x80, 0x00, 0x0F, 0x80, 0x00, 0x1F, 0x00, 0x00, 0x1F,
    0x00, 0x00, 0x1F, 0x00, 0x00, 0x3E, 0x00, 0x00, 0x3E, 0x00, 0x00, 0x3C, 0x00, 0x00, 0x7C, 0x00,
    0x00, 0x7C, 0x00, 0x00, 0xF8, 0x00, 0x00, 0xF8, 0x00, 0x00, 0xF8, 0x00, 0x01, 0xF0, 0x00, 0x01,
    0xF0, 0x00, 0x01, 0xF0, 0x00, 0x03, 0xE0, 0x00, 0x03, 0xE0, 0x00, 0x03, 0xC0, 0x00, 0x07, 0xC0,
    0x00, 0x07, 0xC0, 0x00, 0x0F, 0x80, 0x00, 0x0F, 0x80, 0x00, 0x0F, 0x80, 0x00, 0x1F, 0x00, 0x00,
    0x1F, 0x00, 0x00, 0x1F, 0x00, 0x00, 0x3E, 0x00, 0x00, 0x3E, 0x00, 0x00, 0x3C, 0x00, 0x00, 0x7C,
    0x00, 0x00, 0x7C, 0x00, 0x00, 0xF8, 0x00, 0x00, 0x00, 0x00, 0x00, 0x00, 0x00, 0x00, 0x00, 0x00,
    0x00, 0x00, 0x00, 0x00, 0x00, 0x00, 0x00, 0x00, 0x00, 0x00, 0x00, 0x00, 0x00, 0x00, 0x00, 0x00,
    0x00, 0x00, 0x00, 0x00, 0x00, 0x00, 0x00, 0x00, 0x00, 0x00, 0x00, 0x00, 0x00, 0x00, 0x00, 0x00,
    0x00, 0x00, 0x00, 0x00, 0x00, 0x00, 0x00, 0x00, 0x00, 0x00, 0x00, 0x00, 0x00, 0x00, 0x00, 0x0C,
    0x00, 0x00, 0x00, 0xFF, 0xC0, 0x00, 0x03, 0xFF, 0xE0, 0x00, 0x07, 0xFF, 0xF0, 0x00, 0x0F, 0xE3,
    0xF8, 0x00, 0x1F, 0xC1, 0xFC, 0x00, 0x1F, 0x80, 0xFC, 0x00, 0x3F, 0x80, 0xFE, 0x00, 0x3F, 0x00,
    0xFE, 0x00, 0x3F, 0x00, 0x7E, 0x00, 0x7F, 0x00, 0x7F, 0x00, 0x7F, 0x00, 0x7F, 0x00, 0x7F, 0x00,
    0x7F, 0x00, 0x7F, 0x00, 0x7F, 0x00, 0x7F, 0x00, 0x7F, 0x00, 0x7F, 0x00, 0x7F, 0x00, 0x7F, 0x00,
    0x7F, 0x00, 0x7F, 0x00, 0x7F, 0x00, 0x7F, 0x00, 0x7F, 0x00, 0x7F, 0x00, 0x7F, 0x00, 0x7F, 0x00,
    0x7E, 0x00, 0x3F, 0x00, 0x7E, 0x00, 0x3F, 0x80, 0xFE, 0x00, 0x3F, 0x80, 0xFE, 0x00, 0x1F, 0x80,
    0xFC, 0x00, 0x1F, 0xC1, 0xFC, 0x00, 0x0F, 0xE3, 0xF8, 0x00, 0x07, 0xFF, 0xF0, 0x00, 0x03, 0xFF,
    0xE0, 0x00, 0x01, 0xFF, 0x80, 0x00, 0x00, 0x08, 0x00, 0x00, 0x00, 0x00, 0x00, 0x00, 0x00, 0x00,
    0x00, 0x00, 0x00, 0x00, 0x00, 0x00, 0x00, 0x00, 0x00, 0x00, 0x00, 0x00, 0x00, 0x00, 0x00, 0x00,
    0x00, 0x00, 0x00, 0x00, 0x00, 0x00, 0x00, 0x00, 0x00, 0x00, 0x00, 0x00, 0x00, 0x00, 0x00, 0x00,
    0x00, 0x00, 0x00, 0x00, 0x00, 0x00, 0x00, 0x00, 0x00, 0x00, 0x00, 0x00, 0x00, 0x00, 0x00, 0x00,
    0x00, 0x00, 0x00, 0x00, 0x00, 0x00, 0x00, 0x00, 0x00, 0x00, 0x00, 0x00, 0x00, 0x00, 0x70, 0x00,
    0x3F, 0xF0, 0x00, 0x7F, 0xF0, 0x00, 0x7F, 0xF0, 0x00, 0x7F, 0xF0, 0x00, 0x07, 0xF0, 0x00, 0x07,
    0xF0, 0x00, 0x07, 0xF0, 0x00, 0x07, 0xF0, 0x00, 0x07, 0xF0, 0x00, 0x07, 0xF0, 0x00, 0x07, 0xF0,
    0x00, 0x07, 0xF0, 0x00, 0x07, 0xF0, 0x00, 0x07, 0xF0, 0x00, 0x07, 0xF0, 0x00, 0x07, 0xF0, 0x00,
    0x07, 0xF0, 0x00, 0x07, 0xF0, 0x00, 0x07, 0xF0, 0x00, 0x07, 0xF0, 0x00, 0x07, 0xF0, 0x00, 0x07,
    0xF0, 0x00, 0x07, 0xF0, 0x00, 0x07, 0xF0, 0x00, 0x07, 0xF0, 0x00, 0x0F, 0xF8, 0x00, 0x7F, 0xFF,
    0x00, 0x7F, 0xFF, 0x00, 0x7F, 0xFF, 0x00, 0x00, 0x00, 0x00, 0x00, 0x00, 0x00, 0x00, 0x00, 0x00,
    0x00, 0x00, 0x00, 0x00, 0x00, 0x00, 0x00, 0x00, 0x00, 0x00, 0x00, 0x00, 0x00, 0x00, 0x00, 0x00,
    0x00, 0x00, 0x00, 0x00, 0x00, 0x00, 0x00, 0x00, 0x00, 0x00, 0x00, 0x00, 0x00, 0x00, 0x00, 0x00,
    0x00, 0x00, 0x00, 0x00, 0x00, 0x00, 0x00, 0x00, 0x00, 0x00, 0x00, 0x00, 0x00, 0x00, 0x00, 0x00,
    0x00, 0x00, 0x00, 0x00, 0x30, 0x00, 0x03, 0xFF, 0x80, 0x0F, 0xFF, 0xC0, 0x3F, 0xFF, 0xE0, 0x3F,
    0x0F, 0xF0, 0x7E, 0x07, 0xF0, 0x7F, 0x03, 0xF8, 0x7F, 0x03, 0xF8, 0x7F, 0x03, 0xF8, 0x3E, 0x03,
    0xF8, 0x00, 0x03, 0xF8, 0x00, 0x07, 0xF0, 0x00, 0x07, 0xF0, 0x00, 0x0F, 0xE0, 0x00, 0x0F, 0xE0,
    0x00, 0x1F, 0xC0, 0x00, 0x3F, 0x80, 0x00, 0x3F, 0x00, 0x00, 0x7E, 0x00, 0x00, 0xFC, 0x00, 0x01,
    0xF8, 0x00, 0x03, 0xF0, 0x38, 0x07, 0xE0, 0x78, 0x0F, 0xC0, 0x78, 0x1F, 0x80, 0xF8, 0x3F, 0xFF,
    0xF8, 0x7F, 0xFF, 0xF8, 0x7F, 0xFF, 0xF8, 0x3F, 0xFF, 0xF8, 0x3F, 0xFF, 0xF8, 0x00, 0x00, 0x00,
    0x00, 0x00, 0x00, 0x00, 0x00, 0x00, 0x00, 0x00, 0x00, 0x00, 0x00, 0x00, 0x00, 0x00, 0x00, 0x00,
    0x00, 0x00, 0x00, 0x00, 0x00, 0x00, 0x00, 0x00, 0x00, 0x00, 0x00, 0x00, 0x00, 0x00, 0x00, 0x00,
    0x00, 0x00, 0x00, 0x00, 0x00, 0x00, 0x00, 0x00, 0x00, 0x00, 0x00, 0x00, 0x00, 0x00, 0x00, 0x00,
    0x00, 0x00, 0x00, 0x00, 0x00, 0x00, 0x00, 0x00, 0x00, 0x00, 0x18, 0x00, 0x03, 0xFF, 0x80, 0x0F,
    0xFF, 0xE0, 0x1F, 0xFF, 0xF0, 0x1F, 0x8F, 0xF0, 0x3F, 0x07, 0xF8, 0x3F, 0x83, 0xF8, 0x3F, 0x83,
    0xF8, 0x3F, 0x83, 0xF8, 0x1F, 0x03, 0xF8, 0x00, 0x03, 0xF0, 0x00, 0x07, 0xF0, 0x00, 0x0F, 0xE0,
    0x00, 0x7F, 0x80, 0x00, 0xFE, 0x00, 0x00, 0xFF, 0xC0, 0x00, 0xFF, 0xF0, 0x00, 0x0F, 0xF8, 0x00,
    0x03, 0xF8, 0x00, 0x01, 0xFC, 0x00, 0x01, 0xFC, 0x00, 0x01, 0xFC, 0x00, 0x01, 0xFC, 0x18, 0x03,
    0xFC, 0x3C, 0x03, 0xFC, 0x7F, 0xFF, 0xF8, 0x3F, 0xFF, 0xF0, 0x1F, 0xFF, 0xF0, 0x0F, 0xFF, 0xC0,
    0x03, 0xFF, 0x80, 0x00, 0x30, 0x00, 0x00, 0x00, 0x00, 0x00, 0x00, 0x00, 0x00, 0x00, 0x00, 0x00,
    0x00, 0x00, 0x00, 0x00, 0x00, 0x00, 0x00, 0x00, 0x00, 0x00, 0x00, 0x00, 0x00, 0x00, 0x00, 0x00,
    0x00, 0x00, 0x00, 0x00, 0x00, 0x00, 0x00, 0x00, 0x00, 0x00, 0x00, 0x00, 0x00, 0x00, 0x00, 0x00,
    0x00, 0x00, 0x00, 0x00, 0x00, 0x00, 0x00, 0x00, 0x00, 0x00, 0x00, 0x00, 0x00, 0x00, 0x00, 0x00,
    0x00, 0x00, 0x00, 0x00, 0x00, 0x00, 0x00, 0x00, 0x00, 0x00, 0x00, 0x00, 0x00, 0x07, 0xF0, 0x00,
    0x00, 0x0F, 0xF0, 0x00, 0x00, 0x0F, 0xF0, 0x00, 0x00, 0x1F, 0xF0, 0x00, 0x00, 0x3F, 0xF0, 0x00,
    0x00, 0x3F, 0xF0, 0x00, 0x00, 0x7F, 0xF0, 0x00, 0x00, 0xF7, 0xF0, 0x00, 0x00, 0xF7, 0xF0, 0x00,
    0x01, 0xE7, 0xF0, 0x00, 0x03, 0xC7, 0xF0, 0x00, 0x03, 0xC7, 0xF0, 0x00, 0x07, 0x87, 0xF0, 0x00,
    0x0F, 0x07, 0xF0, 0x00, 0x0F, 0x07, 0xF0, 0x00, 0x1E, 0x07, 0xF0, 0x00, 0x3C, 0x07, 0xF0, 0x00,
    0x3C, 0x07, 0xF0, 0x00, 0x7F, 0xFF, 0xFF, 0x00, 0x7F, 0xFF, 0xFF, 0x00, 0x7F, 0xFF, 0xFF, 0x00,
    0x7F, 0xFF, 0xFF, 0x00, 0x00, 0x07, 0xF0, 0x00, 0x00, 0x07, 0xF0, 0x00, 0x00, 0x07, 0xF0, 0x00,
    0x00, 0x0F, 0xF8, 0x00, 0x00, 0x7F, 0xFF, 0x00, 0x00, 0x7F, 0xFF, 0x00, 0x00, 0x7F, 0xFF, 0x00,
    0x00, 0x00, 0x00, 0x00, 0x00, 0x00, 0x00, 0x00, 0x00, 0x00, 0x00, 0x00, 0x00, 0x00, 0x00, 0x00,
    0x00, 0x00, 0x00, 0x00, 0x00, 0x00, 0x00, 0x00, 0x00, 0x00, 0x00, 0x00, 0x00, 0x00, 0x00, 0x00,
    0x00, 0x00, 0x00, 0x00, 0x00, 0x00, 0x00, 0x00, 0x00, 0x00, 0x00, 0x00, 0x00, 0x00, 0x00, 0x00,
    0x00, 0x00, 0x00, 0x00, 0x00, 0x00, 0x00, 0x00, 0x00, 0x00, 0x00, 0x00, 0x00, 0x00, 0x00, 0x00,
    0x00, 0x00, 0x00, 0x00, 0x00, 0x00, 0x00, 0x00, 0x00, 0x00, 0x1F, 0xFF, 0xF0, 0x1F, 0xFF, 0xF0,
    0x1F, 0xFF, 0xE0, 0x1F, 0xFF, 0xE0, 0x1F, 0xFF, 0xE0, 0x1E, 0x00, 0x00, 0x1E, 0x00, 0x00, 0x1E,
    0x00, 0x00, 0x1E, 0x00, 0x00, 0x1E, 0x00, 0x00, 0x3E, 0xFE, 0x00, 0x3F, 0xFF, 0x80, 0x3F, 0xFF,
    0xE0, 0x3F, 0xFF, 0xE0, 0x1C, 0x0F, 0xF0, 0x00, 0x07, 0xF0, 0x00, 0x03, 0xF8, 0x00, 0x03, 0xF8,
    0x00, 0x03, 0xF8, 0x00, 0x03, 0xF8, 0x00, 0x03, 0xF8, 0x00, 0x03, 0xF8, 0x30, 0x07, 0xF0, 0x78,
    0x0F, 0xF0, 0x7F, 0xFF, 0xF0, 0x7F, 0xFF, 0xE0, 0x3F, 0xFF, 0xC0, 0x1F, 0xFF, 0x80, 0x07, 0xFF,
    0x00, 0x00, 0x60, 0x00, 0x00, 0x00, 0x00, 0x00, 0x00, 0x00, 0x00, 0x00, 0x00, 0x00, 0x00, 0x00,
    0x00, 0x00, 0x00, 0x00, 0x00, 0x00, 0x00, 0x00, 0x00, 0x00, 0x00, 0x00, 0x00, 0x00, 0x00, 0x00,
    0x00, 0x00, 0x00, 0x00, 0x00, 0x00, 0x00, 0x00, 0x00, 0x00, 0x00, 0x00, 0x00, 0x00, 0x00, 0x00,
    0x00, 0x00, 0x00, 0x00, 0x00, 0x00, 0x00, 0x00, 0x00, 0x00, 0x00, 0x00, 0x00, 0x00, 0x02, 0x00,
    0x00, 0x7F, 0xF0, 0x01, 0xFF, 0xF8, 0x03, 0xFF, 0xFC, 0x07, 0xF0, 0x7E, 0x0F, 0xE0, 0x7E, 0x0F,
    0xC0, 0xFE, 0x1F, 0x80, 0xFC, 0x1F, 0x80, 0x78, 0x3F, 0x00, 0x00, 0x3F, 0x00, 0x00, 0x3F, 0x1F,
    0xC0, 0x7F, 0x7F, 0xF0, 0x7F, 0xFF, 0xF8, 0x7F, 0xFF, 0xFC, 0x7F, 0xC1, 0xFC, 0x7F, 0x81, 0xFC,
    0x7F, 0x00, 0xFE, 0x7F, 0x00, 0xFE, 0x7F, 0x00, 0xFE, 0x7F, 0x00, 0xFE, 0x7F, 0x00, 0xFE, 0x3F,
    0x00, 0xFE, 0x3F, 0x00, 0xFC, 0x3F, 0x81, 0xFC, 0x1F, 0x81, 0xFC, 0x1F, 0xC3, 0xF8, 0x0F, 0xFF,
    0xF0, 0x07, 0xFF, 0xE0, 0x01, 0xFF, 0x80, 0x00, 0x18, 0x00, 0x00, 0x00, 0x00, 0x00, 0x00, 0x00,
    0x00, 0x00, 0x00, 0x00, 0x00, 0x00, 0x00, 0x00, 0x00, 0x00, 0x00, 0x00, 0x00, 0x00, 0x00, 0x00,
    0x00, 0x00, 0x00, 0x00, 0x00, 0x00, 0x00, 0x00, 0x00, 0x00, 0x00, 0x00, 0x00, 0x00, 0x00, 0x00,
    0x00, 0x00, 0x00, 0x00, 0x00, 0x00, 0x00, 0x00, 0x00, 0x00, 0x00, 0x00, 0x00, 0x00, 0x00, 0x00,
    0x00, 0x00, 0x00, 0x00, 0x00, 0x00, 0x3F, 0xFF, 0xFC, 0x3F, 0xFF, 0xFC, 0x3F, 0xFF, 0xFC, 0x3F,
    0xFF, 0xFC, 0x7F, 0xFF, 0xFC, 0x7E, 0x00, 0x78, 0x7C, 0x00, 0xF0, 0x78, 0x01, 0xF0, 0x78, 0x03,
    0xE0, 0x30, 0x07, 0xC0, 0x00, 0x07, 0xC0, 0x00, 0x0F, 0x80, 0x00, 0x1F, 0x80, 0x00, 0x1F, 0x00,
    0x00, 0x3F, 0x00, 0x00, 0x3F, 0x00, 0x00, 0x7E, 0x00, 0x00, 0x7E, 0x00, 0x00, 0x7E, 0x00, 0x00,
    0xFE, 0x00, 0x00, 0xFE, 0x00, 0x00, 0xFC, 0x00, 0x00, 0xFC, 0x00, 0x01, 0xFC, 0x00, 0x01, 0xFC,
    0x00, 0x01, 0xFC, 0x00, 0x01, 0xFC, 0x00, 0x01, 0xFC, 0x00, 0x01, 0xFC, 0x00, 0x01, 0xFC, 0x00,
    0x00, 0x00, 0x00, 0x00, 0x00, 0x00, 0x00, 0x00, 0x00, 0x00, 0x00, 0x00, 0x00, 0x00, 0x00, 0x00,
    0x00, 0x00, 0x00, 0x00, 0x00, 0x00, 0x00, 0x00, 0x00, 0x00, 0x00, 0x00, 0x00, 0x00, 0x00, 0x00,
    0x00, 0x00, 0x00, 0x00, 0x00, 0x00, 0x00, 0x00, 0x00, 0x00, 0x00, 0x00, 0x00, 0x00, 0x00, 0x00,
    0x00, 0x00, 0x00, 0x00, 0x00, 0x00, 0x00, 0x00, 0x00, 0x00, 0x1C, 0x00, 0x01, 0xFF, 0xC0, 0x07,
    0xFF, 0xF0, 0x0F, 0xFF, 0xF8, 0x1F, 0xC3, 0xF8, 0x1F, 0x81, 0xFC, 0x3F, 0x00, 0xFC, 0x3F, 0x00,
    0xFC, 0x3F, 0x00, 0xFC, 0x3F, 0x80, 0xFC, 0x3F, 0xC1, 0xF8, 0x1F, 0xE1, 0xF0, 0x1F, 0xFF, 0xE0,
    0x0F, 0xFF, 0x80, 0x03, 0xFF, 0xC0, 0x01, 0xFF, 0xF0, 0x07, 0xFF, 0xF8, 0x0F, 0xDF, 0xFC, 0x1F,
    0x07, 0xFC, 0x3F, 0x01, 0xFE, 0x7E, 0x00, 0xFE, 0x7E, 0x00, 0xFE, 0x7E, 0x00, 0xFE, 0x7E, 0x00,
    0xFE, 0x7E, 0x00, 0xFE, 0x7F, 0x01, 0xFC, 0x3F, 0xC3, 0xFC, 0x1F, 0xFF, 0xF8, 0x0F, 0xFF, 0xE0,
    0x07, 0xFF, 0x80, 0x00, 0x30, 0x00, 0x00, 0x00, 0x00, 0x00, 0x00, 0x00, 0x00, 0x00, 0x00, 0x00,
    0x00, 0x00, 0x00, 0x00, 0x00, 0x00, 0x00, 0x00, 0x00, 0x00, 0x00, 0x00, 0x00, 0x00, 0x00, 0x00,
    0x00, 0x00, 0x00, 0x00, 0x00, 0x00, 0x00, 0x00, 0x00, 0x00, 0x00, 0x00, 0x00, 0x00, 0x00, 0x00,
    0x00, 0x00, 0x00, 0x00, 0x00, 0x00, 0x00, 0x00, 0x00, 0x00, 0x00, 0x00, 0x00, 0x00, 0x00, 0x00,
    0x10, 0x00, 0x03, 0xFF, 0x00, 0x07, 0xFF, 0xC0, 0x0F, 0xFF, 0xE0, 0x1F, 0xC7, 0xF0, 0x3F, 0x83,
    0xF0, 0x3F, 0x01, 0xF8, 0x7F, 0x01, 0xF8, 0x7F, 0x01, 0xFC, 0x7F, 0x01, 0xFC, 0x7F, 0x01, 0xFC,
    0x7F, 0x01, 0xFC, 0x7F, 0x01, 0xFC, 0x7F, 0x01, 0xFC, 0x3F, 0x83, 0xFC, 0x3F, 0xC7, 0xFC, 0x1F,
    0xFF, 0xFC, 0x1F, 0xFF, 0xFC, 0x07, 0xFD, 0xFC, 0x00, 0xE1, 0xFC, 0x00, 0x01, 0xF8, 0x00, 0x03,
    0xF8, 0x00, 0x03, 0xF8, 0x10, 0x03, 0xF8, 0x1C, 0x07, 0xF0, 0x3F, 0xFF, 0xF0, 0x3F, 0xFF, 0xE0,
    0x3F, 0xFF, 0xC0, 0x0F, 0xFF, 0x80, 0x07, 0xFF, 0x00, 0x00, 0x20, 0x00, 0x00, 0x00, 0x00, 0x00,
    0x00, 0x00, 0x00, 0x00, 0x00, 0x00, 0x00, 0x00, 0x00, 0x00, 0x00, 0x00, 0x00, 0x00, 0x00, 0x00,
    0x00, 0x00, 0x00, 0x00, 0x00, 0x00, 0x00, 0x00, 0x00, 0x00, 0x00, 0x00, 0x00, 0x00, 0x00, 0x00,
    0x00, 0x00, 0x00, 0x00, 0x00, 0x00, 0x00, 0x00, 0x00, 0x00, 0x00, 0x00, 0x00, 0x00, 0x00, 0x00,
    0x00, 0x00, 0x00, 0x00, 0x00, 0x00, 0x00, 0x00, 0x00, 0x00, 0x00, 0x00, 0x00, 0x00, 0x0F, 0xC0,
    0x1F, 0xE0, 0x1F, 0xE0, 0x1F, 0xE0, 0x1F, 0xE0, 0x0F, 0xC0, 0x02, 0x00, 0x00, 0x00, 0x00, 0x00,
    0x00, 0x00, 0x00, 0x00, 0x00, 0x00, 0x00, 0x00, 0x00, 0x00, 0x00, 0x00, 0x0F, 0xC0, 0x1F, 0xE0,
    0x1F, 0xE0, 0x1F, 0xE0, 0x1F, 0xE0, 0x0F, 0xC0, 0x02, 0x00, 0x00, 0x00, 0x00, 0x00, 0x00, 0x00,
    0x00, 0x00, 0x00, 0x00, 0x00, 0x00, 0x00, 0x00, 0x00, 0x00, 0x00, 0x00, 0x00, 0x00, 0x00, 0x00,
    0x00, 0x00, 0x00, 0x00, 0x00, 0x00, 0x00, 0x00, 0x00, 0x00, 0x00, 0x00, 0x00, 0x00, 0x00, 0x00,
    0x00, 0x00, 0x00, 0x00, 0x00, 0x00, 0x00, 0x00, 0x00, 0x00, 0x00, 0x00, 0x00, 0x00, 0x00, 0x00,
    0x00, 0x00, 0x0F, 0xC0, 0x1F, 0xE0, 0x1F, 0xE0, 0x1F, 0xE0, 0x1F, 0xE0, 0x0F, 0xC0, 0x00, 0x00,
    0x00, 0x00, 0x00, 0x00, 0x00, 0x00, 0x00, 0x00, 0x00, 0x00, 0x00, 0x00, 0x00, 0x00, 0x07, 0x80,
    0x0F, 0xC0, 0x1F, 0xE0, 0x1F, 0xE0, 0x1F, 0xE0, 0x1F, 0xE0, 0x0F, 0xE0, 0x01, 0xE0, 0x03, 0xC0,
    0x03, 0xC0, 0x07, 0x80, 0x0F, 0x00, 0x0E, 0x00, 0x0C, 0x00, 0x00, 0x00, 0x00, 0x00, 0x00, 0x00,
    0x00, 0x00, 0x00, 0x00, 0x00, 0x00, 0x00, 0x00, 0x00, 0x00, 0x00, 0x00, 0x00, 0x00, 0x00, 0x00,
    0x00, 0x00, 0x00, 0x00, 0x00, 0x00, 0x00, 0x00, 0x00, 0x00, 0x00, 0x00, 0x00, 0x00, 0x00, 0x00,
    0x00, 0x00, 0x00, 0x00, 0x00, 0x00, 0x00, 0x00, 0x00, 0x00, 0x00, 0x00, 0x00, 0x00, 0x00, 0x00,
    0x00, 0x00, 0x00, 0x00, 0x00, 0x00, 0x00, 0xC0, 0x00, 0x01, 0xE0, 0x00, 0x07, 0xE0, 0x00, 0x0F,
    0xE0, 0x00, 0x3F, 0xC0, 0x00, 0xFF, 0x00, 0x01, 0xFE, 0x00, 0x07, 0xF8, 0x00, 0x0F, 0xE0, 0x00,
    0x1F, 0xC0, 0x00, 0x1F, 0x80, 0x00, 0x1F, 0xE0, 0x00, 0x07, 0xF8, 0x00, 0x03, 0xFC, 0x00, 0x00,
    0xFF, 0x00, 0x00, 0x3F, 0xC0, 0x00, 0x1F, 0xE0, 0x00, 0x07, 0xE0, 0x00, 0x03, 0xE0, 0x00, 0x00,
    0xC0, 0x00, 0x00, 0x00, 0x00, 0x00, 0x00, 0x00, 0x00, 0x00, 0x00, 0x00, 0x00, 0x00, 0x00, 0x00,
    0x00, 0x00, 0x00, 0x00, 0x00, 0x00, 0x00, 0x00, 0x00, 0x00, 0x00, 0x00, 0x00, 0x00, 0x00, 0x00,
    0x00, 0x00, 0x00, 0x00, 0x00, 0x00, 0x00, 0x00, 0x00, 0x00, 0x00, 0x00, 0x00, 0x00, 0x00, 0x00,
    0x00, 0x00, 0x00, 0x00, 0x00, 0x00, 0x00, 0x00, 0x00, 0x00, 0x00, 0x00, 0x00, 0x00, 0x00, 0x00,
    0x00, 0x00, 0x00, 0x00, 0x00, 0x00, 0x00, 0x00, 0x00, 0x00, 0x00, 0x00, 0x00, 0x00, 0x00, 0x00,
    0x00, 0x00, 0x00, 0x00, 0x00, 0x00, 0x00, 0x00, 0x00, 0x00, 0x00, 0x00, 0x00, 0x00, 0x00, 0x00,
    0x00, 0x00, 0x00, 0x00, 0x00, 0x00, 0x00, 0x1F, 0xFF, 0xF0, 0x1F, 0xFF, 0xF0, 0x1F, 0xFF, 0xF0,
    0x1F, 0xFF, 0xF0, 0x00, 0x00, 0x00, 0x00, 0x00, 0x00, 0x00, 0x00, 0x00, 0x00, 0x00, 0x00, 0x1F,
    0xFF, 0xF0, 0x1F, 0xFF, 0xF0, 0x1F, 0xFF, 0xF0, 0x1F, 0xFF, 0xF0, 0x00, 0x00, 0x00, 0x00, 0x00,
    0x00, 0x00, 0x00, 0x00, 0x00, 0x00, 0x00, 0x00, 0x00, 0x00, 0x00, 0x00, 0x00, 0x00, 0x00, 0x00,
    0x00, 0x00, 0x00, 0x00, 0x00, 0x00, 0x00, 0x00, 0x00, 0x00, 0x00, 0x00, 0x00, 0x00, 0x00, 0x00,
    0x00, 0x00, 0x00, 0x00, 0x00, 0x00, 0x00, 0x00, 0x00, 0x00, 0x00, 0x00, 0x00, 0x00, 0x00, 0x00,
    0x00, 0x00, 0x00, 0x00, 0x00, 0x00, 0x00, 0x00, 0x00, 0x00, 0x00, 0x00, 0x00, 0x00, 0x00, 0x00,
    0x00, 0x00, 0x00, 0x00, 0x00, 0x00, 0x00, 0x00, 0x00, 0x00, 0x00, 0x00, 0x00, 0x00, 0x00, 0x00,
    0x00, 0x00, 0x00, 0x00, 0x00, 0x00, 0x00, 0x00, 0x00, 0x00, 0x00, 0x00, 0x00, 0x00, 0x00, 0x00,
    0x00, 0x03, 0x00, 0x00, 0x07, 0x80, 0x00, 0x07, 0xE0, 0x00, 0x07, 0xF0, 0x00, 0x03, 0xFC, 0x00,
    0x00, 0xFF, 0x00, 0x00, 0x7F, 0x80, 0x00, 0x1F, 0xE0, 0x00, 0x07, 0xF0, 0x00, 0x03, 0xF8, 0x00,
    0x01, 0xF8, 0x00, 0x07, 0xF8, 0x00, 0x1F, 0xE0, 0x00, 0x3F, 0xC0, 0x00, 0xFF, 0x00, 0x03, 0xFC,
    0x00, 0x07, 0xF8, 0x00, 0x07, 0xE0, 0x00, 0x07, 0xC0, 0x00, 0x03, 0x00, 0x00, 0x00, 0x00, 0x00,
    0x00, 0x00, 0x00, 0x00, 0x00, 0x00, 0x00, 0x00, 0x00, 0x00, 0x00, 0x00, 0x00, 0x00, 0x00, 0x00,
    0x00, 0x00, 0x00, 0x00, 0x00, 0x00, 0x00, 0x00, 0x00, 0x00, 0x00, 0x00, 0x00, 0x00, 0x00, 0x00,
    0x00, 0x00, 0x00, 0x00, 0x00, 0x00, 0x00, 0x00, 0x00, 0x00, 0x00, 0x00, 0x00, 0x00, 0x00, 0x00,
    0x00, 0x00, 0x00, 0x00, 0x00, 0x00, 0x00, 0x00, 0x00, 0x00, 0x00, 0x00, 0x00, 0x00, 0x00, 0x00,
    0x18, 0x00, 0x03, 0xFF, 0x80, 0x07, 0xFF, 0xE0, 0x1F, 0xFF, 0xF0, 0x1F, 0x0F, 0xF0, 0x3E, 0x07,
    0xF8, 0x3F, 0x03, 0xF8, 0x3F, 0x03, 0xF8, 0x3F, 0x03, 0xF8, 0x1E, 0x07, 0xF0, 0x00, 0x0F, 0xF0,
    0x00, 0x1F, 0xE0, 0x00, 0x3F, 0xC0, 0x00, 0x7F, 0x80, 0x00, 0xFF, 0x00, 0x00, 0xFC, 0x00, 0x00,
    0xF8, 0x00, 0x00, 0xF0, 0x00, 0x00, 0xF0, 0x00, 0x00, 0xF0, 0x00, 0x00, 0xF0, 0x00, 0x00, 0x00,
    0x00, 0x00, 0x00, 0x00, 0x00, 0x20, 0x00, 0x00, 0xF8, 0x00, 0x01, 0xFC, 0x00, 0x01, 0xFC, 0x00,
    0x01, 0xFC, 0x00, 0x01, 0xFC, 0x00, 0x00, 0xF8, 0x00, 0x00, 0x20, 0x00, 0x00, 0x00, 0x00, 0x00,
    0x00, 0x00, 0x00, 0x00, 0x00, 0x00, 0x00, 0x00, 0x00, 0x00, 0x00, 0x00, 0x00, 0x00, 0x00, 0x00,
    0x00, 0x00, 0x00, 0x00, 0x00, 0x00, 0x00, 0x00, 0x00, 0x00, 0x00, 0x00, 0x00, 0x00, 0x00, 0x00,
    0x00, 0x00, 0x00, 0x00, 0x00, 0x00, 0x00, 0x00, 0x00, 0x00, 0x00, 0x00, 0x00, 0x00, 0x00, 0x00,
    0x00, 0x00, 0x00, 0x00, 0x00, 0x00, 0x00, 0x00, 0x00, 0x00, 0x00, 0x00, 0x00, 0x00, 0x00, 0x00,
    0x00, 0x00, 0x00, 0x00, 0x00, 0x00, 0x00, 0x00, 0x00, 0x00, 0x00, 0x00, 0x00, 0x00, 0x00, 0x00,
    0x00, 0x00, 0x00, 0x00, 0x00, 0x00, 0x00, 0x00, 0x00, 0x00, 0x00, 0x00, 0x00, 0x00, 0x00, 0x00,
    0x00, 0x01, 0xFF, 0x80, 0x00, 0x00, 0x0F, 0xFF, 0xF0, 0x00, 0x00, 0x3F, 0xFF, 0xFC, 0x00, 0x00,
    0x7F, 0xFF, 0xFF, 0x00, 0x01, 0xFC, 0x00, 0x3F, 0x80, 0x03, 0xF0, 0x00, 0x0F, 0xC0, 0x03, 0xE0,
    0x00, 0x07, 0xC0, 0x07, 0xC0, 0xF8, 0x03, 0xE0, 0x0F, 0x83, 0xFE, 0x61, 0xE0, 0x0F, 0x07, 0xFF,
    0xE1, 0xE0, 0x1F, 0x0F, 0xC3, 0xE1, 0xF0, 0x1E, 0x1F, 0x83, 0xE0, 0xF0, 0x1E, 0x1F, 0x03, 0xE0,
    0xF0, 0x3C, 0x1F, 0x03, 0xE0, 0xF0, 0x3C, 0x3F, 0x07, 0xE0, 0xF0, 0x3C, 0x3E, 0x07, 0xE0, 0xF0,
    0x3C, 0x3E, 0x07, 0xE0, 0xF0, 0x3C, 0x3E, 0x0D, 0xE0, 0xF0, 0x3C, 0x3E, 0x0D, 0xE1, 0xE0, 0x3C,
    0x3E, 0x0D, 0xC1, 0xE0, 0x3C, 0x3E, 0x1D, 0xC1, 0xE0, 0x3C, 0x3F, 0x39, 0xC3, 0xC0, 0x3E, 0x1F,
    0xF9, 0xEF, 0x80, 0x1E, 0x1F, 0xF1, 0xFF, 0x00, 0x1F, 0x0F, 0xE1, 0xFE, 0x00, 0x1F, 0x01, 0x00,
    0x20, 0x00, 0x0F, 0x80, 0x00, 0x00, 0x00, 0x0F, 0xC0, 0x00, 0xC0, 0x00, 0x07, 0xF0, 0x03, 0xC0,
    0x00, 0x03, 0xFF, 0xFF, 0xC0, 0x00, 0x01, 0xFF, 0xFF, 0x80, 0x00, 0x00, 0x7F, 0xFE, 0x00, 0x00,
    0x00, 0x0F, 0xF8, 0x00, 0x00, 0x00, 0x00, 0x00, 0x00, 0x00, 0x00, 0x00, 0x00, 0x00, 0x00, 0x00,
    0x00, 0x00, 0x00, 0x00, 0x00, 0x00, 0x00, 0x00, 0x00, 0x00, 0x00, 0x00, 0x00, 0x00, 0x00, 0x00,
    0x00, 0x00, 0x00, 0x00, 0x00, 0x00, 0x00, 0x00, 0x00, 0x00, 0x00, 0x00, 0x00, 0x00, 0x00, 0x00,
    0x00, 0x00, 0x00, 0x00, 0x00, 0x00, 0x00, 0x00, 0x00, 0x00, 0x00, 0x00, 0x00, 0x07, 0xF0, 0x00,
    0x00, 0x07, 0xF0, 0x00, 0x00, 0x0F, 0xF0, 0x00, 0x00, 0x0F, 0xF8, 0x00, 0x00, 0x0F, 0xF8, 0x00,
    0x00, 0x1F, 0xF8, 0x00, 0x00, 0x1E, 0xFC, 0x00, 0x00, 0x3C, 0xFC, 0x00, 0x00, 0x3C, 0xFC, 0x00,
    0x00, 0x3C, 0xFE, 0x00, 0x00, 0x78, 0x7E, 0x00, 0x00, 0x78, 0x7F, 0x00, 0x00, 0x78, 0x7F, 0x00,
    0x00, 0xF0, 0x3F, 0x00, 0x00, 0xF0, 0x3F, 0x80, 0x00, 0xF0, 0x3F, 0x80, 0x01, 0xFF, 0xFF, 0x80,
    0x01, 0xFF, 0xFF, 0xC0, 0x03, 0xFF, 0xFF, 0xC0, 0x03, 0xFF, 0xFF, 0xC0, 0x03, 0xC0, 0x0F, 0xE0,
    0x07, 0xC0, 0x0F, 0xE0, 0x07, 0x80, 0x0F, 0xE0, 0x07, 0x80, 0x07, 0xF0, 0x0F, 0x80, 0x07, 0xF0,
    0x1F, 0xC0, 0x0F, 0xF8, 0x7F, 0xF0, 0x3F, 0xFE, 0x7F, 0xF0, 0x3F, 0xFE, 0x7F, 0xF0, 0x3F, 0xFE,
    0x00, 0x00, 0x00, 0x00, 0x00, 0x00, 0x00, 0x00, 0x00, 0x00, 0x00, 0x00, 0x00, 0x00, 0x00, 0x00,
    0x00, 0x00, 0x00, 0x00, 0x00, 0x00, 0x00, 0x00, 0x00, 0x00, 0x00, 0x00, 0x00, 0x00, 0x00, 0x00,
    0x00, 0x00, 0x00, 0x00, 0x00, 0x00, 0x00, 0x00, 0x00, 0x00, 0x00, 0x00, 0x00, 0x00, 0x00, 0x00,
    0x00, 0x00, 0x00, 0x00, 0x00, 0x00, 0x00, 0x00, 0x00, 0x00, 0x00, 0x00, 0x00, 0x00, 0x00, 0x00,
    0x00, 0x00, 0x00, 0x00, 0x00, 0x00, 0x00, 0x00, 0x00, 0x00, 0x00, 0x00, 0x00, 0x00, 0x00, 0x00,
    0x00, 0x00, 0x00, 0x00, 0x3F, 0xFF, 0xF0, 0x00, 0x3F, 0xFF, 0xFC, 0x00, 0x3F, 0xFF, 0xFE, 0x00,
    0x0F, 0xFF, 0xFF, 0x00, 0x07, 0xF0, 0x7F, 0x80, 0x07, 0xF0, 0x3F, 0x80, 0x07, 0xF0, 0x3F, 0x80,
    0x07, 0xF0, 0x3F, 0x80, 0x07, 0xF0, 0x3F, 0x80, 0x07, 0xF0, 0x3F, 0x00, 0x07, 0xF0, 0x7F, 0x00,
    0x07, 0xF0, 0xFE, 0x00, 0x07, 0xFF, 0xF8, 0x00, 0x07, 0xFF, 0xF8, 0x00, 0x07, 0xFF, 0xFF, 0x00,
    0x07, 0xFF, 0xFF, 0x80, 0x07, 0xF0, 0x3F, 0xC0, 0x07, 0xF0, 0x1F, 0xC0, 0x07, 0xF0, 0x0F, 0xE0,
    0x07, 0xF0, 0x0F, 0xE0, 0x07, 0xF0, 0x0F, 0xE0, 0x07, 0xF0, 0x0F, 0xE0, 0x07, 0xF0, 0x0F, 0xE0,
    0x07, 0xF0, 0x1F, 0xC0, 0x07, 0xF0, 0x3F, 0xC0, 0x0F, 0xFF, 0xFF, 0x80, 0x3F, 0xFF, 0xFF, 0x00,
    0x3F, 0xFF, 0xFE, 0x00, 0x3F, 0xFF, 0xF0, 0x00, 0x00, 0x00, 0x00, 0x00, 0x00, 0x00, 0x00, 0x00,
    0x00, 0x00, 0x00, 0x00, 0x00, 0x00, 0x00, 0x00, 0x00, 0x00, 0x00, 0x00, 0x00, 0x00, 0x00, 0x00,
    0x00, 0x00, 0x00, 0x00, 0x00, 0x00, 0x00, 0x00, 0x00, 0x00, 0x00, 0x00, 0x00, 0x00, 0x00, 0x00,
    0x00, 0x00, 0x00, 0x00, 0x00, 0x00, 0x00, 0x00, 0x00, 0x00, 0x00, 0x00, 0x00, 0x00, 0x00, 0x00,
    0x00, 0x00, 0x00, 0x00, 0x00, 0x00, 0x00, 0x00, 0x00, 0x00, 0x00, 0x00, 0x00, 0x00, 0x00, 0x00,
    0x00, 0x00, 0x00, 0x00, 0x00, 0x00, 0x00, 0x00, 0x00, 0x01, 0x81, 0x80, 0x00, 0x3F, 0xFB, 0x80,
    0x00, 0xFF, 0xFF, 0xC0, 0x01, 0xFF, 0xFF, 0xC0, 0x03, 0xFC, 0x3F, 0xC0, 0x07, 0xF0, 0x0F, 0xC0,
    0x0F, 0xE0, 0x07, 0xC0, 0x0F, 0xC0, 0x03, 0xC0, 0x1F, 0xC0, 0x01, 0xE0, 0x1F, 0xC0, 0x01, 0xE0,
    0x1F, 0x80, 0x01, 0x80, 0x3F, 0x80, 0x00, 0x00, 0x3F, 0x80, 0x00, 0x00, 0x3F, 0x80, 0x00, 0x00,
    0x3F, 0x80, 0x00, 0x00, 0x3F, 0x80, 0x00, 0x00, 0x3F, 0x80, 0x00, 0x00, 0x3F, 0x80, 0x00, 0x00,
    0x3F, 0x80, 0x00, 0x00, 0x3F, 0xC0, 0x00, 0x00, 0x1F, 0xC0, 0x00, 0x00, 0x1F, 0xC0, 0x00, 0x00,
    0x1F, 0xE0, 0x00, 0xC0, 0x0F, 0xF0, 0x01, 0xE0, 0x0F, 0xF8, 0x03, 0xE0, 0x07, 0xFF, 0xFF, 0xE0,
    0x03, 0xFF, 0xFF, 0xC0, 0x01, 0xFF, 0xFF, 0x80, 0x00, 0xFF, 0xFE, 0x00, 0x00, 0x3F, 0xF8, 0x00,
    0x00, 0x01, 0x80, 0x00, 0x00, 0x00, 0x00, 0x00, 0x00, 0x00, 0x00, 0x00, 0x00, 0x00, 0x00, 0x00,
    0x00, 0x00, 0x00, 0x00, 0x00, 0x00, 0x00, 0x00, 0x00, 0x00, 0x00, 0x00, 0x00, 0x00, 0x00, 0x00,
    0x00, 0x00, 0x00, 0x00, 0x00, 0x00, 0x00, 0x00, 0x00, 0x00, 0x00, 0x00, 0x00, 0x00, 0x00, 0x00,
    0x00, 0x00, 0x00, 0x00, 0x00, 0x00, 0x00, 0x00, 0x00, 0x00, 0x00, 0x00, 0x00, 0x00, 0x00, 0x00,
    0x00, 0x00, 0x00, 0x00, 0x00, 0x00, 0x00, 0x00, 0x00, 0x00, 0x00, 0x00, 0x00, 0x00, 0x00, 0x00,
    0x00, 0x00, 0x00, 0x00, 0x3F, 0xFF, 0xF0, 0x00, 0x3F, 0xFF, 0xFE, 0x00, 0x3F, 0xFF, 0xFF, 0x80,
    0x0F, 0xFF, 0xFF, 0xC0, 0x07, 0xF0, 0x1F, 0xE0, 0x07, 0xF0, 0x0F, 0xF0, 0x07, 0xF0, 0x07, 0xF0,
    0x07, 0xF0, 0x03, 0xF8, 0x07, 0xF0, 0x03, 0xF8, 0x07, 0xF0, 0x01, 0xFC, 0x07, 0xF0, 0x01, 0xFC,
    0x07, 0xF0, 0x01, 0xFC, 0x07, 0xF0, 0x01, 0xFC, 0x07, 0xF0, 0x01, 0xFC, 0x07, 0xF0, 0x01, 0xFC,
    0x07, 0xF0, 0x01, 0xFC, 0x07, 0xF0, 0x01, 0xFC, 0x07, 0xF0, 0x01, 0xFC, 0x07, 0xF0, 0x01, 0xF8,
    0x07, 0xF0, 0x03, 0xF8, 0x07, 0xF0, 0x03, 0xF8, 0x07, 0xF0, 0x03, 0xF0, 0x07, 0xF0, 0x07, 0xF0,
    0x07, 0xF0, 0x0F, 0xE0, 0x07, 0xF0, 0x1F, 0xC0, 0x0F, 0xFF, 0xFF, 0x80, 0x3F, 0xFF, 0xFF, 0x00,
    0x3F, 0xFF, 0xFC, 0x00, 0x3F, 0xFF, 0xE0, 0x00, 0x00, 0x00, 0x00, 0x00, 0x00, 0x00, 0x00, 0x00,
    0x00, 0x00, 0x00, 0x00, 0x00, 0x00, 0x00, 0x00, 0x00, 0x00, 0x00, 0x00, 0x00, 0x00, 0x00, 0x00,
    0x00, 0x00, 0x00, 0x00, 0x00, 0x00, 0x00, 0x00, 0x00, 0x00, 0x00, 0x00, 0x00, 0x00, 0x00, 0x00,
    0x00, 0x00, 0x00, 0x00, 0x00, 0x00, 0x00, 0x00, 0x00, 0x00, 0x00, 0x00, 0x00, 0x00, 0x00, 0x00,
    0x00, 0x00, 0x00, 0x00, 0x00, 0x00, 0x00, 0x00, 0x00, 0x00, 0x00, 0x00, 0x00, 0x00, 0x00, 0x00,
    0x00, 0x00, 0x00, 0x00, 0x00, 0x00, 0x00, 0x00, 0x00, 0x00, 0x00, 0x00, 0x3F, 0xFF, 0xFF, 0x00,
    0x3F, 0xFF, 0xFF, 0x00, 0x3F, 0xFF, 0xFF, 0x00, 0x0F, 0xFF, 0xFF, 0x00, 0x07, 0xF0, 0x1F, 0x80,
    0x07, 0xF0, 0x0F, 0x80, 0x07, 0xF0, 0x07, 0x80, 0x07, 0xF0, 0x07, 0x80, 0x07, 0xF0, 0x00, 0x00,
    0x07, 0xF0, 0x70, 0x00, 0x07, 0xF0, 0x70, 0x00, 0x07, 0xF0, 0xF0, 0x00, 0x07, 0xFF, 0xF0, 0x00,
    0x07, 0xFF, 0xF0, 0x00, 0x07, 0xFF, 0xF0, 0x00, 0x07, 0xFF, 0xF0, 0x00, 0x07, 0xF0, 0xF0, 0x00,
    0x07, 0xF0, 0x70, 0x00, 0x07, 0xF0, 0x70, 0x00, 0x07, 0xF0, 0x00, 0x00, 0x07, 0xF0, 0x03, 0xC0,
    0x07, 0xF0, 0x03, 0xC0, 0x07, 0xF0, 0x07, 0xC0, 0x07, 0xF0, 0x07, 0x80, 0x07, 0xF0, 0x0F, 0x80,
    0x0F, 0xFF, 0xFF, 0x80, 0x3F, 0xFF, 0xFF, 0x80, 0x3F, 0xFF, 0xFF, 0x80, 0x3F, 0xFF, 0xFF, 0x80,
    0x00, 0x00, 0x00, 0x00, 0x00, 0x00, 0x00, 0x00, 0x00, 0x00, 0x00, 0x00, 0x00, 0x00, 0x00, 0x00,
    0x00, 0x00, 0x00, 0x00, 0x00, 0x00, 0x00, 0x00, 0x00, 0x00, 0x00, 0x00, 0x00, 0x00, 0x00, 0x00,
    0x00, 0x00, 0x00, 0x00, 0x00, 0x00, 0x00, 0x00, 0x00, 0x00, 0x00, 0x00, 0x00, 0x00, 0x00, 0x00,
    0x00, 0x00, 0x00, 0x00, 0x00, 0x00, 0x00, 0x00, 0x00, 0x00, 0x00, 0x00, 0x00, 0x00, 0x00, 0x00,
    0x00, 0x00, 0x00, 0x00, 0x00, 0x00, 0x00, 0x00, 0x00, 0x00, 0x00, 0x00, 0x00, 0x00, 0x00, 0x00,
    0x00, 0x00, 0x00, 0x00, 0x3F, 0xFF, 0xFF, 0x00, 0x3F, 0xFF, 0xFF, 0x00, 0x3F, 0xFF, 0xFF, 0x00,
    0x0F, 0xFF, 0xFF, 0x00, 0x07, 0xF0, 0x1F, 0x00, 0x07, 0xF0, 0x0F, 0x80, 0x07, 0xF0, 0x07, 0x80,
    0x07, 0xF0, 0x07, 0x80, 0x07, 0xF0, 0x07, 0x00, 0x07, 0xF0, 0x00, 0x00, 0x07, 0xF0, 0x70, 0x00,
    0x07, 0xF0, 0x70, 0x00, 0x07, 0xF0, 0x70, 0x00, 0x07, 0xFF, 0xF0, 0x00, 0x07, 0xFF, 0xF0, 0x00,
    0x07, 0xFF, 0xF0, 0x00, 0x07, 0xFF, 0xF0, 0x00, 0x07, 0xF0, 0xF0, 0x00, 0x07, 0xF0, 0xF0, 0x00,
    0x07, 0xF0, 0x70, 0x00, 0x07, 0xF0, 0x40, 0x00, 0x07, 0xF0, 0x00, 0x00, 0x07, 0xF0, 0x00, 0x00,
    0x07, 0xF0, 0x00, 0x00, 0x07, 0xF0, 0x00, 0x00, 0x0F, 0xF8, 0x00, 0x00, 0x3F, 0xFF, 0x00, 0x00,
    0x3F, 0xFF, 0x00, 0x00, 0x3F, 0xFF, 0x00, 0x00, 0x00, 0x00, 0x00, 0x00, 0x00, 0x00, 0x00, 0x00,
    0x00, 0x00, 0x00, 0x00, 0x00, 0x00, 0x00, 0x00, 0x00, 0x00, 0x00, 0x00, 0x00, 0x00, 0x00, 0x00,
    0x00, 0x00, 0x00, 0x00, 0x00, 0x00, 0x00, 0x00, 0x00, 0x00, 0x00, 0x00, 0x00, 0x00, 0x00, 0x00,
    0x00, 0x00, 0x00, 0x00, 0x00, 0x00, 0x00, 0x00, 0x00, 0x00, 0x00, 0x00, 0x00, 0x00, 0x00, 0x00,
    0x00, 0x00, 0x00, 0x00, 0x00, 0x00, 0x00, 0x00, 0x00, 0x00, 0x00, 0x00, 0x00, 0x00, 0x00, 0x00,
    0x00, 0x00, 0x00, 0x00, 0x00, 0x00, 0x00, 0x00, 0x00, 0x01, 0x81, 0xC0, 0x00, 0x3F, 0xF9, 0xC0,
    0x00, 0xFF, 0xFF, 0xC0, 0x01, 0xFF, 0xFF, 0xE0, 0x03, 0xFC, 0x1F, 0xE0, 0x07, 0xF0, 0x07, 0xE0,
    0x0F, 0xE0, 0x03, 0xE0, 0x0F, 0xC0, 0x01, 0xE0, 0x1F, 0xC0, 0x01, 0xF0, 0x1F, 0xC0, 0x00, 0xF0,
    0x1F, 0x80, 0x00, 0xC0, 0x3F, 0x80, 0x00, 0x00, 0x3F, 0x80, 0x00, 0x00, 0x3F, 0x80, 0x00, 0x00,
    0x3F, 0x80, 0x00, 0x00, 0x3F, 0x80, 0x1F, 0xFE, 0x3F, 0x80, 0x1F, 0xFE, 0x3F, 0x80, 0x1F, 0xFE,
    0x3F, 0x80, 0x07, 0xF8, 0x3F, 0xC0, 0x07, 0xF0, 0x3F, 0xC0, 0x07, 0xF0, 0x1F, 0xC0, 0x07, 0xF0,
    0x1F, 0xE0, 0x07, 0xF0, 0x0F, 0xF0, 0x07, 0xF0, 0x0F, 0xF8, 0x0F, 0xF0, 0x07, 0xFF, 0xFF, 0xF0,
    0x07, 0xFF, 0xFF, 0xF0, 0x03, 0xFF, 0xFF, 0xF0, 0x00, 0xFF, 0xFD, 0xF0, 0x00, 0x7F, 0xF0, 0xF0,
    0x00, 0x03, 0x00, 0x00, 0x00, 0x00, 0x00, 0x00, 0x00, 0x00, 0x00, 0x00, 0x00, 0x00, 0x00, 0x00,
    0x00, 0x00, 0x00, 0x00, 0x00, 0x00, 0x00, 0x00, 0x00, 0x00, 0x00, 0x00, 0x00, 0x00, 0x00, 0x00,
    0x00, 0x00, 0x00, 0x00, 0x00, 0x00, 0x00, 0x00, 0x00, 0x00, 0x00, 0x00, 0x00, 0x00, 0x00, 0x00,
    0x00, 0x00, 0x00, 0x00, 0x00, 0x00, 0x00, 0x00, 0x00, 0x00, 0x00, 0x00, 0x00, 0x00, 0x00, 0x00,
    0x00, 0x00, 0x00, 0x00, 0x00, 0x00, 0x00, 0x00, 0x00, 0x00, 0x00, 0x00, 0x00, 0x00, 0x00, 0x00,
    0x00, 0x00, 0x00, 0x00, 0x00, 0x00, 0x00, 0x00, 0x00, 0x00, 0x00, 0x00, 0x00, 0x00, 0x3F, 0xFE,
    0x0F, 0xFF, 0x80, 0x3F, 0xFE, 0x0F, 0xFF, 0x80, 0x3F, 0xFE, 0x0F, 0xFF, 0x80, 0x0F, 0xF8, 0x03,
    0xFE, 0x00, 0x07, 0xF0, 0x01, 0xFC, 0x00, 0x07, 0xF0, 0x01, 0xFC, 0x00, 0x07, 0xF0, 0x01, 0xFC,
    0x00, 0x07, 0xF0, 0x01, 0xFC, 0x00, 0x07, 0xF0, 0x01, 0xFC, 0x00, 0x07, 0xF0, 0x01, 0xFC, 0x00,
    0x07, 0xF0, 0x01, 0xFC, 0x00, 0x07, 0xF0, 0x01, 0xFC, 0x00, 0x07, 0xFF, 0xFF, 0xFC, 0x00, 0x07,
    0xFF, 0xFF, 0xFC, 0x00, 0x07, 0xFF, 0xFF, 0xFC, 0x00, 0x07, 0xFF, 0xFF, 0xFC, 0x00, 0x07, 0xF0,
    0x01, 0xFC, 0x00, 0x07, 0xF0, 0x01, 0xFC, 0x00, 0x07, 0xF0, 0x01, 0xFC, 0x00, 0x07, 0xF0, 0x01,
    0xFC, 0x00, 0x07, 0xF0, 0x01, 0xFC, 0x00, 0x07, 0xF0, 0x01, 0xFC, 0x00, 0x07, 0xF0, 0x01, 0xFC,
    0x00, 0x07, 0xF0, 0x01, 0xFC, 0x00, 0x07, 0xF0, 0x01, 0xFC, 0x00, 0x0F, 0xF8, 0x03, 0xFE, 0x00,
    0x3F, 0xFE, 0x0F, 0xFF, 0x80, 0x3F, 0xFE, 0x0F, 0xFF, 0x80, 0x3F, 0xFE, 0x0F, 0xFF, 0x80, 0x00,
    0x00, 0x00, 0x00, 0x00, 0x00, 0x00, 0x00, 0x00, 0x00, 0x00, 0x00, 0x00, 0x00, 0x00, 0x00, 0x00,
    0x00, 0x00, 0x00, 0x00, 0x00, 0x00, 0x00, 0x00, 0x00, 0x00, 0x00, 0x00, 0x00, 0x00, 0x00, 0x00,
    0x00, 0x00, 0x00, 0x00, 0x00, 0x00, 0x00, 0x00, 0x00, 0x00, 0x00, 0x00, 0x00, 0x00, 0x00, 0x00,
    0x00, 0x00, 0x00, 0x00, 0x00, 0x00, 0x00, 0x00, 0x00, 0x00, 0x00, 0x00, 0x00, 0x00, 0x00, 0x00,
    0x00, 0x00, 0x00, 0x00, 0x00, 0x00, 0x00, 0x00, 0x00, 0x00, 0x00, 0x00, 0x00, 0x00, 0x00, 0x00,
    0x00, 0x00, 0x00, 0x00, 0x3F, 0xFE, 0x00, 0x3F, 0xFE, 0x00, 0x3F, 0xFE, 0x00, 0x0F, 0xF8, 0x00,
    0x07, 0xF0, 0x00, 0x07, 0xF0, 0x00, 0x07, 0xF0, 0x00, 0x07, 0xF0, 0x00, 0x07, 0xF0, 0x00, 0x07,
    0xF0, 0x00, 0x07, 0xF0, 0x00, 0x07, 0xF0, 0x00, 0x07, 0xF0, 0x00, 0x07, 0xF0, 0x00, 0x07, 0xF0,
    0x00, 0x07, 0xF0, 0x00, 0x07, 0xF0, 0x00, 0x07, 0xF0, 0x00, 0x07, 0xF0, 0x00, 0x07, 0xF0, 0x00,
    0x07, 0xF0, 0x00, 0x07, 0xF0, 0x00, 0x07, 0xF0, 0x00, 0x07, 0xF0, 0x00, 0x07, 0xF0, 0x00, 0x0F,
    0xF8, 0x00, 0x3F, 0xFE, 0x00, 0x3F, 0xFE, 0x00, 0x3F, 0xFE, 0x00, 0x00, 0x00, 0x00, 0x00, 0x00,
    0x00, 0x00, 0x00, 0x00, 0x00, 0x00, 0x00, 0x00, 0x00, 0x00, 0x00, 0x00, 0x00, 0x00, 0x00, 0x00,
    0x00, 0x00, 0x00, 0x00, 0x00, 0x00, 0x00, 0x00, 0x00, 0x00, 0x00, 0x00, 0x00, 0x00, 0x00, 0x00,
    0x00, 0x00, 0x00, 0x00, 0x00, 0x00, 0x00, 0x00, 0x00, 0x00, 0x00, 0x00, 0x00, 0x00, 0x00, 0x00,
    0x00, 0x00, 0x00, 0x00, 0x00, 0x00, 0x00, 0x00, 0x00, 0x00, 0x00, 0x7F, 0xFE, 0x00, 0x7F, 0xFE,
    0x00, 0x7F, 0xFE, 0x00, 0x0F, 0xF8, 0x00, 0x07, 0xF0, 0x00, 0x07, 0xF0, 0x00, 0x07, 0xF0, 0x00,
    0x07, 0xF0, 0x00, 0x07, 0xF0, 0x00, 0x07, 0xF0, 0x00, 0x07, 0xF0, 0x00, 0x07, 0xF0, 0x00, 0x07,
    0xF0, 0x00, 0x07, 0xF0, 0x00, 0x07, 0xF0, 0x00, 0x07, 0xF0, 0x00, 0x07, 0xF0, 0x00, 0x07, 0xF0,
    0x00, 0x07, 0xF0, 0x1E, 0x07, 0xF0, 0x3F, 0x07, 0xF0, 0x7F, 0x07, 0xF0, 0x7F, 0x07, 0xF0, 0x7F,
    0x07, 0xE0, 0x7E, 0x0F, 0xE0, 0x7F, 0x1F, 0xC0, 0x3F, 0xFF, 0xC0, 0x1F, 0xFF, 0x80, 0x07, 0xFE,
    0x00, 0x00, 0x60, 0x00, 0x00, 0x00, 0x00, 0x00, 0x00, 0x00, 0x00, 0x00, 0x00, 0x00, 0x00, 0x00,
    0x00, 0x00, 0x00, 0x00, 0x00, 0x00, 0x00, 0x00, 0x00, 0x00, 0x00, 0x00, 0x00, 0x00, 0x00, 0x00,
    0x00, 0x00, 0x00, 0x00, 0x00, 0x00, 0x00, 0x00, 0x00, 0x00, 0x00, 0x00, 0x00, 0x00, 0x00, 0x00,
    0x00, 0x00, 0x00, 0x00, 0x00, 0x00, 0x00, 0x00, 0x00, 0x00, 0x00, 0x00, 0x00, 0x00, 0x00, 0x00,
    0x00, 0x00, 0x00, 0x00, 0x00, 0x00, 0x00, 0x00, 0x00, 0x00, 0x3F, 0xFE, 0x1F, 0xFC, 0x3F, 0xFE,
    0x1F, 0xFC, 0x3F, 0xFE, 0x1F, 0xFC, 0x0F, 0xF8, 0x07, 0xF0, 0x07, 0xF0, 0x07, 0xC0, 0x07, 0xF0,
    0x0F, 0x80, 0x07, 0xF0, 0x1F, 0x00, 0x07, 0xF0, 0x3E, 0x00, 0x07, 0xF0, 0x7C, 0x00, 0x07, 0xF0,
    0xF8, 0x00, 0x07, 0xF1, 0xF0, 0x00, 0x07, 0xF3, 0xE0, 0x00, 0x07, 0xF7, 0xE0, 0x00, 0x07, 0xFF,
    0xF0, 0x00, 0x07, 0xFF, 0xF0, 0x00, 0x07, 0xFF, 0xF8, 0x00, 0x07, 0xFF, 0xFC, 0x00, 0x07, 0xF9,
    0xFC, 0x00, 0x07, 0xF1, 0xFE, 0x00, 0x07, 0xF0, 0xFF, 0x00, 0x07, 0xF0, 0xFF, 0x00, 0x07, 0xF0,
    0x7F, 0x80, 0x07, 0xF0, 0x3F, 0x80, 0x07, 0xF0, 0x3F, 0xC0, 0x07, 0xF0, 0x1F, 0xE0, 0x0F, 0xF8,
    0x1F, 0xFA, 0x3F, 0xFE, 0x0F, 0xFF, 0x3F, 0xFE, 0x07, 0xFF, 0x3F, 0xFE, 0x03, 0xFE, 0x00, 0x00,
    0x00, 0x20, 0x00, 0x00, 0x00, 0x00, 0x00, 0x00, 0x00, 0x00, 0x00, 0x00, 0x00, 0x00, 0x00, 0x00,
    0x00, 0x00, 0x00, 0x00, 0x00, 0x00, 0x00, 0x00, 0x00, 0x00, 0x00, 0x00, 0x00, 0x00, 0x00, 0x00,
    0x00, 0x00, 0x00, 0x00, 0x00, 0x00, 0x00, 0x00, 0x00, 0x00, 0x00, 0x00, 0x00, 0x00, 0x00, 0x00,
    0x00, 0x00, 0x00, 0x00, 0x00, 0x00, 0x00, 0x00, 0x00, 0x00, 0x00, 0x00, 0x00, 0x00, 0x00, 0x00,
    0x00, 0x00, 0x00, 0x00, 0x00, 0x00, 0x00, 0x00, 0x00, 0x00, 0x00, 0x00, 0x00, 0x00, 0x00, 0x00,
    0x00, 0x00, 0x3F, 0xFE, 0x00, 0x00, 0x3F, 0xFE, 0x00, 0x00, 0x3F, 0xFE, 0x00, 0x00, 0x0F, 0xF8,
    0x00, 0x00, 0x07, 0xF0, 0x00, 0x00, 0x07, 0xF0, 0x00, 0x00, 0x07, 0xF0, 0x00, 0x00, 0x07, 0xF0,
    0x00, 0x00, 0x07, 0xF0, 0x00, 0x00, 0x07, 0xF0, 0x00, 0x00, 0x07, 0xF0, 0x00, 0x00, 0x07, 0xF0,
    0x00, 0x00, 0x07, 0xF0, 0x00, 0x00, 0x07, 0xF0, 0x00, 0x00, 0x07, 0xF0, 0x00, 0x00, 0x07, 0xF0,
    0x00, 0x00, 0x07, 0xF0, 0x00, 0x00, 0x07, 0xF0, 0x00, 0x00, 0x07, 0xF0, 0x00, 0x00, 0x07, 0xF0,
    0x07, 0x00, 0x07, 0xF0, 0x0F, 0x00, 0x07, 0xF0, 0x0F, 0x00, 0x07, 0xF0, 0x0F, 0x00, 0x07, 0xF0,
    0x1F, 0x00, 0x07, 0xF0, 0x3F, 0x00, 0x0F, 0xFF, 0xFF, 0x00, 0x3F, 0xFF, 0xFF, 0x00, 0x3F, 0xFF,
    0xFF, 0x00, 0x3F, 0xFF, 0xFE, 0x00, 0x00, 0x00, 0x00, 0x00, 0x00, 0x00, 0x00, 0x00, 0x00, 0x00,
    0x00, 0x00, 0x00, 0x00, 0x00, 0x00, 0x00, 0x00, 0x00, 0x00, 0x00, 0x00, 0x00, 0x00, 0x00, 0x00,
    0x00, 0x00, 0x00, 0x00, 0x00, 0x00, 0x00, 0x00, 0x00, 0x00, 0x00, 0x00, 0x00, 0x00, 0x00, 0x00,
    0x00, 0x00, 0x00, 0x00, 0x00, 0x00, 0x00, 0x00, 0x00, 0x00, 0x00, 0x00, 0x00, 0x00, 0x00, 0x00,
    0x00, 0x00, 0x00, 0x00, 0x00, 0x00, 0x00, 0x00, 0x00, 0x00, 0x00, 0x00, 0x00, 0x00, 0x00, 0x00,
    0x00, 0x00, 0x00, 0x00, 0x00, 0x00, 0x00, 0x00, 0x00, 0x00, 0x00, 0x00, 0x00, 0x00, 0x00, 0x00,
    0x00, 0x00, 0x00, 0x00, 0x00, 0x00, 0x00, 0x00, 0x00, 0x00, 0x00, 0x00, 0x00, 0x00, 0x1F, 0xFC,
    0x00, 0x1F, 0xFC, 0x00, 0x1F, 0xFC, 0x00, 0x1F, 0xFC, 0x00, 0x1F, 0xFE, 0x00, 0x3F, 0xFC, 0x00,
    0x07, 0xFE, 0x00, 0x3F, 0xE0, 0x00, 0x03, 0xFF, 0x00, 0x7F, 0xE0, 0x00, 0x03, 0xFF, 0x00, 0x7F,
    0xE0, 0x00, 0x03, 0xFF, 0x00, 0x7F, 0xE0, 0x00, 0x03, 0xFF, 0x80, 0xFF, 0xE0, 0x00, 0x03, 0xFF,
    0x80, 0xFF, 0xE0, 0x00, 0x03, 0xDF, 0x81, 0xEF, 0xE0, 0x00, 0x03, 0xDF, 0xC1, 0xEF, 0xE0, 0x00,
    0x03, 0xCF, 0xC1, 0xCF, 0xE0, 0x00, 0x03, 0xCF, 0xE3, 0xC7, 0xE0, 0x00, 0x03, 0xCF, 0xE3, 0xC7,
    0xE0, 0x00, 0x07, 0x87, 0xE7, 0x87, 0xF0, 0x00, 0x07, 0x87, 0xF7, 0x87, 0xF0, 0x00, 0x07, 0x83,
    0xFF, 0x07, 0xF0, 0x00, 0x07, 0x83, 0xFF, 0x07, 0xF0, 0x00, 0x07, 0x83, 0xFE, 0x07, 0xF0, 0x00,
    0x07, 0x81, 0xFE, 0x07, 0xF0, 0x00, 0x07, 0x81, 0xFE, 0x07, 0xF0, 0x00, 0x07, 0x80, 0xFC, 0x07,
    0xF0, 0x00, 0x07, 0x80, 0xFC, 0x07, 0xF0, 0x00, 0x07, 0x80, 0xF8, 0x07, 0xF0, 0x00, 0x07, 0x80,
    0x00, 0x07, 0xF0, 0x00, 0x0F, 0xC0, 0x00, 0x07, 0xF8, 0x00, 0x3F, 0xF0, 0x00, 0x3F, 0xFE, 0x00,
    0x3F, 0xF0, 0x00, 0x3F, 0xFE, 0x00, 0x3F, 0xF0, 0x00, 0x3F, 0xFE, 0x00, 0x00, 0x00, 0x00, 0x00,
    0x00, 0x00, 0x00, 0x00, 0x00, 0x00, 0x00, 0x00, 0x00, 0x00, 0x00, 0x00, 0x00, 0x00, 0x00, 0x00,
    0x00, 0x00, 0x00, 0x00, 0x00, 0x00, 0x00, 0x00, 0x00, 0x00, 0x00, 0x00, 0x00, 0x00, 0x00, 0x00,
    0x00, 0x00, 0x00, 0x00, 0x00, 0x00, 0x00, 0x00, 0x00, 0x00, 0x00, 0x00, 0x00, 0x00, 0x00, 0x00,
    0x00, 0x00, 0x00, 0x00, 0x00, 0x00, 0x00, 0x00, 0x00, 0x00, 0x00, 0x00, 0x00, 0x00, 0x00, 0x00,
    0x00, 0x00, 0x00, 0x00, 0x00, 0x00, 0x00, 0x00, 0x00, 0x00, 0x00, 0x00, 0x00, 0x00, 0x00, 0x00,
    0x00, 0x00, 0x00, 0x00, 0x00, 0x00, 0x00, 0x00, 0x00, 0x00, 0x00, 0x00, 0x00, 0x00, 0x00, 0x00,
    0x00, 0x00, 0x00, 0x00, 0x00, 0x00, 0x00, 0x00, 0x00, 0x00, 0x00, 0x00, 0x00, 0x00, 0x00, 0x00,
    0x3F, 0xF8, 0x03, 0xFF, 0x80, 0x3F, 0xFC, 0x03, 0xFF, 0x80, 0x3F, 0xFC, 0x03, 0xFF, 0x80, 0x0F,
    0xFE, 0x00, 0xFE, 0x00, 0x07, 0xFF, 0x00, 0x7C, 0x00, 0x07, 0xFF, 0x00, 0x7C, 0x00, 0x07, 0xFF,
    0x80, 0x7C, 0x00, 0x07, 0xFF, 0x80, 0x7C, 0x00, 0x07, 0xFF, 0xC0, 0x7C, 0x00, 0x07, 0xDF, 0xE0,
    0x7C, 0x00, 0x07, 0xDF, 0xE0, 0x7C, 0x00, 0x07, 0xCF, 0xF0, 0x7C, 0x00, 0x07, 0xCF, 0xF0, 0x7C,
    0x00, 0x07, 0xC7, 0xF8, 0x7C, 0x00, 0x07, 0xC3, 0xF8, 0x7C, 0x00, 0x07, 0xC3, 0xFC, 0x7C, 0x00,
    0x07, 0xC1, 0xFE, 0x7C, 0x00, 0x07, 0xC1, 0xFE, 0x7C, 0x00, 0x07, 0xC0, 0xFF, 0x7C, 0x00, 0x07,
    0xC0, 0x7F, 0x7C, 0x00, 0x07, 0xC0, 0x7F, 0xFC, 0x00, 0x07, 0xC0, 0x3F, 0xFC, 0x00, 0x07, 0xC0,
    0x1F, 0xFC, 0x00, 0x07, 0xC0, 0x1F, 0xFC, 0x00, 0x07, 0xC0, 0x0F, 0xFC, 0x00, 0x0F, 0xE0, 0x0F,
    0xFC, 0x00, 0x3F, 0xF8, 0x07, 0xFC, 0x00, 0x3F, 0xF8, 0x03, 0xFC, 0x00, 0x3F, 0xF8, 0x03, 0xFC,
    0x00, 0x00, 0x00, 0x00, 0x00, 0x00, 0x00, 0x00, 0x00, 0x00, 0x00, 0x00, 0x00, 0x00, 0x00, 0x00,
    0x00, 0x00, 0x00, 0x00, 0x00, 0x00, 0x00, 0x00, 0x00, 0x00, 0x00, 0x00, 0x00, 0x00, 0x00, 0x00,
    0x00, 0x00, 0x00, 0x00, 0x00, 0x00, 0x00, 0x00, 0x00, 0x00, 0x00, 0x00, 0x00, 0x00, 0x00, 0x00,
    0x00, 0x00, 0x00, 0x00, 0x00, 0x00, 0x00, 0x00, 0x00, 0x00, 0x00, 0x00, 0x00, 0x00, 0x00, 0x00,
    0x00, 0x00, 0x00, 0x00, 0x00, 0x00, 0x00, 0x00, 0x00, 0x00, 0x00, 0x00, 0x00, 0x00, 0x00, 0x00,
    0x00, 0x00, 0x00, 0x00, 0x00, 0x00, 0x00, 0x00, 0x00, 0x00, 0x00, 0x00, 0x00, 0x01, 0xC0, 0x00,
    0x00, 0x1F, 0xFC, 0x00, 0x00, 0x7F, 0xFF, 0x00, 0x01, 0xFF, 0xFF, 0xC0, 0x03, 0xFC, 0x3F, 0xE0,
    0x07, 0xF0, 0x0F, 0xE0, 0x0F, 0xE0, 0x07, 0xF0, 0x0F, 0xC0, 0x07, 0xF8, 0x1F, 0xC0, 0x03, 0xF8,
    0x1F, 0xC0, 0x03, 0xF8, 0x1F, 0x80, 0x01, 0xFC, 0x3F, 0x80, 0x01, 0xFC, 0x3F, 0x80, 0x01, 0xFC,
    0x3F, 0x80, 0x01, 0xFC, 0x3F, 0x80, 0x01, 0xFC, 0x3F, 0x80, 0x01, 0xFC, 0x3F, 0x80, 0x01, 0xFC,
    0x3F, 0x80, 0x01, 0xFC, 0x3F, 0x80, 0x01, 0xFC, 0x3F, 0x80, 0x01, 0xFC, 0x3F, 0x80, 0x01, 0xF8,
    0x1F, 0xC0, 0x03, 0xF8, 0x1F, 0xC0, 0x03, 0xF8, 0x0F, 0xE0, 0x03, 0xF0, 0x0F, 0xE0, 0x07, 0xE0,
    0x07, 0xF0, 0x0F, 0xE0, 0x03, 0xFC, 0x1F, 0xC0, 0x01, 0xFF, 0xFF, 0x80, 0x00, 0xFF, 0xFE, 0x00,
    0x00, 0x3F, 0xFC, 0x00, 0x00, 0x01, 0x80, 0x00, 0x00, 0x00, 0x00, 0x00, 0x00, 0x00, 0x00, 0x00,
    0x00, 0x00, 0x00, 0x00, 0x00, 0x00, 0x00, 0x00, 0x00, 0x00, 0x00, 0x00, 0x00, 0x00, 0x00, 0x00,
    0x00, 0x00, 0x00, 0x00, 0x00, 0x00, 0x00, 0x00, 0x00, 0x00, 0x00, 0x00, 0x00, 0x00, 0x00, 0x00,
    0x00, 0x00, 0x00, 0x00, 0x00, 0x00, 0x00, 0x00, 0x00, 0x00, 0x00, 0x00, 0x00, 0x00, 0x00, 0x00,
    0x00, 0x00, 0x00, 0x00, 0x00, 0x00, 0x00, 0x00, 0x00, 0x00, 0x00, 0x00, 0x00, 0x00, 0x00, 0x00,
    0x00, 0x00, 0x00, 0x00, 0x00, 0x00, 0x00, 0x00, 0x3F, 0xFF, 0xF0, 0x00, 0x3F, 0xFF, 0xFC, 0x00,
    0x3F, 0xFF, 0xFF, 0x00, 0x0F, 0xFF, 0xFF, 0x00, 0x07, 0xF0, 0x7F, 0x80, 0x07, 0xF0, 0x3F, 0x80,
    0x07, 0xF0, 0x1F, 0xC0, 0x07, 0xF0, 0x1F, 0xC0, 0x07, 0xF0, 0x1F, 0xC0, 0x07, 0xF0, 0x1F, 0xC0,
    0x07, 0xF0, 0x1F, 0xC0, 0x07, 0xF0, 0x1F, 0x80, 0x07, 0xF0, 0x3F, 0x80, 0x07, 0xF0, 0x7F, 0x80,
    0x07, 0xFF, 0xFF, 0x00, 0x07, 0xFF, 0xFE, 0x00, 0x07, 0xFF, 0xF8, 0x00, 0x07, 0xFF, 0xE0, 0x00,
    0x07, 0xF0, 0x00, 0x00, 0x07, 0xF0, 0x00, 0x00, 0x07, 0xF0, 0x00, 0x00, 0x07, 0xF0, 0x00, 0x00,
    0x07, 0xF0, 0x00, 0x00, 0x07, 0xF0, 0x00, 0x00, 0x07, 0xF0, 0x00, 0x00, 0x0F, 0xF8, 0x00, 0x00,
    0x3F, 0xFF, 0x00, 0x00, 0x3F, 0xFF, 0x00, 0x00, 0x3F, 0xFF, 0x00, 0x00, 0x00, 0x00, 0x00, 0x00,
    0x00, 0x00, 0x00, 0x00, 0x00, 0x00, 0x00, 0x00, 0x00, 0x00, 0x00, 0x00, 0x00, 0x00, 0x00, 0x00,
    0x00, 0x00, 0x00, 0x00, 0x00, 0x00, 0x00, 0x00, 0x00, 0x00, 0x00, 0x00, 0x00, 0x00, 0x00, 0x00,
    0x00, 0x00, 0x00, 0x00, 0x00, 0x00, 0x00, 0x00, 0x00, 0x00, 0x00, 0x00, 0x00, 0x00, 0x00, 0x00,
    0x00, 0x00, 0x00, 0x00, 0x00, 0x00, 0x00, 0x00, 0x00, 0x00, 0x00, 0x00, 0x00, 0x00, 0x00, 0x00,
    0x00, 0x00, 0x00, 0x00, 0x00, 0x00, 0x00, 0x00, 0x00, 0x00, 0x00, 0x00, 0x00, 0x00, 0x00, 0x00,
    0x00, 0x00, 0x00, 0x00, 0x00, 0x00, 0x00, 0xC0, 0x00, 0x00, 0x00, 0x1F, 0xFE, 0x00, 0x00, 0x00,
    0x7F, 0xFF, 0x80, 0x00, 0x01, 0xFF, 0xFF, 0xC0, 0x00, 0x03, 0xFC, 0x1F, 0xE0, 0x00, 0x07, 0xF0,
    0x07, 0xF0, 0x00, 0x07, 0xE0, 0x03, 0xF8, 0x00, 0x0F, 0xC0, 0x03, 0xF8, 0x00, 0x1F, 0xC0, 0x01,
    0xFC, 0x00, 0x1F, 0xC0, 0x01, 0xFC, 0x00, 0x1F, 0x80, 0x01, 0xFC, 0x00, 0x3F, 0x80, 0x00, 0xFE,
    0x00, 0x3F, 0x80, 0x00, 0xFE, 0x00, 0x3F, 0x80, 0x00, 0xFE, 0x00, 0x3F, 0x80, 0x00, 0xFE, 0x00,
    0x3F, 0x80, 0x00, 0xFE, 0x00, 0x3F, 0x80, 0x00, 0xFE, 0x00, 0x3F, 0x80, 0x00, 0xFE, 0x00, 0x3F,
    0x8F, 0x80, 0xFE, 0x00, 0x3F, 0xFF, 0xC0, 0xFC, 0x00, 0x1F, 0xFF, 0xF1, 0xFC, 0x00, 0x1F, 0xFF,
    0xF9, 0xFC, 0x00, 0x1F, 0xE1, 0xF9, 0xF8, 0x00, 0x0F, 0xE0, 0xFF, 0xF8, 0x00, 0x0F, 0xE0, 0x7F,
    0xF0, 0x00, 0x07, 0xF0, 0x7F, 0xF0, 0x00, 0x03, 0xFC, 0x7F, 0xE0, 0x00, 0x01, 0xFF, 0xFF, 0xC0,
    0x00, 0x00, 0xFF, 0xFF, 0x80, 0x00, 0x00, 0x3F, 0xFF, 0xC0, 0x00, 0x00, 0x01, 0x8F, 0xE0, 0x00,
    0x00, 0x00, 0x07, 0xF0, 0x00, 0x00, 0x00, 0x07, 0xF8, 0x38, 0x00, 0x00, 0x03, 0xFF, 0xF8, 0x00,
    0x00, 0x01, 0xFF, 0xF0, 0x00, 0x00, 0x00, 0xFF, 0xE0, 0x00, 0x00, 0x00, 0x7F, 0xC0, 0x00, 0x00,
    0x00, 0x1F, 0x00, 0x00, 0x00, 0x00, 0x00, 0x00, 0x00, 0x00, 0x00, 0x00, 0x00, 0x00, 0x00, 0x00,
    0x00, 0x00, 0x00, 0x00, 0x00, 0x00, 0x00, 0x00, 0x00, 0x00, 0x00, 0x00, 0x00, 0x00, 0x00, 0x00,
    0x00, 0x00, 0x00, 0x00, 0x00, 0x00, 0x00, 0x00, 0x00, 0x00, 0x00, 0x00, 0x00, 0x00, 0x00, 0x00,
    0x00, 0x00, 0x00, 0x00, 0x00, 0x00, 0x00, 0x00, 0x00, 0x00, 0x3F, 0xFF, 0xF0, 0x00, 0x3F, 0xFF,
    0xFC, 0x00, 0x3F, 0xFF, 0xFF, 0x00, 0x0F, 0xFF, 0xFF, 0x80, 0x07, 0xF0, 0x7F, 0x80, 0x07, 0xF0,
    0x3F, 0xC0, 0x07, 0xF0, 0x1F, 0xC0, 0x07, 0xF0, 0x1F, 0xC0, 0x07, 0xF0, 0x1F, 0xC0, 0x07, 0xF0,
    0x1F, 0x80, 0x07, 0xF0, 0x3F, 0x80, 0x07, 0xF0, 0x7F, 0x00, 0x07, 0xFF, 0xFE, 0x00, 0x07, 0xFF,
    0xF8, 0x00, 0x07, 0xFF, 0xE0, 0x00, 0x07, 0xFF, 0xF8, 0x00, 0x07, 0xF1, 0xFC, 0x00, 0x07, 0xF1,
    0xFE, 0x00, 0x07, 0xF0, 0xFE, 0x00, 0x07, 0xF0, 0xFF, 0x00, 0x07, 0xF0, 0x7F, 0x00, 0x07, 0xF0,
    0x7F, 0x00, 0x07, 0xF0, 0x7F, 0x80, 0x07, 0xF0, 0x3F, 0x80, 0x07, 0xF0, 0x3F, 0xC0, 0x0F, 0xF8,
    0x3F, 0xF8, 0x3F, 0xFE, 0x1F, 0xFC, 0x3F, 0xFE, 0x0F, 0xFC, 0x3F, 0xFE, 0x07, 0xF8, 0x00, 0x00,
    0x00, 0x80, 0x00, 0x00, 0x00, 0x00, 0x00, 0x00, 0x00, 0x00, 0x00, 0x00, 0x00, 0x00, 0x00, 0x00,
    0x00, 0x00, 0x00, 0x00, 0x00, 0x00, 0x00, 0x00, 0x00, 0x00, 0x00, 0x00, 0x00, 0x00, 0x00, 0x00,
    0x00, 0x00, 0x00, 0x00, 0x00, 0x00, 0x00, 0x00, 0x00, 0x00, 0x00, 0x00, 0x00, 0x00, 0x00, 0x00,
    0x00, 0x00, 0x00, 0x00, 0x00, 0x00, 0x00, 0x00, 0x00, 0x00, 0x00, 0x00, 0x00, 0x00, 0x00, 0x00,
    0x00, 0x00, 0x00, 0x00, 0x00, 0x00, 0x00, 0x00, 0x00, 0x00, 0x00, 0x00, 0x00, 0x00, 0x00, 0x18,
    0x18, 0x00, 0x01, 0xFF, 0x38, 0x00, 0x07, 0xFF, 0xF8, 0x00, 0x0F, 0xFF, 0xFC, 0x00, 0x1F, 0xE1,
    0xFC, 0x00, 0x1F, 0xC0, 0xFC, 0x00, 0x3F, 0x80, 0x7C, 0x00, 0x3F, 0x80, 0x3C, 0x00, 0x3F, 0x80,
    0x1C, 0x00, 0x3F, 0xC0, 0x1C, 0x00, 0x3F, 0xE0, 0x00, 0x00, 0x3F, 0xF8, 0x00, 0x00, 0x3F, 0xFF,
    0x00, 0x00, 0x1F, 0xFF, 0xC0, 0x00, 0x1F, 0xFF, 0xF0, 0x00, 0x0F, 0xFF, 0xF8, 0x00, 0x03, 0xFF,
    0xFC, 0x00, 0x00, 0xFF, 0xFC, 0x00, 0x00, 0x3F, 0xFE, 0x00, 0x00, 0x07, 0xFE, 0x00, 0x00, 0x01,
    0xFE, 0x00, 0x38, 0x00, 0xFE, 0x00, 0x78, 0x00, 0xFE, 0x00, 0x3C, 0x00, 0xFE, 0x00, 0x3E, 0x00,
    0xFC, 0x00, 0x3F, 0x01, 0xFC, 0x00, 0x3F, 0xC3, 0xF8, 0x00, 0x3F, 0xFF, 0xF8, 0x00, 0x3F, 0xFF,
    0xE0, 0x00, 0x38, 0xFF, 0xC0, 0x00, 0x00, 0x0C, 0x00, 0x00, 0x00, 0x00, 0x00, 0x00, 0x00, 0x00,
    0x00, 0x00, 0x00, 0x00, 0x00, 0x00, 0x00, 0x00, 0x00, 0x00, 0x00, 0x00, 0x00, 0x00, 0x00, 0x00,
    0x00, 0x00, 0x00, 0x00, 0x00, 0x00, 0x00, 0x00, 0x00, 0x00, 0x00, 0x00, 0x00, 0x00, 0x00, 0x00,
    0x00, 0x00, 0x00, 0x00, 0x00, 0x00, 0x00, 0x00, 0x00, 0x00, 0x00, 0x00, 0x00, 0x00, 0x00, 0x00,
    0x00, 0x00, 0x00, 0x00, 0x00, 0x00, 0x00, 0x00, 0x00, 0x00, 0x00, 0x00, 0x00, 0x00, 0x00, 0x00,
    0x00, 0x00, 0x00, 0x00, 0x00, 0x00, 0x00, 0x00, 0x00, 0x00, 0x1F, 0xFF, 0xFF, 0xF0, 0x3F, 0xFF,
    0xFF, 0xF8, 0x3F, 0xFF, 0xFF, 0xF8, 0x3F, 0xFF, 0xFF, 0xF8, 0x3F, 0x0F, 0xE1, 0xF8, 0x3E, 0x0F,
    0xE0, 0xF8, 0x3C, 0x0F, 0xE0, 0x78, 0x7C, 0x0F, 0xE0, 0x78, 0x78, 0x0F, 0xE0, 0x7C, 0x08, 0x0F,
    0xE0, 0x20, 0x00, 0x0F, 0xE0, 0x00, 0x00, 0x0F, 0xE0, 0x00, 0x00, 0x0F, 0xE0, 0x00, 0x00, 0x0F,
    0xE0, 0x00, 0x00, 0x0F, 0xE0, 0x00, 0x00, 0x0F, 0xE0, 0x00, 0x00, 0x0F, 0xE0, 0x00, 0x00, 0x0F,
    0xE0, 0x00, 0x00, 0x0F, 0xE0, 0x00, 0x00, 0x0F, 0xE0, 0x00, 0x00, 0x0F, 0xE0, 0x00, 0x00, 0x0F,
    0xE0, 0x00, 0x00, 0x0F, 0xE0, 0x00, 0x00, 0x0F, 0xE0, 0x00, 0x00, 0x0F, 0xE0, 0x00, 0x00, 0x1F,
    0xF0, 0x00, 0x00, 0xFF, 0xFE, 0x00, 0x00, 0xFF, 0xFE, 0x00, 0x00, 0xFF, 0xFE, 0x00, 0x00, 0x00,
    0x00, 0x00, 0x00, 0x00, 0x00, 0x00, 0x00, 0x00, 0x00, 0x00, 0x00, 0x00, 0x00, 0x00, 0x00, 0x00,
    0x00, 0x00, 0x00, 0x00, 0x00, 0x00, 0x00, 0x00, 0x00, 0x00, 0x00, 0x00, 0x00, 0x00, 0x00, 0x00,
    0x00, 0x00, 0x00, 0x00, 0x00, 0x00, 0x00, 0x00, 0x00, 0x00, 0x00, 0x00, 0x00, 0x00, 0x00, 0x00,
    0x00, 0x00, 0x00, 0x00, 0x00, 0x00, 0x00, 0x00, 0x00, 0x00, 0x00, 0x00, 0x00, 0x00, 0x00, 0x00,
    0x00, 0x00, 0x00, 0x00, 0x00, 0x00, 0x00, 0x00, 0x00, 0x00, 0x00, 0x00, 0x00, 0x00, 0x00, 0x00,
    0x00, 0x00, 0x3F, 0xFE, 0x07, 0xFE, 0x3F, 0xFE, 0x07, 0xFE, 0x3F, 0xFE, 0x07, 0xFE, 0x0F, 0xF8,
    0x01, 0xF8, 0x07, 0xF0, 0x00, 0xF0, 0x07, 0xF0, 0x00, 0xF0, 0x07, 0xF0, 0x00, 0xF0, 0x07, 0xF0,
    0x00, 0xF0, 0x07, 0xF0, 0x00, 0xF0, 0x07, 0xF0, 0x00, 0xF0, 0x07, 0xF0, 0x00, 0xF0, 0x07, 0xF0,
    0x00, 0xF0, 0x07, 0xF0, 0x00, 0xF0, 0x07, 0xF0, 0x00, 0xF0, 0x07, 0xF0, 0x00, 0xF0, 0x07, 0xF0,
    0x00, 0xF0, 0x07, 0xF0, 0x00, 0xF0, 0x07, 0xF0, 0x00, 0xF0, 0x07, 0xF0, 0x00, 0xF0, 0x07, 0xF0,
    0x00, 0xF0, 0x07, 0xF0, 0x00, 0xF0, 0x07, 0xF0, 0x00, 0xF0, 0x07, 0xF8, 0x01, 0xE0, 0x03, 0xF8,
    0x01, 0xE0, 0x03, 0xFC, 0x03, 0xE0, 0x01, 0xFF, 0xFF, 0xC0, 0x00, 0xFF, 0xFF, 0x80, 0x00, 0x7F,
    0xFF, 0x00, 0x00, 0x1F, 0xFC, 0x00, 0x00, 0x01, 0xC0, 0x00, 0x00, 0x00, 0x00, 0x00, 0x00, 0x00,
    0x00, 0x00, 0x00, 0x00, 0x00, 0x00, 0x00, 0x00, 0x00, 0x00, 0x00, 0x00, 0x00, 0x00, 0x00, 0x00,
    0x00, 0x00, 0x00, 0x00, 0x00, 0x00, 0x00, 0x00, 0x00, 0x00, 0x00, 0x00, 0x00, 0x00, 0x00, 0x00,
    0x00, 0x00, 0x00, 0x00, 0x00, 0x00, 0x00, 0x00, 0x00, 0x00, 0x00, 0x00, 0x00, 0x00, 0x00, 0x00,
    0x00, 0x00, 0x00, 0x00, 0x00, 0x00, 0x00, 0x00, 0x00, 0x00, 0x00, 0x00, 0x00, 0x00, 0x00, 0x00,
    0x00, 0x00, 0x00, 0x00, 0x00, 0x00, 0x00, 0x00, 0x00, 0x00, 0x7F, 0xFE, 0x0F, 0xFE, 0x7F, 0xFE,
    0x0F, 0xFE, 0x7F, 0xFE, 0x0F, 0xFE, 0x1F, 0xF0, 0x03, 0xF8, 0x0F, 0xF0, 0x01, 0xF0, 0x07, 0xF0,
    0x01, 0xE0, 0x07, 0xF0, 0x01, 0xE0, 0x07, 0xF8, 0x03, 0xE0, 0x03, 0xF8, 0x03, 0xC0, 0x03, 0xF8,
    0x03, 0xC0, 0x03, 0xFC, 0x07, 0xC0, 0x01, 0xFC, 0x07, 0x80, 0x01, 0xFC, 0x07, 0x80, 0x01, 0xFE,
    0x0F, 0x80, 0x00, 0xFE, 0x0F, 0x00, 0x00, 0xFE, 0x0F, 0x00, 0x00, 0xFE, 0x0E, 0x00, 0x00, 0x7F,
    0x1E, 0x00, 0x00, 0x7F, 0x1E, 0x00, 0x00, 0x3F, 0x1C, 0x00, 0x00, 0x3F, 0xBC, 0x00, 0x00, 0x3F,
    0xBC, 0x00, 0x00, 0x1F, 0xF8, 0x00, 0x00, 0x1F, 0xF8, 0x00, 0x00, 0x1F, 0xF8, 0x00, 0x00, 0x0F,
    0xF0, 0x00, 0x00, 0x0F, 0xF0, 0x00, 0x00, 0x0F, 0xF0, 0x00, 0x00, 0x07, 0xE0, 0x00, 0x00, 0x00,
    0x00, 0x00, 0x00, 0x00, 0x00, 0x00, 0x00, 0x00, 0x00, 0x00, 0x00, 0x00, 0x00, 0x00, 0x00, 0x00,
    0x00, 0x00, 0x00, 0x00, 0x00, 0x00, 0x00, 0x00, 0x00, 0x00, 0x00, 0x00, 0x00, 0x00, 0x00, 0x00,
    0x00, 0x00, 0x00, 0x00, 0x00, 0x00, 0x00, 0x00, 0x00, 0x00, 0x00, 0x00, 0x00, 0x00, 0x00, 0x00,
    0x00, 0x00, 0x00, 0x00, 0x00, 0x00, 0x00, 0x00, 0x00, 0x00, 0x00, 0x00, 0x00, 0x00, 0x00, 0x00,
    0x00, 0x00, 0x00, 0x00, 0x00, 0x00, 0x00, 0x00, 0x00, 0x00, 0x00, 0x00, 0x00, 0x00, 0x00, 0x00,
    0x00, 0x00, 0x00, 0x00, 0x00, 0x00, 0x00, 0x00, 0x00, 0x00, 0x00, 0x00, 0x00, 0x00, 0x00, 0x00,
    0x00, 0x00, 0x00, 0x00, 0x00, 0x00, 0x7F, 0xFC, 0x07, 0xF0, 0x1F, 0xFC, 0x7F, 0xFC, 0x0F, 0xF0,
    0x1F, 0xFC, 0x7F, 0xFC, 0x0F, 0xF0, 0x1F, 0xFC, 0x1F, 0xF0, 0x0F, 0xF8, 0x07, 0xE0, 0x0F, 0xE0,
    0x0F, 0xF8, 0x03, 0xC0, 0x0F, 0xE0, 0x1F, 0xF8, 0x03, 0xC0, 0x07, 0xE0, 0x1F, 0xFC, 0x03, 0xC0,
    0x07, 0xF0, 0x1F, 0xFC, 0x07, 0xC0, 0x07, 0xF0, 0x1F, 0xFC, 0x07, 0x80, 0x07, 0xF0, 0x3D, 0xFC,
    0x07, 0x80, 0x03, 0xF0, 0x3C, 0xFE, 0x07, 0x80, 0x03, 0xF0, 0x3C, 0xFE, 0x07, 0x80, 0x03, 0xF8,
    0x3C, 0xFE, 0x0F, 0x00, 0x03, 0xF8, 0x78, 0xFF, 0x0F, 0x00, 0x03, 0xF8, 0x78, 0x7F, 0x0F, 0x00,
    0x01, 0xF8, 0x78, 0x7F, 0x0F, 0x00, 0x01, 0xFC, 0x78, 0x7F, 0x0E, 0x00, 0x01, 0xFC, 0xF0, 0x7F,
    0x9E, 0x00, 0x01, 0xFC, 0xF0, 0x3F, 0x9E, 0x00, 0x00, 0xFC, 0xF0, 0x3F, 0x9E, 0x00, 0x00, 0xFC,
    0xF0, 0x3F, 0x9C, 0x00, 0x00, 0xFF, 0xE0, 0x1F, 0xDC, 0x00, 0x00, 0xFF, 0xE0, 0x1F, 0xFC, 0x00,
    0x00, 0xFF, 0xE0, 0x1F, 0xFC, 0x00, 0x00, 0x7F, 0xE0, 0x1F, 0xFC, 0x00, 0x00, 0x7F, 0xC0, 0x0F,
    0xF8, 0x00, 0x00, 0x7F, 0xC0, 0x0F, 0xF8, 0x00, 0x00, 0x7F, 0xC0, 0x0F, 0xF8, 0x00, 0x00, 0x3F,
    0xC0, 0x0F, 0xF8, 0x00, 0x00, 0x00, 0x00, 0x00, 0x00, 0x00, 0x00, 0x00, 0x00, 0x00, 0x00, 0x00,
    0x00, 0x00, 0x00, 0x00, 0x00, 0x00, 0x00, 0x00, 0x00, 0x00, 0x00, 0x00, 0x00, 0x00, 0x00, 0x00,
    0x00, 0x00, 0x00, 0x00, 0x00, 0x00, 0x00, 0x00, 0x00, 0x00, 0x00, 0x00, 0x00, 0x00, 0x00, 0x00,
    0x00, 0x00, 0x00, 0x00, 0x00, 0x00, 0x00, 0x00, 0x00, 0x00, 0x00, 0x00, 0x00, 0x00, 0x00, 0x00,
    0x00, 0x00, 0x00, 0x00, 0x00, 0x00, 0x00, 0x00, 0x00, 0x00, 0x00, 0x00, 0x00, 0x00, 0x00, 0x00,
    0x00, 0x00, 0x00, 0x00, 0x00, 0x00, 0x00, 0x00, 0x00, 0x00, 0x00, 0x00, 0x00, 0x00, 0x00, 0x00,
    0x00, 0x00, 0x00, 0x00, 0x00, 0x00, 0x00, 0x00, 0x00, 0x00, 0x00, 0x00, 0x00, 0x00, 0x7F, 0xFE,
    0x0F, 0xFC, 0x7F, 0xFE, 0x1F, 0xFC, 0x7F, 0xFE, 0x1F, 0xFC, 0x1F, 0xF8, 0x07, 0xF0, 0x07, 0xF8,
    0x07, 0xC0, 0x03, 0xF8, 0x0F, 0x80, 0x03, 0xFC, 0x0F, 0x00, 0x01, 0xFE, 0x1F, 0x00, 0x00, 0xFE,
    0x3E, 0x00, 0x00, 0x7F, 0x7C, 0x00, 0x00, 0x7F, 0xF8, 0x00, 0x00, 0x3F, 0xF0, 0x00, 0x00, 0x1F,
    0xF0, 0x00, 0x00, 0x0F, 0xE0, 0x00, 0x00, 0x07, 0xF0, 0x00, 0x00, 0x07, 0xF0, 0x00, 0x00, 0x0F,
    0xF8, 0x00, 0x00, 0x1F, 0xFC, 0x00, 0x00, 0x3F, 0xFE, 0x00, 0x00, 0x7C, 0xFE, 0x00, 0x00, 0x78,
    0x7F, 0x00, 0x00, 0xF8, 0x7F, 0x80, 0x01, 0xF0, 0x3F, 0xC0, 0x03, 0xE0, 0x1F, 0xE0, 0x07, 0xC0,
    0x1F, 0xE0, 0x1F, 0xE0, 0x1F, 0xF8, 0x7F, 0xF8, 0x7F, 0xFE, 0x7F, 0xF8, 0x7F, 0xFE, 0x7F, 0xF8,
    0x7F, 0xFE, 0x00, 0x00, 0x00, 0x00, 0x00, 0x00, 0x00, 0x00, 0x00, 0x00, 0x00, 0x00, 0x00, 0x00,
    0x00, 0x00, 0x00, 0x00, 0x00, 0x00, 0x00, 0x00, 0x00, 0x00, 0x00, 0x00, 0x00, 0x00, 0x00, 0x00,
    0x00, 0x00, 0x00, 0x00, 0x00, 0x00, 0x00, 0x00, 0x00, 0x00, 0x00, 0x00, 0x00, 0x00, 0x00, 0x00,
    0x00, 0x00, 0x00, 0x00, 0x00, 0x00, 0x00, 0x00, 0x00, 0x00, 0x00, 0x00, 0x00, 0x00, 0x00, 0x00,
    0x00, 0x00, 0x00, 0x00, 0x00, 0x00, 0x00, 0x00, 0x00, 0x00, 0x00, 0x00, 0x00, 0x00, 0x00, 0x00,
    0x00, 0x00, 0x00, 0x00, 0x00, 0x00, 0x7F, 0xFE, 0x0F, 0xFE, 0x7F, 0xFE, 0x0F, 0xFE, 0x7F, 0xFE,
    0x0F, 0xFE, 0x1F, 0xF0, 0x03, 0xF8, 0x0F, 0xF0, 0x01, 0xE0, 0x07, 0xF8, 0x01, 0xE0, 0x03, 0xF8,
    0x03, 0xC0, 0x03, 0xFC, 0x07, 0x80, 0x01, 0xFC, 0x07, 0x80, 0x01, 0xFE, 0x0F, 0x00, 0x00, 0xFE,
    0x1F, 0x00, 0x00, 0xFF, 0x1E, 0x00, 0x00, 0x7F, 0xBC, 0x00, 0x00, 0x3F, 0xFC, 0x00, 0x00, 0x3F,
    0xF8, 0x00, 0x00, 0x1F, 0xF0, 0x00, 0x00, 0x1F, 0xF0, 0x00, 0x00, 0x0F, 0xE0, 0x00, 0x00, 0x0F,
    0xE0, 0x00, 0x00, 0x0F, 0xE0, 0x00, 0x00, 0x0F, 0xE0, 0x00, 0x00, 0x0F, 0xE0, 0x00, 0x00, 0x0F,
    0xE0, 0x00, 0x00, 0x0F, 0xE0, 0x00, 0x00, 0x0F, 0xE0, 0x00, 0x00, 0x1F, 0xF0, 0x00, 0x00, 0x7F,
    0xFE, 0x00, 0x00, 0x7F, 0xFE, 0x00, 0x00, 0x7F, 0xFE, 0x00, 0x00, 0x00, 0x00, 0x00, 0x00, 0x00,
    0x00, 0x00, 0x00, 0x00, 0x00, 0x00, 0x00, 0x00, 0x00, 0x00, 0x00, 0x00, 0x00, 0x00, 0x00, 0x00,
    0x00, 0x00, 0x00, 0x00, 0x00, 0x00, 0x00, 0x00, 0x00, 0x00, 0x00, 0x00, 0x00, 0x00, 0x00, 0x00,
    0x00, 0x00, 0x00, 0x00, 0x00, 0x00, 0x00, 0x00, 0x00, 0x00, 0x00, 0x00, 0x00, 0x00, 0x00, 0x00,
    0x00, 0x00, 0x00, 0x00, 0x00, 0x00, 0x00, 0x00, 0x00, 0x00, 0x00, 0x00, 0x00, 0x00, 0x00, 0x00,
    0x00, 0x00, 0x00, 0x00, 0x00, 0x00, 0x00, 0x00, 0x00, 0x00, 0x00, 0x00, 0x00, 0x00, 0x3F, 0xFF,
    0xFF, 0x80, 0x3F, 0xFF, 0xFF, 0x80, 0x3F, 0xFF, 0xFF, 0x80, 0x3F, 0xFF, 0xFF, 0x80, 0x3F, 0x00,
    0x7F, 0x00, 0x3E, 0x00, 0xFF, 0x00, 0x3E, 0x01, 0xFE, 0x00, 0x3C, 0x03, 0xFC, 0x00, 0x3C, 0x03,
    0xF8, 0x00, 0x3C, 0x07, 0xF8, 0x00, 0x00, 0x0F, 0xF0, 0x00, 0x00, 0x0F, 0xE0, 0x00, 0x00, 0x1F,
    0xE0, 0x00, 0x00, 0x3F, 0xC0, 0x00, 0x00, 0x7F, 0x80, 0x00, 0x00, 0x7F, 0x00, 0x00, 0x00, 0xFF,
    0x00, 0x00, 0x01, 0xFE, 0x00, 0x00, 0x01, 0xFC, 0x00, 0x00, 0x03, 0xFC, 0x03, 0x80, 0x07, 0xF8,
    0x07, 0x80, 0x0F, 0xF0, 0x07, 0x80, 0x0F, 0xE0, 0x0F, 0x80, 0x1F, 0xE0, 0x0F, 0x80, 0x3F, 0xC0,
    0x1F, 0x80, 0x3F, 0xFF, 0xFF, 0x80, 0x7F, 0xFF, 0xFF, 0x80, 0x7F, 0xFF, 0xFF, 0x80, 0x7F, 0xFF,
    0xFF, 0x80, 0x00, 0x00, 0x00, 0x00, 0x00, 0x00, 0x00, 0x00, 0x00, 0x00, 0x00, 0x00, 0x00, 0x00,
    0x00, 0x00, 0x00, 0x00, 0x00, 0x00, 0x00, 0x00, 0x00, 0x00, 0x00, 0x00, 0x00, 0x00, 0x00, 0x00,
    0x00, 0x00, 0x00, 0x00, 0x00, 0x00, 0x00, 0x00, 0x00, 0x00, 0x00, 0x00, 0x00, 0x00, 0x00, 0x00,
    0x00, 0x00, 0x00, 0x00, 0x00, 0x00, 0x00, 0x00, 0x0F, 0xFC, 0x0F, 0xFC, 0x0F, 0xFC, 0x0F, 0xF0,
    0x0F, 0xC0, 0x0F, 0xC0, 0x0F, 0xC0, 0x0F, 0xC0, 0x0F, 0xC0, 0x0F, 0xC0, 0x0F, 0xC0, 0x0F, 0xC0,
    0x0F, 0xC0, 0x0F, 0xC0, 0x0F, 0xC0, 0x0F, 0xC0, 0x0F, 0xC0, 0x0F, 0xC0, 0x0F, 0xC0, 0x0F, 0xC0,
    0x0F, 0xC0, 0x0F, 0xC0, 0x0F, 0xC0, 0x0F, 0xC0, 0x0F, 0xC0, 0x0F, 0xC0, 0x0F, 0xC0, 0x0F, 0xC0,
    0x0F, 0xC0, 0x0F, 0xC0, 0x0F, 0xC0, 0x0F, 0xC0, 0x0F, 0xC0, 0x0F, 0xC0, 0x0F, 0xC0, 0x0F, 0xC0,
    0x0F, 0xC0, 0x0F, 0xC0, 0x0F, 0xC0, 0x0F, 0xE0, 0x0F, 0xFC, 0x0F, 0xFC, 0x0F, 0xFC, 0x00, 0x00,
    0x00, 0x00, 0x00, 0x00, 0x00, 0x00, 0x00, 0x00, 0x00, 0x00, 0x00, 0x00, 0x00, 0x00, 0x00, 0x00,
    0x00, 0x00, 0x00, 0x00, 0xF8, 0x00, 0x00, 0x7C, 0x00, 0x00, 0x7C, 0x00, 0x00, 0x3C, 0x00, 0x00,
    0x3E, 0x00, 0x00, 0x3E, 0x00, 0x00, 0x1E, 0x00, 0x00, 0x1F, 0x00, 0x00, 0x1F, 0x00, 0x00, 0x0F,
    0x80, 0x00, 0x0F, 0x80, 0x00, 0x0F, 0x80, 0x00, 0x07, 0xC0, 0x00, 0x07, 0xC0, 0x00, 0x03, 0xC0,
    0x00, 0x03, 0xE0, 0x00, 0x03, 0xE0, 0x00, 0x01, 0xE0, 0x00, 0x01, 0xF0, 0x00, 0x01, 0xF0, 0x00,
    0x00, 0xF8, 0x00, 0x00, 0xF8, 0x00, 0x00, 0xF8, 0x00, 0x00, 0x7C, 0x00, 0x00, 0x7C, 0x00, 0x00,
    0x3C, 0x00, 0x00, 0x3E, 0x00, 0x00, 0x3E, 0x00, 0x00, 0x1E, 0x00, 0x00, 0x1F, 0x00, 0x00, 0x1F,
    0x00, 0x00, 0x0F, 0x80, 0x00, 0x0F, 0x80, 0x00, 0x0F, 0x80, 0x00, 0x07, 0xC0, 0x00, 0x07, 0xC0,
    0x00, 0x03, 0xC0, 0x00, 0x03, 0xE0, 0x00, 0x00, 0x00, 0x00, 0x00, 0x00, 0x00, 0x00, 0x00, 0x00,
    0x00, 0x00, 0x00, 0x00, 0x00, 0x00, 0x00, 0x00, 0x00, 0x00, 0x00, 0x00, 0x00, 0x00, 0x00, 0x00,
    0x00, 0x00, 0x7F, 0xE0, 0x7F, 0xE0, 0x7F, 0xE0, 0x1F, 0xE0, 0x07, 0xE0, 0x07, 0xE0, 0x07, 0xE0,
    0x07, 0xE0, 0x07, 0xE0, 0x07, 0xE0, 0x07, 0xE0, 0x07, 0xE0, 0x07, 0xE0, 0x07, 0xE0, 0x07, 0xE0,
    0x07, 0xE0, 0x07, 0xE0, 0x07, 0xE0, 0x07, 0xE0, 0x07, 0xE0, 0x07, 0xE0, 0x07, 0xE0, 0x07, 0xE0,
    0x07, 0xE0, 0x07, 0xE0, 0x07, 0xE0, 0x07, 0xE0, 0x07, 0xE0, 0x07, 0xE0, 0x07, 0xE0, 0x07, 0xE0,
    0x07, 0xE0, 0x07, 0xE0, 0x07, 0xE0, 0x07, 0xE0, 0x07, 0xE0, 0x07, 0xE0, 0x07, 0xE0, 0x07, 0xE0,
    0x0F, 0xE0, 0x7F, 0xE0, 0x7F, 0xE0, 0x7F, 0xE0, 0x00, 0x00, 0x00, 0x00, 0x00, 0x00, 0x00, 0x00,
    0x00, 0x00, 0x00, 0x00, 0x00, 0x00, 0x00, 0x00, 0x00, 0x00, 0x00, 0x00, 0x00, 0x00, 0x00, 0x00,
    0x00, 0x00, 0x00, 0x00, 0x00, 0x00, 0x00, 0x00, 0x3C, 0x00, 0x00, 0x7E, 0x00, 0x00, 0xFE, 0x00,
    0x00, 0xFF, 0x00, 0x01, 0xFF, 0x80, 0x01, 0xFF, 0x80, 0x03, 0xFF, 0xC0, 0x07, 0xE7, 0xE0, 0x07,
    0xC7, 0xE0, 0x0F, 0xC3, 0xF0, 0x1F, 0x81, 0xF8, 0x1F, 0x00, 0xF8, 0x3F, 0x00, 0xFC, 0x7E, 0x00,
    0x7C, 0x1C, 0x00, 0x38, 0x0C, 0x00, 0x30, 0x00, 0x00, 0x00, 0x00, 0x00, 0x00, 0x00, 0x00, 0x00,
    0x00, 0x00, 0x00, 0x00, 0x00, 0x00, 0x00, 0x00, 0x00, 0x00, 0x00, 0x00, 0x00, 0x00, 0x00, 0x00,
    0x00, 0x00, 0x00, 0x00, 0x00, 0x00, 0x00, 0x00, 0x00, 0x00, 0x00, 0x00, 0x00, 0x00, 0x00, 0x00,
    0x00, 0x00, 0x00, 0x00, 0x00, 0x00, 0x00, 0x00, 0x00, 0x00, 0x00, 0x00, 0x00, 0x00, 0x00, 0x00,
    0x00, 0x00, 0x00, 0x00, 0x00, 0x00, 0x00, 0x00, 0x00, 0x00, 0x00, 0x00, 0x00, 0x00, 0x00, 0x00,
    0x00, 0x00, 0x00, 0x00, 0x00, 0x00, 0x00, 0x00, 0x00, 0x00, 0x00, 0x00, 0x00, 0x00, 0x00, 0x00,
    0x00, 0x00, 0x00, 0x00, 0x00, 0x00, 0x00, 0x00, 0x00, 0x00, 0x00, 0x00, 0x00, 0x00, 0x00, 0x00,
    0x00, 0x00, 0x00, 0x00, 0x00, 0x00, 0x00, 0x00, 0x00, 0x00, 0x00, 0x00, 0x00, 0x00, 0x00, 0x00,
    0x00, 0x00, 0x00, 0x00, 0x00, 0x00, 0x00, 0x00, 0x00, 0x00, 0x00, 0x00, 0x00, 0x00, 0x00, 0x00,
    0x00, 0x00, 0x00, 0x00, 0x00, 0x00, 0x00, 0x00, 0x00, 0x00, 0x00, 0x00, 0x00, 0x00, 0x00, 0x00,
    0x00, 0x00, 0x00, 0x00, 0x00, 0x00, 0x00, 0x00, 0x00, 0x00, 0x00, 0x00, 0x00, 0x00, 0x00, 0x00,
    0x00, 0x00, 0x00, 0x00, 0x00, 0x00, 0x00, 0x00, 0x00, 0x00, 0x00, 0x00, 0x00, 0x00, 0x00, 0x00,
    0x00, 0x00, 0x00, 0x00, 0x00, 0x00, 0x00, 0xFF, 0xFF, 0xE0, 0xFF, 0xFF, 0xE0, 0xFF, 0xFF, 0xE0,
    0xFF, 0xFF, 0xE0, 0x00, 0x00, 0x00, 0x00, 0x00, 0x00, 0x00, 0x00, 0x00, 0x00, 0x00, 0x00, 0x00,
    0x00, 0x00, 0x00, 0x00, 0x00, 0x00, 0x00, 0x00, 0x00, 0x00, 0x00, 0x00, 0x00, 0x00, 0x00, 0x00,
    0x00, 0x00, 0x00, 0x00, 0x00, 0x00, 0x00, 0x03, 0x80, 0x00, 0x07, 0xC0, 0x00, 0x07, 0xC0, 0x00,
    0x07, 0xE0, 0x00, 0x03, 0xF0, 0x00, 0x01, 0xF0, 0x00, 0x00, 0xF8, 0x00, 0x00, 0x3C, 0x00, 0x00,
    0x1C, 0x00, 0x00, 0x00, 0x00, 0x00, 0x00, 0x00, 0x00, 0x00, 0x00, 0x00, 0x00, 0x00, 0x00, 0x00,
    0x00, 0x00, 0x00, 0x00, 0x00, 0x00, 0x00, 0x00, 0x00, 0x00, 0x00, 0x00, 0x00, 0x00, 0x00, 0x00,
    0x00, 0x00, 0x00, 0x00, 0x00, 0x00, 0x00, 0x00, 0x00, 0x00, 0x00, 0x00, 0x00, 0x00, 0x00, 0x00,
    0x00, 0x00, 0x00, 0x00, 0x00, 0x00, 0x00, 0x00, 0x00, 0x00, 0x00, 0x00, 0x00, 0x00, 0x00, 0x00,
    0x00, 0x00, 0x00, 0x00, 0x00, 0x00, 0x00, 0x00, 0x00, 0x00, 0x00, 0x00, 0x00, 0x00, 0x00, 0x00,
    0x00, 0x00, 0x00, 0x00, 0x00, 0x00, 0x00, 0x00, 0x00, 0x00, 0x00, 0x00, 0x00, 0x00, 0x00, 0x00,
    0x00, 0x00, 0x00, 0x00, 0x00, 0x00, 0x00, 0x00, 0x00, 0x00, 0x00, 0x00, 0x00, 0x00, 0x00, 0x00,
    0x00, 0x00, 0x00, 0x00, 0x00, 0x00, 0x00, 0x00, 0x00, 0x00, 0x00, 0x00, 0x00, 0x00, 0x00, 0x00,
    0x00, 0x00, 0x00, 0x00, 0x00, 0x00, 0x00, 0x00, 0x00, 0x00, 0x00, 0x00, 0x00, 0x00, 0x00, 0x00,
    0x00, 0x00, 0x00, 0x00, 0x00, 0x00, 0x00, 0x00, 0x00, 0x00, 0x00, 0x00, 0x00, 0x00, 0x00, 0x00,
    0x00, 0x00, 0x00, 0x00, 0x00, 0x00, 0x00, 0x00, 0x00, 0x00, 0x00, 0x00, 0x00, 0x00, 0x00, 0x00,
    0x00, 0x00, 0x00, 0x18, 0x00, 0x00, 0x03, 0xFF, 0x80, 0x00, 0x0F, 0xFF, 0xE0, 0x00, 0x1F, 0x8F,
    0xF0, 0x00, 0x3E, 0x07, 0xF0, 0x00, 0x3F, 0x03, 0xF8, 0x00, 0x3F, 0x03, 0xF8, 0x00, 0x3F, 0x03,
    0xF8, 0x00, 0x00, 0x03, 0xF8, 0x00, 0x00, 0x03, 0xF8, 0x00, 0x00, 0xFF, 0xF8, 0x00, 0x07, 0xFF,
    0xF8, 0x00, 0x1F, 0xFF, 0xF8, 0x00, 0x1F, 0xC3, 0xF8, 0x00, 0x3F, 0x83, 0xF8, 0x00, 0x3F, 0x83,
    0xF8, 0x00, 0x3F, 0x83, 0xF8, 0x00, 0x3F, 0x83, 0xF8, 0x00, 0x3F, 0xC7, 0xFD, 0x00, 0x1F, 0xFF,
    0xFF, 0x00, 0x1F, 0xFD, 0xFF, 0x80, 0x0F, 0xF0, 0xFE, 0x00, 0x00, 0x80, 0x10, 0x00, 0x00, 0x00,
    0x00, 0x00, 0x00, 0x00, 0x00, 0x00, 0x00, 0x00, 0x00, 0x00, 0x00, 0x00, 0x00, 0x00, 0x00, 0x00,
    0x00, 0x00, 0x00, 0x00, 0x00, 0x00, 0x00, 0x00, 0x00, 0x00, 0x00, 0x00, 0x00, 0x00, 0x00, 0x00,
    0x00, 0x00, 0x00, 0x00, 0x00, 0x00, 0x00, 0x00, 0x00, 0x00, 0x00, 0x00, 0x00, 0x00, 0x00, 0x00,
    0x00, 0x00, 0x00, 0x00, 0x00, 0x00, 0x00, 0x00, 0x00, 0x00, 0x00, 0x00, 0x00, 0x00, 0x00, 0x00,
    0x00, 0x00, 0x7F, 0xE0, 0x00, 0x00, 0x7F, 0xE0, 0x00, 0x00, 0x7F, 0xE0, 0x00, 0x00, 0x7F, 0xE0,
    0x00, 0x00, 0x0F, 0xE0, 0x00, 0x00, 0x0F, 0xE0, 0x00, 0x00, 0x0F, 0xE0, 0x00, 0x00, 0x0F, 0xE0,
    0x00, 0x00, 0x0F, 0xE0, 0x00, 0x00, 0x0F, 0xE0, 0x00, 0x00, 0x0F, 0xE0, 0x40, 0x00, 0x0F, 0xE7,
    0xFC, 0x00, 0x0F, 0xEF, 0xFE, 0x00, 0x0F, 0xFF, 0xFF, 0x00, 0x0F, 0xF8, 0x7F, 0x80, 0x0F, 0xF0,
    0x3F, 0x80, 0x0F, 0xE0, 0x3F, 0x80, 0x0F, 0xE0, 0x1F, 0xC0, 0x0F, 0xE0, 0x1F, 0xC0, 0x0F, 0xE0,
    0x1F, 0xC0, 0x0F, 0xE0, 0x1F, 0xC0, 0x0F, 0xE0, 0x1F, 0xC0, 0x0F, 0xE0, 0x1F, 0xC0, 0x0F, 0xE0,
    0x1F, 0xC0, 0x0F, 0xE0, 0x1F, 0xC0, 0x0F, 0xE0, 0x3F, 0x80, 0x0F, 0xE0, 0x3F, 0x80, 0x0F, 0xE0,
    0x3F, 0x00, 0x0F, 0xF8, 0xFF, 0x00, 0x0F, 0xFF, 0xFE, 0x00, 0x0F, 0xFF, 0xFC, 0x00, 0x0F, 0x1F,
    0xF8, 0x00, 0x00, 0x01, 0x80, 0x00, 0x00, 0x00, 0x00, 0x00, 0x00, 0x00, 0x00, 0x00, 0x00, 0x00,
    0x00, 0x00, 0x00, 0x00, 0x00, 0x00, 0x00, 0x00, 0x00, 0x00, 0x00, 0x00, 0x00, 0x00, 0x00, 0x00,
    0x00, 0x00, 0x00, 0x00, 0x00, 0x00, 0x00, 0x00, 0x00, 0x00, 0x00, 0x00, 0x00, 0x00, 0x00, 0x00,
    0x00, 0x00, 0x00, 0x00, 0x00, 0x00, 0x00, 0x00, 0x00, 0x00, 0x00, 0x00, 0x00, 0x00, 0x00, 0x00,
    0x00, 0x00, 0x00, 0x00, 0x00, 0x00, 0x00, 0x00, 0x00, 0x00, 0x00, 0x00, 0x00, 0x00, 0x00, 0x00,
    0x00, 0x00, 0x00, 0x00, 0x00, 0x00, 0x00, 0x00, 0x00, 0x00, 0x00, 0x00, 0x00, 0x00, 0x00, 0x00,
    0x00, 0x00, 0x0C, 0x00, 0x00, 0xFF, 0xC0, 0x03, 0xFF, 0xF0, 0x07, 0xFF, 0xF8, 0x0F, 0xF1, 0xFC,
    0x0F, 0xC0, 0xFC, 0x1F, 0xC1, 0xFC, 0x1F, 0x81, 0xFC, 0x3F, 0x81, 0xF8, 0x3F, 0x80, 0x60, 0x3F,
    0x80, 0x00, 0x3F, 0x80, 0x00, 0x3F, 0x80, 0x00, 0x3F, 0x80, 0x00, 0x3F, 0xC0, 0x00, 0x3F, 0xC0,
    0x00, 0x1F, 0xE0, 0x18, 0x1F, 0xFF, 0xFC, 0x0F, 0xFF, 0xFC, 0x07, 0xFF, 0xF8, 0x03, 0xFF, 0xE0,
    0x01, 0xFF, 0xC0, 0x00, 0x0C, 0x00, 0x00, 0x00, 0x00, 0x00, 0x00, 0x00, 0x00, 0x00, 0x00, 0x00,
    0x00, 0x00, 0x00, 0x00, 0x00, 0x00, 0x00, 0x00, 0x00, 0x00, 0x00, 0x00, 0x00, 0x00, 0x00, 0x00,
    0x00, 0x00, 0x00, 0x00, 0x00, 0x00, 0x00, 0x00, 0x00, 0x00, 0x00, 0x00, 0x00, 0x00, 0x00, 0x00,
    0x00, 0x00, 0x00, 0x00, 0x00, 0x00, 0x00, 0x00, 0x00, 0x00, 0x00, 0x00, 0x00, 0x00, 0x00, 0x00,
    0x00, 0x03, 0xFF, 0x00, 0x00, 0x03, 0xFF, 0x00, 0x00, 0x03, 0xFF, 0x00, 0x00, 0x03, 0xFF, 0x00,
    0x00, 0x00, 0x7F, 0x00, 0x00, 0x00, 0x7F, 0x00, 0x00, 0x00, 0x7F, 0x00, 0x00, 0x00, 0x7F, 0x00,
    0x00, 0x00, 0x7F, 0x00, 0x00, 0x00, 0x7F, 0x00, 0x00, 0x18, 0x7F, 0x00, 0x01, 0xFF, 0xFF, 0x00,
    0x03, 0xFF, 0xFF, 0x00, 0x07, 0xFF, 0xFF, 0x00, 0x0F, 0xF1, 0xFF, 0x00, 0x1F, 0xC0, 0x7F, 0x00,
    0x1F, 0xC0, 0x7F, 0x00, 0x1F, 0x80, 0x7F, 0x00, 0x3F, 0x80, 0x7F, 0x00, 0x3F, 0x80, 0x7F, 0x00,
    0x3F, 0x80, 0x7F, 0x00, 0x3F, 0x80, 0x7F, 0x00, 0x3F, 0x80, 0x7F, 0x00, 0x3F, 0x80, 0x7F, 0x00,
    0x3F, 0x80, 0x7F, 0x00, 0x3F, 0x80, 0x7F, 0x00, 0x1F, 0xC0, 0xFF, 0x00, 0x1F, 0xC0, 0xFF, 0x00,
    0x1F, 0xE1, 0xFF, 0x00, 0x0F, 0xFF, 0xFF, 0xC0, 0x07, 0xFF, 0x3F, 0xE0, 0x03, 0xFE, 0x3F, 0xE0,
    0x00, 0x30, 0x00, 0x00, 0x00, 0x00, 0x00, 0x00, 0x00, 0x00, 0x00, 0x00, 0x00, 0x00, 0x00, 0x00,
    0x00, 0x00, 0x00, 0x00, 0x00, 0x00, 0x00, 0x00, 0x00, 0x00, 0x00, 0x00, 0x00, 0x00, 0x00, 0x00,
    0x00, 0x00, 0x00, 0x00, 0x00, 0x00, 0x00, 0x00, 0x00, 0x00, 0x00, 0x00, 0x00, 0x00, 0x00, 0x00,
    0x00, 0x00, 0x00, 0x00, 0x00, 0x00, 0x00, 0x00, 0x00, 0x00, 0x00, 0x00, 0x00, 0x00, 0x00, 0x00,
    0x00, 0x00, 0x00, 0x00, 0x00, 0x00, 0x00, 0x00, 0x00, 0x00, 0x00, 0x00, 0x00, 0x00, 0x00, 0x00,
    0x00, 0x00, 0x00, 0x00, 0x00, 0x00, 0x00, 0x00, 0x00, 0x00, 0x00, 0x00, 0x00, 0x00, 0x00, 0x00,
    0x0C, 0x00, 0x00, 0xFF, 0xC0, 0x03, 0xFF, 0xF0, 0x07, 0xFF, 0xF8, 0x0F, 0xE3, 0xF8, 0x0F, 0xC1,
    0xFC, 0x1F, 0x81, 0xFC, 0x1F, 0x81, 0xFC, 0x3F, 0xFF, 0xFC, 0x3F, 0xFF, 0xFC, 0x3F, 0xFF, 0xFC,
    0x3F, 0xFF, 0xFC, 0x3F, 0x80, 0x00, 0x3F, 0x80, 0x00, 0x3F, 0x80, 0x00, 0x3F, 0xC0, 0x00, 0x1F,
    0xE0, 0x38, 0x1F, 0xFF, 0xFC, 0x0F, 0xFF, 0xFC, 0x07, 0xFF, 0xF8, 0x03, 0xFF, 0xE0, 0x01, 0xFF,
    0xC0, 0x00, 0x0C, 0x00, 0x00, 0x00, 0x00, 0x00, 0x00, 0x00, 0x00, 0x00, 0x00, 0x00, 0x00, 0x00,
    0x00, 0x00, 0x00, 0x00, 0x00, 0x00, 0x00, 0x00, 0x00, 0x00, 0x00, 0x00, 0x00, 0x00, 0x00, 0x00,
    0x00, 0x00, 0x00, 0x00, 0x00, 0x00, 0x00, 0x00, 0x00, 0x00, 0x00, 0x00, 0x00, 0x00, 0x00, 0x00,
    0x00, 0x00, 0x00, 0x00, 0x00, 0x00, 0x00, 0x00, 0x7F, 0x00, 0x01, 0xFF, 0xC0, 0x03, 0xFF, 0xE0,
    0x07, 0xF1, 0xF0, 0x07, 0xE1, 0xF0, 0x07, 0xE3, 0xF0, 0x0F, 0xE3, 0xF0, 0x0F, 0xE1, 0xE0, 0x0F,
    0xE0, 0x00, 0x0F, 0xE0, 0x00, 0x0F, 0xE0, 0x00, 0x3F, 0xFF, 0x00, 0x7F, 0xFF, 0x00, 0x7F, 0xFF,
    0x00, 0x7F, 0xFF, 0x00, 0x0F, 0xE0, 0x00, 0x0F, 0xE0, 0x00, 0x0F, 0xE0, 0x00, 0x0F, 0xE0, 0x00,
    0x0F, 0xE0, 0x00, 0x0F, 0xE0, 0x00, 0x0F, 0xE0, 0x00, 0x0F, 0xE0, 0x00, 0x0F, 0xE0, 0x00, 0x0F,
    0xE0, 0x00, 0x0F, 0xE0, 0x00, 0x0F, 0xE0, 0x00, 0x0F, 0xE0, 0x00, 0x1F, 0xF0, 0x00, 0x7F, 0xFE,
    0x00, 0x7F, 0xFE, 0x00, 0x7F, 0xFE, 0x00, 0x00, 0x00, 0x00, 0x00, 0x00, 0x00, 0x00, 0x00, 0x00,
    0x00, 0x00, 0x00, 0x00, 0x00, 0x00, 0x00, 0x00, 0x00, 0x00, 0x00, 0x00, 0x00, 0x00, 0x00, 0x00,
    0x00, 0x00, 0x00, 0x00, 0x00, 0x00, 0x00, 0x00, 0x00, 0x00, 0x00, 0x00, 0x00, 0x00, 0x00, 0x00,
    0x00, 0x00, 0x00, 0x00, 0x00, 0x00, 0x00, 0x00, 0x00, 0x00, 0x00, 0x00, 0x00, 0x00, 0x00, 0x00,
    0x00, 0x00, 0x00, 0x00, 0x00, 0x00, 0x00, 0x00, 0x00, 0x00, 0x00, 0x00, 0x00, 0x00, 0x00, 0x00,
    0x00, 0x00, 0x00, 0x00, 0x00, 0x00, 0x00, 0x00, 0x00, 0x00, 0x00, 0x00, 0x00, 0x00, 0x07, 0x00,
    0x00, 0x00, 0x1F, 0x80, 0x00, 0x00, 0x1F, 0x80, 0x00, 0x00, 0x3F, 0x80, 0x00, 0x18, 0x3F, 0x80,
    0x03, 0xFF, 0xF3, 0x00, 0x07, 0xFF, 0xE0, 0x00, 0x0F, 0xFF, 0xF0, 0x00, 0x1F, 0xC7, 0xF8, 0x00,
    0x3F, 0x83, 0xF8, 0x00, 0x3F, 0x81, 0xFC, 0x00, 0x3F, 0x81, 0xFC, 0x00, 0x3F, 0x81, 0xFC, 0x00,
    0x3F, 0x81, 0xFC, 0x00, 0x3F, 0xC3, 0xF8, 0x00, 0x1F, 0xFF, 0xF8, 0x00, 0x0F, 0xFF, 0xF0, 0x00,
    0x0F, 0xFF, 0xC0, 0x00, 0x1F, 0xFF, 0x00, 0x00, 0x1E, 0x00, 0x00, 0x00, 0x3E, 0x00, 0x00, 0x00,
    0x3F, 0x00, 0x00, 0x00, 0x3F, 0xFF, 0xF0, 0x00, 0x3F, 0xFF, 0xFC, 0x00, 0x1F, 0xFF, 0xFE, 0x00,
    0x07, 0xFF, 0xFF, 0x00, 0x1F, 0xFF, 0xFF, 0x00, 0x3F, 0x00, 0xFF, 0x00, 0x7E, 0x00, 0x7F, 0x00,
    0x7E, 0x00, 0x7F, 0x00, 0x7E, 0x00, 0xFE, 0x00, 0x7F, 0x83, 0xFE, 0x00, 0x3F, 0xFF, 0xFC, 0x00,
    0x3F, 0xFF, 0xF8, 0x00, 0x0F, 0xFF, 0xC0, 0x00, 0x00, 0x38, 0x00, 0x00, 0x00, 0x00, 0x00, 0x00,
    0x00, 0x00, 0x00, 0x00, 0x00, 0x00, 0x00, 0x00, 0x00, 0x00, 0x00, 0x00, 0x00, 0x00, 0x00, 0x00,
    0x00, 0x00, 0x00, 0x00, 0x00, 0x00, 0x00, 0x00, 0x00, 0x00, 0x00, 0x00, 0x3F, 0xE0, 0x00, 0x00,
    0x3F, 0xE0, 0x00, 0x00, 0x3F, 0xE0, 0x00, 0x00, 0x3F, 0xE0, 0x00, 0x00, 0x0F, 0xE0, 0x00, 0x00,
    0x0F, 0xE0, 0x00, 0x00, 0x0F, 0xE0, 0x00, 0x00, 0x0F, 0xE0, 0x00, 0x00, 0x0F, 0xE0, 0x00, 0x00,
    0x0F, 0xE0, 0x00, 0x00, 0x0F, 0xE0, 0x60, 0x00, 0x0F, 0xE3, 0xFC, 0x00, 0x0F, 0xE7, 0xFE, 0x00,
    0x0F, 0xEF, 0xFF, 0x00, 0x0F, 0xFF, 0xFF, 0x80, 0x0F, 0xFF, 0xFF, 0x80, 0x0F, 0xF0, 0x7F, 0x80,
    0x0F, 0xF0, 0x3F, 0x80, 0x0F, 0xE0, 0x3F, 0x80, 0x0F, 0xE0, 0x3F, 0x80, 0x0F, 0xE0, 0x3F, 0x80,
    0x0F, 0xE0, 0x3F, 0x80, 0x0F, 0xE0, 0x3F, 0x80, 0x0F, 0xE0, 0x3F, 0x80, 0x0F, 0xE0, 0x3F, 0x80,
    0x0F, 0xE0, 0x3F, 0x80, 0x0F, 0xE0, 0x3F, 0x80, 0x0F, 0xE0, 0x3F, 0x80, 0x0F, 0xE0, 0x3F, 0x80,
    0x3F, 0xFC, 0xFF, 0xF0, 0x3F, 0xFC, 0xFF, 0xF0, 0x3F, 0xFC, 0xFF, 0xF0, 0x00, 0x00, 0x00, 0x00,
    0x00, 0x00, 0x00, 0x00, 0x00, 0x00, 0x00, 0x00, 0x00, 0x00, 0x00, 0x00, 0x00, 0x00, 0x00, 0x00,
    0x00, 0x00, 0x00, 0x00, 0x00, 0x00, 0x00, 0x00, 0x00, 0x00, 0x00, 0x00, 0x00, 0x00, 0x00, 0x00,
    0x00, 0x00, 0x00, 0x00, 0x00, 0x00, 0x00, 0x00, 0x00, 0x00, 0x00, 0x00, 0x00, 0x00, 0x00, 0x00,
    0x00, 0x00, 0x00, 0x00, 0x00, 0x00, 0x07, 0x80, 0x0F, 0xC0, 0x1F, 0xE0, 0x1F, 0xE0, 0x1F, 0xE0,
    0x0F, 0xC0, 0x07, 0x80, 0x00, 0x00, 0x00, 0x00, 0x00, 0x00, 0x00, 0x00, 0x7F, 0xE0, 0x7F, 0xE0,
    0x7F, 0xE0, 0x3F, 0xE0, 0x0F, 0xE0, 0x0F, 0xE0, 0x0F, 0xE0, 0x0F, 0xE0, 0x0F, 0xE0, 0x0F, 0xE0,
    0x0F, 0xE0, 0x0F, 0xE0, 0x0F, 0xE0, 0x0F, 0xE0, 0x0F, 0xE0, 0x0F, 0xE0, 0x0F, 0xE0, 0x0F, 0xF0,
    0x7F, 0xFC, 0x7F, 0xFC, 0x7F, 0xFC, 0x00, 0x00, 0x00, 0x00, 0x00, 0x00, 0x00, 0x00, 0x00, 0x00,
    0x00, 0x00, 0x00, 0x00, 0x00, 0x00, 0x00, 0x00, 0x00, 0x00, 0x00, 0x00, 0x00, 0x00, 0x00, 0x00,
    0x00, 0x00, 0x00, 0x00, 0x00, 0x00, 0x00, 0x00, 0x00, 0x00, 0x07, 0x80, 0x0F, 0xC0, 0x1F, 0xE0,
    0x1F, 0xE0, 0x1F, 0xE0, 0x0F, 0xC0, 0x07, 0x80, 0x00, 0x00, 0x00, 0x00, 0x00, 0x00, 0x00, 0x00,
    0x3F, 0xE0, 0x7F, 0xE0, 0x7F, 0xE0, 0x3F, 0xE0, 0x0F, 0xE0, 0x0F, 0xE0, 0x0F, 0xE0, 0x0F, 0xE0,
    0x0F, 0xE0, 0x0F, 0xE0, 0x0F, 0xE0, 0x0F, 0xE0, 0x0F, 0xE0, 0x0F, 0xE0, 0x0F, 0xE0, 0x0F, 0xE0,
    0x0F, 0xE0, 0x0F, 0xE0, 0x0F, 0xE0, 0x0F, 0xE0, 0x0F, 0xE0, 0x0F, 0xE0, 0x0F, 0xC0, 0x0F, 0xC0,
    0x1F, 0xC0, 0x1F, 0x80, 0x1F, 0x80, 0x3F, 0x00, 0x7E, 0x00, 0x3C, 0x00, 0x10, 0x00, 0x00, 0x00,
    0x00, 0x00, 0x00, 0x00, 0x00, 0x00, 0x00, 0x00, 0x00, 0x00, 0x00, 0x00, 0x00, 0x00, 0x00, 0x00,
    0x00, 0x00, 0x00, 0x00, 0x00, 0x00, 0x00, 0x00, 0x00, 0x00, 0x00, 0x00, 0x7F, 0xE0, 0x00, 0x00,
    0x7F, 0xE0, 0x00, 0x00, 0x7F, 0xE0, 0x00, 0x00, 0x7F, 0xE0, 0x00, 0x00, 0x0F, 0xE0, 0x00, 0x00,
    0x0F, 0xE0, 0x00, 0x00, 0x0F, 0xE0, 0x00, 0x00, 0x0F, 0xE0, 0x00, 0x00, 0x0F, 0xE0, 0x00, 0x00,
    0x0F, 0xE0, 0x00, 0x00, 0x0F, 0xE0, 0x00, 0x00, 0x0F, 0xE1, 0xFF, 0xC0, 0x0F, 0xE1, 0xFF, 0xC0,
    0x0F, 0xE1, 0xFF, 0xC0, 0x0F, 0xE0, 0x7E, 0x00, 0x0F, 0xE0, 0x7C, 0x00, 0x0F, 0xE0, 0xF8, 0x00,
    0x0F, 0xE1, 0xE0, 0x00, 0x0F, 0xE3, 0xC0, 0x00, 0x0F, 0xE7, 0x80, 0x00, 0x0F, 0xEF, 0xC0, 0x00,
    0x0F, 0xFF, 0xC0, 0x00, 0x0F, 0xEF, 0xE0, 0x00, 0x0F, 0xE7, 0xF0, 0x00, 0x0F, 0xE7, 0xF8, 0x00,
    0x0F, 0xE3, 0xF8, 0x00, 0x0F, 0xE1, 0xFC, 0x00, 0x0F, 0xE1, 0xFE, 0x00, 0x1F, 0xE0, 0xFF, 0x80,
    0x7F, 0xF8, 0x7F, 0xE0, 0x7F, 0xF8, 0x3F, 0xE0, 0x7F, 0xF8, 0x1F, 0xC0, 0x00, 0x00, 0x02, 0x00,
    0x00, 0x00, 0x00, 0x00, 0x00, 0x00, 0x00, 0x00, 0x00, 0x00, 0x00, 0x00, 0x00, 0x00, 0x00, 0x00,
    0x00, 0x00, 0x00, 0x00, 0x00, 0x00, 0x00, 0x00, 0x00, 0x00, 0x00, 0x00, 0x00, 0x00, 0x00, 0x00,
    0x00, 0x00, 0x00, 0x00, 0x00, 0x00, 0x00, 0x00, 0x00, 0x00, 0x00, 0x00, 0x00, 0x00, 0x00, 0x00,
    0x00, 0x00, 0x00, 0x00, 0x00, 0x00, 0x7F, 0xE0, 0x7F, 0xE0, 0x7F, 0xE0, 0x3F, 0xE0, 0x0F, 0xE0,
    0x0F, 0xE0, 0x0F, 0xE0, 0x0F, 0xE0, 0x0F, 0xE0, 0x0F, 0xE0, 0x0F, 0xE0, 0x0F, 0xE0, 0x0F, 0xE0,
    0x0F, 0xE0, 0x0F, 0xE0, 0x0F, 0xE0, 0x0F, 0xE0, 0x0F, 0xE0, 0x0F, 0xE0, 0x0F, 0xE0, 0x0F, 0xE0,
    0x0F, 0xE0, 0x0F, 0xE0, 0x0F, 0xE0, 0x0F, 0xE0, 0x0F, 0xE0, 0x0F, 0xE0, 0x0F, 0xE0, 0x1F, 0xF0,
    0x7F, 0xFC, 0x7F, 0xFC, 0x7F, 0xFC, 0x00, 0x00, 0x00, 0x00, 0x00, 0x00, 0x00, 0x00, 0x00, 0x00,
    0x00, 0x00, 0x00, 0x00, 0x00, 0x00, 0x00, 0x00, 0x00, 0x00, 0x00, 0x00, 0x00, 0x00, 0x00, 0x00,
    0x00, 0x00, 0x00, 0x00, 0x00, 0x00, 0x00, 0x00, 0x00, 0x00, 0x00, 0x00, 0x00, 0x00, 0x00, 0x00,
    0x00, 0x00, 0x00, 0x00, 0x00, 0x00, 0x00, 0x00, 0x00, 0x00, 0x00, 0x00, 0x00, 0x00, 0x00, 0x00,
    0x00, 0x00, 0x00, 0x00, 0x00, 0x00, 0x00, 0x00, 0x00, 0x00, 0x00, 0x00, 0x00, 0x00, 0x00, 0x00,
    0x00, 0x00, 0x00, 0x00, 0x00, 0x00, 0x00, 0x00, 0x00, 0x00, 0x00, 0x00, 0x00, 0x00, 0x00, 0x00,
    0x00, 0x00, 0x00, 0x00, 0x00, 0x00, 0x00, 0x00, 0x00, 0x00, 0x00, 0x00, 0x00, 0x00, 0x00, 0x00,
    0x00, 0x00, 0x00, 0x00, 0x00, 0x00, 0x00, 0x00, 0x00, 0x00, 0x00, 0x00, 0x00, 0x00, 0x00, 0x00,
    0x00, 0x00, 0x00, 0x00, 0x60, 0x01, 0x00, 0x00, 0x3F, 0xC3, 0xFC, 0x0F, 0xF0, 0x00, 0x3F, 0xC7,
    0xFE, 0x3F, 0xF8, 0x00, 0x3F, 0xCF, 0xFF, 0x3F, 0xFC, 0x00, 0x3F, 0xDF, 0xFF, 0x7F, 0xFC, 0x00,
    0x0F, 0xFF, 0xFF, 0xFF, 0xFE, 0x00, 0x0F, 0xF0, 0x7F, 0xC1, 0xFE, 0x00, 0x0F, 0xF0, 0x3F, 0x80,
    0xFE, 0x00, 0x0F, 0xE0, 0x3F, 0x80, 0xFE, 0x00, 0x0F, 0xE0, 0x3F, 0x80, 0xFE, 0x00, 0x0F, 0xE0,
    0x3F, 0x80, 0xFE, 0x00, 0x0F, 0xE0, 0x3F, 0x80, 0xFE, 0x00, 0x0F, 0xE0, 0x3F, 0x80, 0xFE, 0x00,
    0x0F, 0xE0, 0x3F, 0x80, 0xFE, 0x00, 0x0F, 0xE0, 0x3F, 0x80, 0xFE, 0x00, 0x0F, 0xE0, 0x3F, 0x80,
    0xFE, 0x00, 0x0F, 0xE0, 0x3F, 0x80, 0xFE, 0x00, 0x0F, 0xE0, 0x3F, 0x80, 0xFE, 0x00, 0x0F, 0xE0,
    0x3F, 0x80, 0xFE, 0x00, 0x3F, 0xF8, 0xFF, 0xE3, 0xFF, 0x80, 0x3F, 0xF8, 0xFF, 0xE3, 0xFF, 0x80,
    0x3F, 0xF8, 0xFF, 0xE3, 0xFF, 0x80, 0x00, 0x00, 0x00, 0x00, 0x00, 0x00, 0x00, 0x00, 0x00, 0x00,
    0x00, 0x00, 0x00, 0x00, 0x00, 0x00, 0x00, 0x00, 0x00, 0x00, 0x00, 0x00, 0x00, 0x00, 0x00, 0x00,
    0x00, 0x00, 0x00, 0x00, 0x00, 0x00, 0x00, 0x00, 0x00, 0x00, 0x00, 0x00, 0x00, 0x00, 0x00, 0x00,
    0x00, 0x00, 0x00, 0x00, 0x00, 0x00, 0x00, 0x00, 0x00, 0x00, 0x00, 0x00, 0x00, 0x00, 0x00, 0x00,
    0x00, 0x00, 0x00, 0x00, 0x00, 0x00, 0x00, 0x00, 0x00, 0x00, 0x00, 0x00, 0x00, 0x00, 0x00, 0x00,
    0x00, 0x00, 0x00, 0x00, 0x00, 0x00, 0x00, 0x00, 0x00, 0x00, 0x00, 0x00, 0x00, 0x00, 0x00, 0x00,
    0x00, 0x00, 0x00, 0x00, 0x00, 0x00, 0x00, 0x00, 0x00, 0x00, 0x00, 0x00, 0x00, 0x00, 0x00, 0x00,
    0x00, 0x00, 0x00, 0x00, 0x00, 0x00, 0x00, 0x00, 0x00, 0x00, 0x00, 0x00, 0x00, 0x00, 0x00, 0x00,
    0x00, 0x00, 0x00, 0x00, 0x00, 0x00, 0x00, 0x00, 0x00, 0x00, 0x00, 0x00, 0x00, 0x00, 0x60, 0x00,
    0x3F, 0xC3, 0xFC, 0x00, 0x3F, 0xC7, 0xFE, 0x00, 0x3F, 0xCF, 0xFF, 0x00, 0x3F, 0xDF, 0xFF, 0x80,
    0x0F, 0xFF, 0xFF, 0x80, 0x0F, 0xF0, 0x7F, 0x80, 0x0F, 0xF0, 0x3F, 0x80, 0x0F, 0xE0, 0x3F, 0x80,
    0x0F, 0xE0, 0x3F, 0x80, 0x0F, 0xE0, 0x3F, 0x80, 0x0F, 0xE0, 0x3F, 0x80, 0x0F, 0xE0, 0x3F, 0x80,
    0x0F, 0xE0, 0x3F, 0x80, 0x0F, 0xE0, 0x3F, 0x80, 0x0F, 0xE0, 0x3F, 0x80, 0x0F, 0xE0, 0x3F, 0x80,
    0x0F, 0xE0, 0x3F, 0x80, 0x0F, 0xE0, 0x3F, 0x80, 0x3F, 0xFC, 0xFF, 0xF0, 0x3F, 0xFC, 0xFF, 0xF0,
    0x3F, 0xFC, 0xFF, 0xF0, 0x00, 0x00, 0x00, 0x00, 0x00, 0x00, 0x00, 0x00, 0x00, 0x00, 0x00, 0x00,
    0x00, 0x00, 0x00, 0x00, 0x00, 0x00, 0x00, 0x00, 0x00, 0x00, 0x00, 0x00, 0x00, 0x00, 0x00, 0x00,
    0x00, 0x00, 0x00, 0x00, 0x00, 0x00, 0x00, 0x00, 0x00, 0x00, 0x00, 0x00, 0x00, 0x00, 0x00, 0x00,
    0x00, 0x00, 0x00, 0x00, 0x00, 0x00, 0x00, 0x00, 0x00, 0x00, 0x00, 0x00, 0x00, 0x00, 0x00, 0x00,
    0x00, 0x00, 0x00, 0x00, 0x00, 0x00, 0x00, 0x00, 0x00, 0x00, 0x00, 0x00, 0x00, 0x00, 0x00, 0x00,
    0x00, 0x00, 0x00, 0x00, 0x00, 0x00, 0x00, 0x00, 0x00, 0x00, 0x00, 0x00, 0x00, 0x00, 0x00, 0x00,
    0x00, 0x00, 0x00, 0x00, 0x00, 0x00, 0x00, 0x00, 0x00, 0x00, 0x00, 0x00, 0x00, 0x00, 0x00, 0x00,
    0x00, 0x00, 0x00, 0x00, 0x00, 0x06, 0x00, 0x00, 0x00, 0xFF, 0xE0, 0x00, 0x03, 0xFF, 0xF8, 0x00,
    0x07, 0xFF, 0xFC, 0x00, 0x0F, 0xE1, 0xFE, 0x00, 0x1F, 0xC0, 0xFF, 0x00, 0x1F, 0xC0, 0x7F, 0x00,
    0x1F, 0x80, 0x7F, 0x80, 0x3F, 0x80, 0x3F, 0x80, 0x3F, 0x80, 0x3F, 0x80, 0x3F, 0x80, 0x3F, 0x80,
    0x3F, 0x80, 0x3F, 0x80, 0x3F, 0x80, 0x3F, 0x80, 0x3F, 0x80, 0x3F, 0x80, 0x3F, 0x80, 0x3F, 0x80,
    0x3F, 0xC0, 0x3F, 0x00, 0x1F, 0xC0, 0x7F, 0x00, 0x1F, 0xE0, 0x7E, 0x00, 0x0F, 0xF0, 0xFE, 0x00,
    0x07, 0xFF, 0xFC, 0x00, 0x03, 0xFF, 0xF8, 0x00, 0x00, 0xFF, 0xE0, 0x00, 0x00, 0x0C, 0x00, 0x00,
    0x00, 0x00, 0x00, 0x00, 0x00, 0x00, 0x00, 0x00, 0x00, 0x00, 0x00, 0x00, 0x00, 0x00, 0x00, 0x00,
    0x00, 0x00, 0x00, 0x00, 0x00, 0x00, 0x00, 0x00, 0x00, 0x00, 0x00, 0x00, 0x00, 0x00, 0x00, 0x00,
    0x00, 0x00, 0x00, 0x00, 0x00, 0x00, 0x00, 0x00, 0x00, 0x00, 0x00, 0x00, 0x00, 0x00, 0x00, 0x00,
    0x00, 0x00, 0x00, 0x00, 0x00, 0x00, 0x00, 0x00, 0x00, 0x00, 0x00, 0x00, 0x00, 0x00, 0x00, 0x00,
    0x00, 0x00, 0x00, 0x00, 0x00, 0x00, 0x00, 0x00, 0x00, 0x00, 0x00, 0x00, 0x00, 0x00, 0x00, 0x00,
    0x00, 0x00, 0x00, 0x00, 0x00, 0x00, 0x00, 0x00, 0x00, 0x00, 0x00, 0x00, 0x00, 0x00, 0x00, 0x00,
    0x00, 0x00, 0x00, 0x00, 0x00, 0x00, 0x00, 0x00, 0x00, 0x00, 0x00, 0x00, 0x00, 0x00, 0x80, 0x00,
    0x7F, 0x8F, 0xF8, 0x00, 0x7F, 0x9F, 0xFC, 0x00, 0x7F, 0xBF, 0xFE, 0x00, 0x1F, 0xF0, 0xFF, 0x00,
    0x1F, 0xE0, 0x7F, 0x00, 0x1F, 0xE0, 0x7F, 0x80, 0x1F, 0xC0, 0x3F, 0x80, 0x1F, 0xC0, 0x3F, 0x80,
    0x1F, 0xC0, 0x3F, 0x80, 0x1F, 0xC0, 0x3F, 0x80, 0x1F, 0xC0, 0x3F, 0x80, 0x1F, 0xC0, 0x3F, 0x80,
    0x1F, 0xC0, 0x3F, 0x80, 0x1F, 0xC0, 0x3F, 0x80, 0x1F, 0xC0, 0x3F, 0x00, 0x1F, 0xC0, 0x7F, 0x00,
    0x1F, 0xC0, 0x7F, 0x00, 0x1F, 0xF0, 0xFE, 0x00, 0x1F, 0xFF, 0xFC, 0x00, 0x1F, 0xFF, 0xF8, 0x00,
    0x1F, 0xFF, 0xF0, 0x00, 0x1F, 0xC3, 0x00, 0x00, 0x1F, 0xC0, 0x00, 0x00, 0x1F, 0xC0, 0x00, 0x00,
    0x1F, 0xC0, 0x00, 0x00, 0x1F, 0xC0, 0x00, 0x00, 0x1F, 0xE0, 0x00, 0x00, 0x7F, 0xFC, 0x00, 0x00,
    0x7F, 0xFC, 0x00, 0x00, 0x7F, 0xFC, 0x00, 0x00, 0x00, 0x00, 0x00, 0x00, 0x00, 0x00, 0x00, 0x00,
    0x00, 0x00, 0x00, 0x00, 0x00, 0x00, 0x00, 0x00, 0x00, 0x00, 0x00, 0x00, 0x00, 0x00, 0x00, 0x00,
    0x00, 0x00, 0x00, 0x00, 0x00, 0x00, 0x00, 0x00, 0x00, 0x00, 0x00, 0x00, 0x00, 0x00, 0x00, 0x00,
    0x00, 0x00, 0x00, 0x00, 0x00, 0x00, 0x00, 0x00, 0x00, 0x00, 0x00, 0x00, 0x00, 0x00, 0x00, 0x00,
    0x00, 0x00, 0x00, 0x00, 0x00, 0x00, 0x00, 0x00, 0x00, 0x00, 0x00, 0x00, 0x00, 0x00, 0x00, 0x00,
    0x00, 0x00, 0x00, 0x00, 0x00, 0x18, 0x00, 0x00, 0x01, 0xFF, 0x8F, 0x00, 0x03, 0xFF, 0xFF, 0x00,
    0x07, 0xFF, 0xFF, 0x00, 0x0F, 0xF1, 0xFF, 0x00, 0x1F, 0xC0, 0x7F, 0x00, 0x1F, 0xC0, 0x7F, 0x00,
    0x1F, 0x80, 0x7F, 0x00, 0x3F, 0x80, 0x7F, 0x00, 0x3F, 0x80, 0x7F, 0x00, 0x3F, 0x80, 0x7F, 0x00,
    0x3F, 0x80, 0x7F, 0x00, 0x3F, 0x80, 0x7F, 0x00, 0x3F, 0x80, 0x7F, 0x00, 0x3F, 0x80, 0x7F, 0x00,
    0x3F, 0x80, 0x7F, 0x00, 0x1F, 0xC0, 0xFF, 0x00, 0x1F, 0xC0, 0xFF, 0x00, 0x1F, 0xE1, 0xFF, 0x00,
    0x0F, 0xFF, 0xFF, 0x00, 0x07, 0xFF, 0x7F, 0x00, 0x03, 0xFE, 0x7F, 0x00, 0x00, 0x20, 0x7F, 0x00,
    0x00, 0x00, 0x7F, 0x00, 0x00, 0x00, 0x7F, 0x00, 0x00, 0x00, 0x7F, 0x00, 0x00, 0x00, 0x7F, 0x00,
    0x00, 0x00, 0xFF, 0x00, 0x00, 0x07, 0xFF, 0xC0, 0x00, 0x07, 0xFF, 0xC0, 0x00, 0x07, 0xFF, 0xC0,
    0x00, 0x00, 0x00, 0x00, 0x00, 0x00, 0x00, 0x00, 0x00, 0x00, 0x00, 0x00, 0x00, 0x00, 0x00, 0x00,
    0x00, 0x00, 0x00, 0x00, 0x00, 0x00, 0x00, 0x00, 0x00, 0x00, 0x00, 0x00, 0x00, 0x00, 0x00, 0x00,
    0x00, 0x00, 0x00, 0x00, 0x00, 0x00, 0x00, 0x00, 0x00, 0x00, 0x00, 0x00, 0x00, 0x00, 0x00, 0x00,
    0x00, 0x00, 0x00, 0x00, 0x00, 0x00, 0x00, 0x00, 0x00, 0x00, 0x00, 0x00, 0x00, 0x40, 0x3F, 0xC3,
    0xF0, 0x3F, 0xCF, 0xF8, 0x3F, 0xDF, 0xFC, 0x3F, 0xFF, 0xFC, 0x0F, 0xF8, 0xFC, 0x0F, 0xF0, 0xFC,
    0x0F, 0xE0, 0xFC, 0x0F, 0xE0, 0xF8, 0x0F, 0xE0, 0x20, 0x0F, 0xE0, 0x00, 0x0F, 0xE0, 0x00, 0x0F,
    0xE0, 0x00, 0x0F, 0xE0, 0x00, 0x0F, 0xE0, 0x00, 0x0F, 0xE0, 0x00, 0x0F, 0xE0, 0x00, 0x0F, 0xE0,
    0x00, 0x0F, 0xE0, 0x00, 0x3F, 0xFE, 0x00, 0x3F, 0xFE, 0x00, 0x3F, 0xFE, 0x00, 0x00, 0x00, 0x00,
    0x00, 0x00, 0x00, 0x00, 0x00, 0x00, 0x00, 0x00, 0x00, 0x00, 0x00, 0x00, 0x00, 0x00, 0x00, 0x00,
    0x00, 0x00, 0x00, 0x00, 0x00, 0x00, 0x00, 0x00, 0x00, 0x00, 0x00, 0x00, 0x00, 0x00, 0x00, 0x00,
    0x00, 0x00, 0x00, 0x00, 0x00, 0x00, 0x00, 0x00, 0x00, 0x00, 0x00, 0x00, 0x00, 0x00, 0x00, 0x00,
    0x00, 0x00, 0x00, 0x00, 0x00, 0x00, 0x00, 0x00, 0x00, 0x00, 0x00, 0x00, 0x00, 0x00, 0x00, 0x00,
    0x00, 0x00, 0x00, 0x00, 0x00, 0x00, 0x00, 0x00, 0x00, 0x00, 0x00, 0x00, 0x00, 0x00, 0x00, 0x00,
    0x00, 0x00, 0x60, 0xC0, 0x07, 0xFD, 0xC0, 0x0F, 0xFF, 0xC0, 0x1F, 0xDF, 0xC0, 0x3E, 0x07, 0xC0,
    0x3E, 0x03, 0xC0, 0x3E, 0x01, 0xC0, 0x3F, 0x00, 0xC0, 0x3F, 0xE0, 0x00, 0x3F, 0xFE, 0x00, 0x1F,
    0xFF, 0x80, 0x0F, 0xFF, 0xC0, 0x03, 0xFF, 0xC0, 0x00, 0x7F, 0xE0, 0x38, 0x0F, 0xE0, 0x38, 0x03,
    0xE0, 0x3C, 0x03, 0xE0, 0x3E, 0x03, 0xE0, 0x3F, 0x87, 0xC0, 0x3F, 0xFF, 0xC0, 0x3F, 0xFF, 0x80,
    0x3B, 0xFE, 0x00, 0x10, 0x30, 0x00, 0x00, 0x00, 0x00, 0x00, 0x00, 0x00, 0x00, 0x00, 0x00, 0x00,
    0x00, 0x00, 0x00, 0x00, 0x00, 0x00, 0x00, 0x00, 0x00, 0x00, 0x00, 0x00, 0x00, 0x00, 0x00, 0x00,
    0x00, 0x00, 0x00, 0x00, 0x00, 0x00, 0x00, 0x00, 0x00, 0x00, 0x00, 0x00, 0x00, 0x00, 0x00, 0x00,
    0x00, 0x00, 0x00, 0x00, 0x00, 0x00, 0x00, 0x00, 0x00, 0x00, 0x00, 0x00, 0x00, 0x00, 0x00, 0x00,
    0x00, 0x00, 0x00, 0x00, 0x00, 0x03, 0xE0, 0x00, 0x03, 0xE0, 0x00, 0x03, 0xE0, 0x00, 0x03, 0xE0,
    0x00, 0x07, 0xE0, 0x00, 0x07, 0xE0, 0x00, 0x0F, 0xE0, 0x00, 0x7F, 0xFF, 0x00, 0x7F, 0xFF, 0x00,
    0x7F, 0xFF, 0x00, 0x7F, 0xFF, 0x00, 0x0F, 0xE0, 0x00, 0x0F, 0xE0, 0x00, 0x0F, 0xE0, 0x00, 0x0F,
    0xE0, 0x00, 0x0F, 0xE0, 0x00, 0x0F, 0xE0, 0x00, 0x0F, 0xE0, 0x00, 0x0F, 0xE0, 0x00, 0x0F, 0xE0,
    0x00, 0x0F, 0xE0, 0x00, 0x0F, 0xE0, 0x00, 0x0F, 0xE0, 0x00, 0x0F, 0xE0, 0x00, 0x0F, 0xFF, 0x80,
    0x07, 0xFF, 0x80, 0x07, 0xFF, 0x80, 0x03, 0xFE, 0x00, 0x00, 0x20, 0x00, 0x00, 0x00, 0x00, 0x00,
    0x00, 0x00, 0x00, 0x00, 0x00, 0x00, 0x00, 0x00, 0x00, 0x00, 0x00, 0x00, 0x00, 0x00, 0x00, 0x00,
    0x00, 0x00, 0x00, 0x00, 0x00, 0x00, 0x00, 0x00, 0x00, 0x00, 0x00, 0x00, 0x00, 0x00, 0x00, 0x00,
    0x00, 0x00, 0x00, 0x00, 0x00, 0x00, 0x00, 0x00, 0x00, 0x00, 0x00, 0x00, 0x00, 0x00, 0x00, 0x00,
    0x00, 0x00, 0x00, 0x00, 0x00, 0x00, 0x00, 0x00, 0x00, 0x00, 0x00, 0x00, 0x00, 0x00, 0x00, 0x00,
    0x00, 0x00, 0x00, 0x00, 0x00, 0x00, 0x00, 0x00, 0x00, 0x00, 0x00, 0x00, 0x00, 0x00, 0x00, 0x00,
    0x00, 0x00, 0x00, 0x00, 0x00, 0x00, 0x00, 0x00, 0x00, 0x00, 0x00, 0x00, 0x00, 0x00, 0x00, 0x00,
    0x00, 0x00, 0x7F, 0xE1, 0xFF, 0x00, 0x7F, 0xE1, 0xFF, 0x00, 0x7F, 0xE1, 0xFF, 0x00, 0x1F, 0xE0,
    0xFF, 0x00, 0x0F, 0xE0, 0x7F, 0x00, 0x0F, 0xE0, 0x7F, 0x00, 0x0F, 0xE0, 0x7F, 0x00, 0x0F, 0xE0,
    0x7F, 0x00, 0x0F, 0xE0, 0x7F, 0x00, 0x0F, 0xE0, 0x7F, 0x00, 0x0F, 0xE0, 0x7F, 0x00, 0x0F, 0xE0,
    0x7F, 0x00, 0x0F, 0xE0, 0x7F, 0x00, 0x0F, 0xE0, 0x7F, 0x00, 0x0F, 0xE0, 0x7F, 0x00, 0x0F, 0xE0,
    0xFF, 0x00, 0x0F, 0xFF, 0xFF, 0x00, 0x0F, 0xFF, 0xFF, 0xE0, 0x07, 0xFF, 0xBF, 0xE0, 0x03, 0xFF,
    0x3F, 0xE0, 0x01, 0xFC, 0x3F, 0xE0, 0x00, 0x20, 0x00, 0x00, 0x00, 0x00, 0x00, 0x00, 0x00, 0x00,
    0x00, 0x00, 0x00, 0x00, 0x00, 0x00, 0x00, 0x00, 0x00, 0x00, 0x00, 0x00, 0x00, 0x00, 0x00, 0x00,
    0x00, 0x00, 0x00, 0x00, 0x00, 0x00, 0x00, 0x00, 0x00, 0x00, 0x00, 0x00, 0x00, 0x00, 0x00, 0x00,
    0x00, 0x00, 0x00, 0x00, 0x00, 0x00, 0x00, 0x00, 0x00, 0x00, 0x00, 0x00, 0x00, 0x00, 0x00, 0x00,
    0x00, 0x00, 0x00, 0x00, 0x00, 0x00, 0x00, 0x00, 0x00, 0x00, 0x00, 0x00, 0x00, 0x00, 0x00, 0x00,
    0x00, 0x00, 0x00, 0x00, 0x00, 0x00, 0x00, 0x00, 0x00, 0x00, 0x00, 0x00, 0x00, 0x00, 0x00, 0x00,
    0x00, 0x00, 0x00, 0x00, 0x00, 0x00, 0x00, 0x00, 0x00, 0x00, 0x00, 0x00, 0x00, 0x00, 0x00, 0x00,
    0x00, 0x00, 0x00, 0x00, 0x00, 0x00, 0x00, 0x00, 0x00, 0x00, 0x7F, 0xF8, 0xFF, 0xC0, 0x7F, 0xF8,
    0xFF, 0xC0, 0x7F, 0xF8, 0xFF, 0xC0, 0x3F, 0xE0, 0x3F, 0x00, 0x0F, 0xE0, 0x1E, 0x00, 0x0F, 0xE0,
    0x3C, 0x00, 0x0F, 0xE0, 0x3C, 0x00, 0x07, 0xF0, 0x3C, 0x00, 0x07, 0xF0, 0x78, 0x00, 0x03, 0xF0,
    0x78, 0x00, 0x03, 0xF8, 0x70, 0x00, 0x03, 0xF8, 0xF0, 0x00, 0x01, 0xFC, 0xF0, 0x00, 0x01, 0xFC,
    0xE0, 0x00, 0x00, 0xFD, 0xE0, 0x00, 0x00, 0xFF, 0xC0, 0x00, 0x00, 0xFF, 0xC0, 0x00, 0x00, 0x7F,
    0xC0, 0x00, 0x00, 0x7F, 0x80, 0x00, 0x00, 0x3F, 0x80, 0x00, 0x00, 0x3F, 0x80, 0x00, 0x00, 0x00,
    0x00, 0x00, 0x00, 0x00, 0x00, 0x00, 0x00, 0x00, 0x00, 0x00, 0x00, 0x00, 0x00, 0x00, 0x00, 0x00,
    0x00, 0x00, 0x00, 0x00, 0x00, 0x00, 0x00, 0x00, 0x00, 0x00, 0x00, 0x00, 0x00, 0x00, 0x00, 0x00,
    0x00, 0x00, 0x00, 0x00, 0x00, 0x00, 0x00, 0x00, 0x00, 0x00, 0x00, 0x00, 0x00, 0x00, 0x00, 0x00,
    0x00, 0x00, 0x00, 0x00, 0x00, 0x00, 0x00, 0x00, 0x00, 0x00, 0x00, 0x00, 0x00, 0x00, 0x00, 0x00,
    0x00, 0x00, 0x00, 0x00, 0x00, 0x00, 0x00, 0x00, 0x00, 0x00, 0x00, 0x00, 0x00, 0x00, 0x00, 0x00,
    0x00, 0x00, 0x00, 0x00, 0x00, 0x00, 0x00, 0x00, 0x00, 0x00, 0x00, 0x00, 0x00, 0x00, 0x00, 0x00,
    0x00, 0x00, 0x00, 0x00, 0x00, 0x00, 0x00, 0x00, 0x00, 0x00, 0x00, 0x00, 0x00, 0x00, 0x00, 0x00,
    0x00, 0x00, 0x00, 0x00, 0x00, 0x00, 0x00, 0x00, 0x00, 0x00, 0x00, 0x00, 0x00, 0x00, 0x00, 0x00,
    0x00, 0x00, 0x00, 0x00, 0xFF, 0xF0, 0xFE, 0x0F, 0xF8, 0xFF, 0xF0, 0xFF, 0x0F, 0xF8, 0xFF, 0xF0,
    0xFF, 0x0F, 0xF8, 0x3F, 0xC0, 0xFF, 0x07, 0xC0, 0x1F, 0xC1, 0xFF, 0x03, 0x80, 0x1F, 0xC1, 0xFF,
    0x83, 0x80, 0x0F, 0xC1, 0xFF, 0x83, 0x80, 0x0F, 0xE1, 0xDF, 0x87, 0x00, 0x0F, 0xE3, 0xDF, 0x87,
    0x00, 0x07, 0xE3, 0xCF, 0xC7, 0x00, 0x07, 0xE3, 0x8F, 0xCF, 0x00, 0x07, 0xF3, 0x8F, 0xCE, 0x00,
    0x03, 0xF7, 0x8F, 0xCE, 0x00, 0x03, 0xF7, 0x87, 0xEE, 0x00, 0x03, 0xFF, 0x07, 0xFC, 0x00, 0x03,
    0xFF, 0x07, 0xFC, 0x00, 0x01, 0xFF, 0x07, 0xFC, 0x00, 0x01, 0xFF, 0x03, 0xFC, 0x00, 0x01, 0xFE,
    0x03, 0xF8, 0x00, 0x00, 0xFE, 0x03, 0xF8, 0x00, 0x00, 0xFE, 0x03, 0xF8, 0x00, 0x00, 0x00, 0x00,
    0x00, 0x00, 0x00, 0x00, 0x00, 0x00, 0x00, 0x00, 0x00, 0x00, 0x00, 0x00, 0x00, 0x00, 0x00, 0x00,
    0x00, 0x00, 0x00, 0x00, 0x00, 0x00, 0x00, 0x00, 0x00, 0x00, 0x00, 0x00, 0x00, 0x00, 0x00, 0x00,
    0x00, 0x00, 0x00, 0x00, 0x00, 0x00, 0x00, 0x00, 0x00, 0x00, 0x00, 0x00, 0x00, 0x00, 0x00, 0x00,
    0x00, 0x00, 0x00, 0x00, 0x00, 0x00, 0x00, 0x00, 0x00, 0x00, 0x00, 0x00, 0x00, 0x00, 0x00, 0x00,
    0x00, 0x00, 0x00, 0x00, 0x00, 0x00, 0x00, 0x00, 0x00, 0x00, 0x00, 0x00, 0x00, 0x00, 0x00, 0x00,
    0x00, 0x00, 0x00, 0x00, 0x00, 0x00, 0x00, 0x00, 0x00, 0x00, 0x00, 0x00, 0x00, 0x00, 0x00, 0x00,
    0x00, 0x00, 0x00, 0x00, 0x00, 0x00, 0x00, 0x00, 0x00, 0x00, 0x00, 0x00, 0x00, 0x00, 0x00, 0x00,
    0x00, 0x00, 0x00, 0x00, 0x00, 0x00, 0x00, 0x00, 0x00, 0x00, 0x00, 0x00, 0x7F, 0xF9, 0xFF, 0x00,
    0x7F, 0xF9, 0xFF, 0x00, 0x7F, 0xF9, 0xFF, 0x00, 0x3F, 0xE0, 0xFC, 0x00, 0x0F, 0xE0, 0xF8, 0x00,
    0x07, 0xF1, 0xF0, 0x00, 0x07, 0xF9, 0xE0, 0x00, 0x03, 0xFF, 0xC0, 0x00, 0x01, 0xFF, 0x80, 0x00,
    0x00, 0xFF, 0x00, 0x00, 0x00, 0x7F, 0x00, 0x00, 0x00, 0x7F, 0x80, 0x00, 0x00, 0xFF, 0xC0, 0x00,
    0x01, 0xFF, 0xE0, 0x00, 0x03, 0xCF, 0xF0, 0x00, 0x07, 0x87, 0xF8, 0x00, 0x0F, 0x83, 0xFC, 0x00,
    0x1F, 0x03, 0xFE, 0x00, 0x7F, 0xCF, 0xFF, 0x80, 0x7F, 0xCF, 0xFF, 0x80, 0x7F, 0xCF, 0xFF, 0x80,
    0x00, 0x00, 0x00, 0x00, 0x00, 0x00, 0x00, 0x00, 0x00, 0x00, 0x00, 0x00, 0x00, 0x00, 0x00, 0x00,
    0x00, 0x00, 0x00, 0x00, 0x00, 0x00, 0x00, 0x00, 0x00, 0x00, 0x00, 0x00, 0x00, 0x00, 0x00, 0x00,
    0x00, 0x00, 0x00, 0x00, 0x00, 0x00, 0x00, 0x00, 0x00, 0x00, 0x00, 0x00, 0x00, 0x00, 0x00, 0x00,
    0x00, 0x00, 0x00, 0x00, 0x00, 0x00, 0x00, 0x00, 0x00, 0x00, 0x00, 0x00, 0x00, 0x00, 0x00, 0x00,
    0x00, 0x00, 0x00, 0x00, 0x00, 0x00, 0x00, 0x00, 0x00, 0x00, 0x00, 0x00, 0x00, 0x00, 0x00, 0x00,
    0x00, 0x00, 0x00, 0x00, 0x00, 0x00, 0x00, 0x00, 0x00, 0x00, 0x00, 0x00, 0x00, 0x00, 0x00, 0x00,
    0x00, 0x00, 0x00, 0x00, 0x00, 0x00, 0x00, 0x00, 0x00, 0x00, 0x00, 0x00, 0x00, 0x00, 0x00, 0x00,
    0x00, 0x00, 0x00, 0x00, 0x7F, 0xF8, 0xFF, 0xC0, 0x7F, 0xF8, 0xFF, 0xC0, 0x7F, 0xF8, 0xFF, 0xC0,
    0x1F, 0xE0, 0x3F, 0x00, 0x0F, 0xC0, 0x1E, 0x00, 0x0F, 0xE0, 0x3C, 0x00, 0x07, 0xE0, 0x3C, 0x00,
    0x07, 0xF0, 0x38, 0x00, 0x03, 0xF0, 0x78, 0x00, 0x03, 0xF0, 0x78, 0x00, 0x03, 0xF8, 0xF0, 0x00,
    0x01, 0xF8, 0xF0, 0x00, 0x01, 0xFC, 0xE0, 0x00, 0x00, 0xFD, 0xE0, 0x00, 0x00, 0xFF, 0xC0, 0x00,
    0x00, 0x7F, 0xC0, 0x00, 0x00, 0x7F, 0xC0, 0x00, 0x00, 0x7F, 0x80, 0x00, 0x00, 0x3F, 0x80, 0x00,
    0x00, 0x3F, 0x00, 0x00, 0x00, 0x1F, 0x00, 0x00, 0x00, 0x1E, 0x00, 0x00, 0x00, 0x1E, 0x00, 0x00,
    0x08, 0x1E, 0x00, 0x00, 0x3E, 0x3C, 0x00, 0x00, 0x7E, 0x3C, 0x00, 0x00, 0x7E, 0x78, 0x00, 0x00,
    0x7E, 0xF0, 0x00, 0x00, 0x3F, 0xE0, 0x00, 0x00, 0x3F, 0xC0, 0x00, 0x00, 0x02, 0x00, 0x00, 0x00,
    0x00, 0x00, 0x00, 0x00, 0x00, 0x00, 0x00, 0x00, 0x00, 0x00, 0x00, 0x00, 0x00, 0x00, 0x00, 0x00,
    0x00, 0x00, 0x00, 0x00, 0x00, 0x00, 0x00, 0x00, 0x00, 0x00, 0x00, 0x00, 0x00, 0x00, 0x00, 0x00,
    0x00, 0x00, 0x00, 0x00, 0x00, 0x00, 0x00, 0x00, 0x00, 0x00, 0x00, 0x00, 0x00, 0x00, 0x00, 0x00,
    0x00, 0x00, 0x00, 0x00, 0x00, 0x00, 0x00, 0x00, 0x00, 0x00, 0x3F, 0xFF, 0xF0, 0x3F, 0xFF, 0xF0,
    0x3F, 0xFF, 0xF0, 0x3F, 0xFF, 0xF0, 0x3C, 0x0F, 0xE0, 0x3C, 0x1F, 0xC0, 0x38, 0x1F, 0x80, 0x38,
    0x3F, 0x80, 0x00, 0x7F, 0x00, 0x00, 0xFE, 0x00, 0x00, 0xFC, 0x00, 0x01, 0xFC, 0x00, 0x03, 0xF8,
    0x00, 0x07, 0xF0, 0x78, 0x07, 0xE0, 0x78, 0x0F, 0xE0, 0x78, 0x1F, 0xC0, 0xF8, 0x3F, 0xFF, 0xF8,
    0x3F, 0xFF, 0xF8, 0x3F, 0xFF, 0xF8, 0x3F, 0xFF, 0xF8, 0x00, 0x00, 0x00, 0x00, 0x00, 0x00, 0x00,
    0x00, 0x00, 0x00, 0x00, 0x00, 0x00, 0x00, 0x00, 0x00, 0x00, 0x00, 0x00, 0x00, 0x00, 0x00, 0x00,
    0x00, 0x00, 0x00, 0x00, 0x00, 0x00, 0x00, 0x00, 0x00, 0x00, 0x00, 0x00, 0x00, 0x00, 0x00, 0x00,
    0x00, 0x00, 0x00, 0x60, 0x03, 0xFC, 0x07, 0xFC, 0x0F, 0xF8, 0x0F, 0xC0, 0x0F, 0xC0, 0x0F, 0xC0,
    0x0F, 0xC0, 0x0F, 0xC0, 0x0F, 0xC0, 0x0F, 0xC0, 0x07, 0xE0, 0x07, 0xE0, 0x07, 0xE0, 0x07, 0xE0,
    0x07, 0xE0, 0x07, 0xE0, 0x07, 0xE0, 0x07, 0xE0, 0x0F, 0xC0, 0x3F, 0xC0, 0x7F, 0x00, 0x7F, 0x00,
    0x7F, 0x80, 0x0F, 0xC0, 0x07, 0xE0, 0x07, 0xE0, 0x07, 0xE0, 0x07, 0xE0, 0x07, 0xE0, 0x07, 0xE0,
    0x07, 0xE0, 0x07, 0xC0, 0x0F, 0xC0, 0x0F, 0xC0, 0x0F, 0xC0, 0x0F, 0xC0, 0x0F, 0xC0, 0x0F, 0xC0,
    0x0F, 0xC0, 0x0F, 0xC0, 0x0F, 0xFC, 0x07, 0xFC, 0x03, 0xFC, 0x00, 0x60, 0x00, 0x00, 0x00, 0x00,
    0x00, 0x00, 0x00, 0x00, 0x00, 0x00, 0x00, 0x00, 0x00, 0x00, 0x00, 0x00, 0x00, 0x00, 0x00, 0x00,
    0x01, 0xF0, 0x00, 0x01, 0xF0, 0x00, 0x01, 0xF0, 0x00, 0x01, 0xF0, 0x00, 0x01, 0xF0, 0x00, 0x01,
    0xF0, 0x00, 0x01, 0xF0, 0x00, 0x01, 0xF0, 0x00, 0x01, 0xF0, 0x00, 0x01, 0xF0, 0x00, 0x01, 0xF0,
    0x00, 0x01, 0xF0, 0x00, 0x01, 0xF0, 0x00, 0x01, 0xF0, 0x00, 0x01, 0xF0, 0x00, 0x01, 0xF0, 0x00,
    0x01, 0xF0, 0x00, 0x01, 0xF0, 0x00, 0x01, 0xF0, 0x00, 0x01, 0xF0, 0x00, 0x01, 0xF0, 0x00, 0x01,
    0xF0, 0x00, 0x01, 0xF0, 0x00, 0x01, 0xF0, 0x00, 0x01, 0xF0, 0x00, 0x01, 0xF0, 0x00, 0x01, 0xF0,
    0x00, 0x01, 0xF0, 0x00, 0x01, 0xF0, 0x00, 0x01, 0xF0, 0x00, 0x01, 0xF0, 0x00, 0x01, 0xF0, 0x00,
    0x01, 0xF0, 0x00, 0x01, 0xF0, 0x00, 0x01, 0xF0, 0x00, 0x01, 0xF0, 0x00, 0x01, 0xF0, 0x00, 0x01,
    0xF0, 0x00, 0x00, 0x00, 0x00, 0x00, 0x00, 0x00, 0x00, 0x00, 0x00, 0x00, 0x00, 0x00, 0x00, 0x00,
    0x00, 0x00, 0x00, 0x00, 0x00, 0x00, 0x00, 0x00, 0x00, 0x00, 0x00, 0x00, 0x0C, 0x00, 0x7F, 0x80,
    0x7F, 0xC0, 0x3F, 0xE0, 0x07, 0xE0, 0x07, 0xE0, 0x07, 0xE0, 0x07, 0xE0, 0x07, 0xE0, 0x07, 0xE0,
    0x07, 0xE0, 0x0F, 0xC0, 0x0F, 0xC0, 0x0F, 0xC0, 0x0F, 0xC0, 0x0F, 0xC0, 0x0F, 0xC0, 0x0F, 0xC0,
    0x0F, 0xC0, 0x07, 0xE0, 0x07, 0xF8, 0x01, 0xFC, 0x00, 0xFC, 0x03, 0xFC, 0x07, 0xE0, 0x0F, 0xC0,
    0x0F, 0xC0, 0x0F, 0xC0, 0x0F, 0xC0, 0x0F, 0xC0, 0x0F, 0xC0, 0x0F, 0xC0, 0x07, 0xC0, 0x07, 0xC0,
    0x07, 0xE0, 0x07, 0xE0, 0x07, 0xE0, 0x07, 0xE0, 0x07, 0xE0, 0x07, 0xE0, 0x07, 0xE0, 0x7F, 0xE0,
    0x7F, 0xC0, 0x7F, 0x80, 0x0C, 0x00, 0x00, 0x00, 0x00, 0x00, 0x00, 0x00, 0x00, 0x00, 0x00, 0x00,
    0x00, 0x00, 0x00, 0x00, 0x00, 0x00, 0x00, 0x00, 0x00, 0x00, 0x00, 0x00, 0x00, 0x00, 0x00, 0x00,
    0x00, 0x00, 0x00, 0x00, 0x00, 0x00, 0x00, 0x00, 0x00, 0x00, 0x00, 0x00, 0x00, 0x00, 0x00, 0x00,
    0x00, 0x00, 0x00, 0x00, 0x00, 0x00, 0x00, 0x00, 0x00, 0x00, 0x00, 0x00, 0x00, 0x00, 0x00, 0x00,
    0x00, 0x00, 0x00, 0x00, 0x00, 0x00, 0x00, 0x00, 0x00, 0x00, 0x07, 0xC0, 0x10, 0x0F, 0xFC, 0x38,
    0x0F, 0xFF, 0xF8, 0x1F, 0xFF, 0xF8, 0x1F, 0xFF, 0xF0, 0x3C, 0x3F, 0xF0, 0x08, 0x03, 0xE0, 0x00,
    0x00, 0x00, 0x00, 0x00, 0x00, 0x00, 0x00, 0x00, 0x00, 0x00, 0x00, 0x00, 0x00, 0x00, 0x00, 0x00,
    0x00, 0x00, 0x00, 0x00, 0x00, 0x00, 0x00, 0x00, 0x00, 0x00, 0x00, 0x00, 0x00, 0x00, 0x00, 0x00,
    0x00, 0x00, 0x00, 0x00, 0x00, 0x00, 0x00, 0x00, 0x00, 0x00, 0x00, 0x00, 0x00, 0x00, 0x00, 0x00,
    0x00, 0x00, 0x00, 0x00, 0x00, 0x00, 0x00, 0x00, 0x00, 0x00, 0x00, 0x00, 0x00, 0x00,
};

static const FontGlyph literata_heading_glyphs[] = {
    {0, 8, 8, 0},  // ' '
    {50, 14, 14, 0},  // '!'
    {150, 19, 19, 0},  // '"'
    {300, 28, 28, 0},  // '#'
    {500, 25, 25, 0},  // '$'
    {700, 37, 37, 0},  // '%'
    {950, 34, 34, 0},  // '&'
    {1200, 11, 11, 0},  // '''
    {1300, 15, 15, 0},  // '('
    {1400, 15, 15, 0},  // ')'
    {1500, 18, 18, 0},  // '*'
    {1650, 23, 23, 0},  // '+'
    {1800, 14, 14, 0},  // ','
    {1900, 14, 14, 0},  // '-'
    {2000, 14, 14, 0},  // '.'
    {2100, 20, 20, 0},  // '/'
    {2250, 25, 25, 0},  // '0'
    {2450, 17, 17, 0},  // '1'
    {2600, 23, 23, 0},  // '2'
    {2750, 23, 23, 0},  // '3'
    {2900, 25, 25, 0},  // '4'
    {3100, 22, 22, 0},  // '5'
    {3250, 24, 24, 0},  // '6'
    {3400, 23, 23, 0},  // '7'
    {3550, 24, 24, 0},  // '8'
    {3700, 23, 23, 0},  // '9'
    {3850, 14, 14, 0},  // ':'
    {3950, 14, 14, 0},  // ';'
    {4050, 24, 24, 0},  // '<'
    {4200, 23, 23, 0},  // '='
    {4350, 24, 24, 0},  // '>'
    {4500, 23, 23, 0},  // '?'
    {4650, 38, 38, 0},  // '@'
    {4900, 32, 32, 0},  // 'A'
    {5100, 28, 28, 0},  // 'B'
    {5300, 29, 29, 0},  // 'C'
    {5500, 32, 32, 0},  // 'D'
    {5700, 27, 27, 0},  // 'E'
    {5900, 26, 26, 0},  // 'F'
    {6100, 32, 32, 0},  // 'G'
    {6300, 35, 35, 0},  // 'H'
    {6550, 17, 17, 0},  // 'I'
    {6700, 24, 24, 0},  // 'J'
    {6850, 32, 32, 0},  // 'K'
    {7050, 26, 26, 0},  // 'L'
    {7250, 41, 41, 0},  // 'M'
    {7550, 35, 35, 0},  // 'N'
    {7800, 32, 32, 0},  // 'O'
    {8000, 27, 27, 0},  // 'P'
    {8200, 38, 33, 0},  // 'Q'
    {8450, 30, 30, 0},  // 'R'
    {8650, 25, 25, 0},  // 'S'
    {8850, 31, 31, 0},  // 'T'
    {9050, 32, 32, 0},  // 'U'
    {9250, 32, 32, 0},  // 'V'
    {9450, 47, 47, 0},  // 'W'
    {9750, 32, 32, 0},  // 'X'
    {9950, 32, 32, 0},  // 'Y'
    {10150, 27, 27, 0},  // 'Z'
    {10350, 15, 15, 0},  // '['
    {10450, 20, 20, 0},  // '\'
    {10600, 15, 15, 0},  // ']'
    {10700, 24, 24, 0},  // '^'
    {10850, 19, 19, 0},  // '_'
    {11000, 21, 21, 0},  // '`'
    {11150, 25, 25, 0},  // 'a'
    {11350, 27, 27, 0},  // 'b'
    {11550, 23, 23, 0},  // 'c'
    {11700, 27, 27, 0},  // 'd'
    {11900, 24, 24, 0},  // 'e'
    {12050, 20, 17, 0},  // 'f'
    {12200, 26, 25, 0},  // 'g'
    {12400, 29, 29, 0},  // 'h'
    {12600, 15, 15, 0},  // 'i'
    {12700, 14, 14, 0},  // 'j'
    {12800, 28, 27, 0},  // 'k'
    {13000, 15, 15, 0},  // 'l'
    {13100, 42, 42, 0},  // 'm'
    {13400, 29, 29, 0},  // 'n'
    {13600, 26, 26, 0},  // 'o'
    {13800, 27, 27, 0},  // 'p'
    {14000, 27, 27, 0},  // 'q'
    {14200, 23, 23, 0},  // 'r'
    {14350, 20, 20, 0},  // 's'
    {14500, 18, 18, 0},  // 't'
    {14650, 28, 28, 0},  // 'u'
    {14850, 26, 26, 0},  // 'v'
    {15050, 37, 37, 0},  // 'w'
    {15300, 26, 26, 0},  // 'x'
    {15500, 26, 26, 0},  // 'y'
    {15700, 22, 22, 0},  // 'z'
    {15850, 15, 15, 0},  // '{'
    {15950, 19, 19, 0},  // '|'
    {16100, 15, 15, 0},  // '}'
    {16200, 24, 24, 0},  // '~'
};

static const Font literata_heading = {
    50, 39, 54, 32, 126,
    literata_heading_glyphs, literata_heading_bitmap,
};
