// =============================================================================
// SHANTELL_XLARGE BITMAP FONT
// =============================================================================
// Generated by tools/gen_font.py from ShantellSans-Regular.ttf at 50 px, the size that gives the
// xlarge face its 38 px capital. Do not edit; rerun the generator instead.
#pragma once

#include "ui/font.h"

static const uint8_t shantell_xlarge_bitmap[] = {
    0x00, 0x00, 0x00, 0x00, 0x00, 0x00, 0x00, 0x00, 0x00, 0x00, 0x00, 0x00, 0x00, 0x00, 0x00, 0x00,
    0x00, 0x00, 0x00, 0x00, 0x00, 0x00, 0x00, 0x00, 0x00, 0x00, 0x00, 0x00, 0x00, 0x00, 0x00, 0x00,
    0x00, 0x00, 0x00, 0x00, 0x00, 0x00, 0x00, 0x00, 0x00, 0x00, 0x00, 0x00, 0x00, 0x00, 0x00, 0x00,
    0x00, 0x00, 0x00, 0x00, 0x00, 0x00, 0x00, 0x00, 0x00, 0x00, 0x00, 0x00, 0x00, 0x00, 0x00, 0x00,
    0x00, 0x00, 0x00, 0x00, 0x00, 0x00, 0x00, 0x00, 0x00, 0x00, 0x00, 0x00, 0x00, 0x00, 0x00, 0x00,
    0x00, 0x00, 0x00, 0x00, 0x00, 0x00, 0x00, 0x00, 0x00, 0x00, 0x00, 0x00, 0x00, 0x00, 0x00, 0x00,
    0x00, 0x00, 0x00, 0x00, 0x00, 0x00, 0x00, 0x00, 0x00, 0x00, 0x00, 0x00, 0x00, 0x00, 0x00, 0x00,
    0x00, 0x00, 0x00, 0x00, 0x00, 0x00, 0x00, 0x00, 0x00, 0x00, 0x00, 0x00, 0x00, 0x00, 0x00, 0x00,
    0x00, 0x00, 0x00, 0x00, 0x00, 0x00, 0x00, 0x00, 0x00, 0x00, 0x00, 0x00, 0x00, 0x00, 0x00, 0x00,
    0x00, 0x00, 0x00, 0x00, 0x00, 0x00, 0x00, 0x00, 0x00, 0x00, 0x00, 0x00, 0x00, 0x00, 0x00, 0x00,
    0x00, 0x00, 0x00, 0x00, 0x00, 0x00, 0x00, 0x00, 0x00, 0x00, 0x00, 0x00, 0x00, 0x00, 0x00, 0x00,
    0x00, 0x00, 0x00, 0x00, 0x00, 0x00, 0x00, 0x00, 0x00, 0x00, 0x00, 0x00, 0x00, 0x00, 0x00, 0x00,
    0x00, 0x00, 0x00, 0x00, 0x00, 0x00, 0x00, 0x00, 0x00, 0x00, 0x00, 0x00, 0x00, 0x00, 0x00, 0x00,
    0x00, 0x00, 0x00, 0x00, 0x00, 0x00, 0x00, 0x00, 0x00, 0x00, 0x00, 0x00, 0x00, 0x00, 0x00, 0x00,
    0x07, 0x00, 0x07, 0x80, 0x07, 0x80, 0x07, 0x80, 0x0F, 0x80, 0x0F, 0x80, 0x0F, 0x80, 0x0F, 0x80,
    0x0F, 0x80, 0x0F, 0x80, 0x0F, 0x80, 0x0F, 0x00, 0x0F, 0x00, 0x0F, 0x00, 0x0F, 0x00, 0x0F, 0x00,
    0x0F, 0x00, 0x0F, 0x00, 0x0F, 0x80, 0x0F, 0x80, 0x0F, 0x80, 0x0F, 0x80, 0x0F, 0x80, 0x07, 0x80,
    0x07, 0x00, 0x00, 0x00, 0x00, 0x00, 0x00, 0x00, 0x00, 0x00, 0x00, 0x00, 0x0F, 0x00, 0x1F, 0x80,
    0x1F, 0xC0, 0x1F, 0xC0, 0x1F, 0xC0, 0x0F, 0xC0, 0x07, 0x80, 0x00, 0x00, 0x00, 0x00, 0x00, 0x00,
    0x00, 0x00, 0x00, 0x00, 0x00, 0x00, 0x00, 0x00, 0x00, 0x00, 0x00, 0x00, 0x00, 0x00, 0x00, 0x00,
    0x00, 0x00, 0x00, 0x00, 0x00, 0x00, 0x00, 0x00, 0x00, 0x00, 0x00, 0x00, 0x00, 0x00, 0x00, 0x00,
    0x00, 0x00, 0x00, 0x00, 0x00, 0x00, 0x00, 0x00, 0x00, 0x00, 0x00, 0x00, 0x00, 0x00, 0x00, 0x00,
    0x00, 0x00, 0x00, 0x00, 0x00, 0x00, 0x00, 0x00, 0x00, 0x00, 0x00, 0x00, 0x00, 0x00, 0x00, 0x00,
    0x00, 0x0E, 0x01, 0xC0, 0x1F, 0x03, 0xC0, 0x1F, 0x03, 0xC0, 0x1F, 0x03, 0xE0, 0x0F, 0x03, 0xE0,
    0x0F, 0x03, 0xE0, 0x0F, 0x03, 0xE0, 0x1F, 0x03, 0xE0, 0x1F, 0x03, 0xE0, 0x1F, 0x03, 0xC0, 0x1F,
    0x03, 0xC0, 0x1E, 0x07, 0xC0, 0x1E, 0x07, 0xC0, 0x3E, 0x07, 0xC0, 0x1E, 0x07, 0x80, 0x1C, 0x03,
    0x80, 0x00, 0x00, 0x00, 0x00, 0x00, 0x00, 0x00, 0x00, 0x00, 0x00, 0x00, 0x00, 0x00, 0x00, 0x00,
    0x00, 0x00, 0x00, 0x00, 0x00, 0x00, 0x00, 0x00, 0x00, 0x00, 0x00, 0x00, 0x00, 0x00, 0x00, 0x00,
    0x00, 0x00, 0x00, 0x00, 0x00, 0x00, 0x00, 0x00, 0x00, 0x00, 0x00, 0x00, 0x00, 0x00, 0x00, 0x00,
    0x00, 0x00, 0x00, 0x00, 0x00, 0x00, 0x00, 0x00, 0x00, 0x00, 0x00, 0x00, 0x00, 0x00, 0x00, 0x00,
    0x00, 0x00, 0x00, 0x00, 0x00, 0x00, 0x00, 0x00, 0x00, 0x00, 0x00, 0x00, 0x00, 0x00, 0x00, 0x00,
    0x00, 0x00, 0x00, 0x00, 0x00, 0x00, 0x00, 0x00, 0x00, 0x00, 0x00, 0x00, 0x00, 0x00, 0x00, 0x00,
    0x00, 0x00, 0x00, 0x00, 0x00, 0x00, 0x00, 0x00, 0x00, 0x00, 0x00, 0x00, 0x00, 0x00, 0x00, 0x00,
    0x00, 0x00, 0x00, 0x00, 0x00, 0x00, 0x00, 0x00, 0x00, 0x00, 0x00, 0x00, 0x00, 0x00, 0x00, 0x00,
    0x00, 0x00, 0x00, 0x00, 0x00, 0x00, 0x00, 0x00, 0x00, 0x00, 0x00, 0x00, 0x00, 0x00, 0x00, 0x00,
    0x00, 0x00, 0x00, 0x00, 0x00, 0x00, 0x00, 0x00, 0x00, 0x00, 0x00, 0x00, 0x00, 0x00, 0x00, 0x00,
    0x00, 0x00, 0x00, 0x00, 0x00, 0x00, 0x00, 0x00, 0x00, 0x00, 0x00, 0x00, 0x00, 0x00, 0x1C, 0x00,
    0x00, 0x00, 0x00, 0x00, 0x1E, 0x00, 0x00, 0x00, 0x00, 0x00, 0x1E, 0x00, 0x00, 0x00, 0x00, 0x00,
    0x3E, 0x00, 0x0E, 0x00, 0x00, 0x00, 0x3E, 0x00, 0x0F, 0x00, 0x00, 0x00, 0x3E, 0x00, 0x0F, 0x00,
    0x00, 0x00, 0x3E, 0x00, 0x1F, 0x00, 0x00, 0x00, 0x3C, 0x00, 0x1F, 0x00, 0x00, 0x00, 0x7C, 0x00,
    0x1F, 0x00, 0x00, 0x00, 0x7C, 0x00, 0x1F, 0x00, 0x00, 0x00, 0x7C, 0x00, 0x1E, 0x00, 0x00, 0x00,
    0x78, 0x00, 0x3E, 0x00, 0x00, 0x00, 0xF8, 0x00, 0x3E, 0x00, 0x01, 0xFF, 0xFF, 0xFF, 0xFF, 0xF8,
    0x03, 0xFF, 0xFF, 0xFF, 0xFF, 0xF8, 0x03, 0xFF, 0xFF, 0xFF, 0xFF, 0xF8, 0x01, 0xFF, 0xFF, 0xFF,
    0xFF, 0xF0, 0x00, 0x01, 0xE0, 0x00, 0xF8, 0x00, 0x00, 0x03, 0xE0, 0x00, 0xF8, 0x00, 0x00, 0x03,
    0xE0, 0x00, 0xF8, 0x00, 0x00, 0x03, 0xC0, 0x00, 0xF0, 0x00, 0x00, 0x07, 0xC0, 0x01, 0xF0, 0x00,
    0x00, 0x07, 0xC0, 0x01, 0xE0, 0x00, 0x00, 0x07, 0x80, 0x01, 0xE0, 0x00, 0x00, 0x0F, 0x80, 0x03,
    0xE0, 0x00, 0x00, 0x0F, 0x80, 0x03, 0xC0, 0x00, 0x00, 0x0F, 0x00, 0x03, 0xC0, 0x00, 0x00, 0x1F,
    0x00, 0x07, 0xC0, 0x00, 0x1F, 0xFF, 0xFF, 0xFF, 0xFF, 0xF8, 0x3F, 0xFF, 0xFF, 0xFF, 0xFF, 0xF8,
    0x3F, 0xFF, 0xFF, 0xFF, 0xFF, 0xF8, 0x3F, 0xFF, 0xFF, 0xFF, 0xFF, 0xE0, 0x1F, 0xFF, 0xFC, 0x1F,
    0x00, 0x00, 0x00, 0x3C, 0x00, 0x1F, 0x00, 0x00, 0x00, 0x7C, 0x00, 0x1F, 0x00, 0x00, 0x00, 0x7C,
    0x00, 0x1F, 0x00, 0x00, 0x00, 0x7C, 0x00, 0x1E, 0x00, 0x00, 0x00, 0x78, 0x00, 0x3E, 0x00, 0x00,
    0x00, 0xF8, 0x00, 0x3E, 0x00, 0x00, 0x00, 0xF8, 0x00, 0x3E, 0x00, 0x00, 0x00, 0xF8, 0x00, 0x3E,
    0x00, 0x00, 0x00, 0xF8, 0x00, 0x3C, 0x00, 0x00, 0x00, 0xF0, 0x00, 0x3C, 0x00, 0x00, 0x00, 0xF0,
    0x00, 0x3C, 0x00, 0x00, 0x00, 0xF0, 0x00, 0x3C, 0x00, 0x00, 0x00, 0x70, 0x00, 0x3C, 0x00, 0x00,
    0x00, 0x00, 0x00, 0x3C, 0x00, 0x00, 0x00, 0x00, 0x00, 0x3C, 0x00, 0x00, 0x00, 0x00, 0x00, 0x18,
    0x00, 0x00, 0x00, 0x00, 0x00, 0x00, 0x00, 0x00, 0x00, 0x00, 0x00, 0x00, 0x00, 0x00, 0x00, 0x00,
    0x00, 0x00, 0x00, 0x00, 0x00, 0x00, 0x00, 0x00, 0x00, 0x00, 0x00, 0x00, 0x00, 0x00, 0x00, 0x00,
    0x00, 0x00, 0x00, 0x00, 0x00, 0x00, 0x00, 0x00, 0x00, 0x00, 0x00, 0x00, 0x00, 0x00, 0x00, 0x00,
    0x00, 0x00, 0x00, 0x00, 0x00, 0x00, 0x00, 0x00, 0x00, 0x00, 0x00, 0x00, 0x00, 0x00, 0x00, 0x00,
    0x00, 0x00, 0x00, 0x00, 0x00, 0x00, 0x00, 0x00, 0x00, 0x00, 0x00, 0x00, 0x00, 0x00, 0x00, 0x00,
    0x00, 0x00, 0x00, 0x00, 0x00, 0x00, 0x00, 0x00, 0x00, 0x00, 0x00, 0x00, 0x00, 0x00, 0x00, 0x00,
    0x70, 0x00, 0x00, 0x00, 0x00, 0x78, 0x00, 0x00, 0x00, 0x00, 0x78, 0x00, 0x00, 0x00, 0x00, 0x78,
    0x00, 0x00, 0x00, 0x00, 0x7C, 0x00, 0x00, 0x00, 0x00, 0x7C, 0x3C, 0x00, 0x00, 0x00, 0x7F, 0xFE,
    0x00, 0x00, 0x00, 0x7F, 0xFF, 0x00, 0x00, 0x01, 0xFF, 0xFE, 0x00, 0x00, 0x07, 0xFF, 0xFC, 0x00,
    0x00, 0x1F, 0xFF, 0x80, 0x00, 0x00, 0x3F, 0xFC, 0x00, 0x00, 0x00, 0xFF, 0xFC, 0x00, 0x00, 0x01,
    0xFE, 0x7C, 0x00, 0x00, 0x01, 0xF8, 0x7C, 0x00, 0x00, 0x03, 0xE0, 0x7C, 0x00, 0x00, 0x07, 0xC0,
    0x7C, 0x00, 0x00, 0x07, 0xC0, 0x78, 0x00, 0x00, 0x07, 0x80, 0x78, 0x00, 0x00, 0x07, 0xC0, 0x78,
    0x00, 0x00, 0x07, 0xE0, 0x78, 0x00, 0x00, 0x07, 0xF8, 0x78, 0x00, 0x00, 0x03, 0xFF, 0xF8, 0x00,
    0x00, 0x01, 0xFF, 0xF8, 0x00, 0x00, 0x00, 0x7F, 0xFE, 0x00, 0x00, 0x00, 0x1F, 0xFF, 0x80, 0x00,
    0x00, 0x07, 0xFF, 0xE0, 0x00, 0x00, 0x01, 0xFF, 0xF0, 0x00, 0x00, 0x01, 0xFF, 0xFC, 0x00, 0x00,
    0x01, 0xF1, 0xFC, 0x00, 0x00, 0x01, 0xF0, 0x7E, 0x00, 0x00, 0x01, 0xE0, 0x3E, 0x00, 0x00, 0x01,
    0xE0, 0x1F, 0x00, 0x00, 0x01, 0xE0, 0x1E, 0x00, 0x00, 0x01, 0xE0, 0x3E, 0x00, 0x00, 0x01, 0xE0,
    0x7E, 0x00, 0x00, 0x01, 0xE1, 0xFC, 0x00, 0x0F, 0x83, 0xFF, 0xF8, 0x00, 0x0F, 0xFF, 0xFF, 0xF0,
    0x00, 0x0F, 0xFF, 0xFF, 0xE0, 0x00, 0x07, 0xFF, 0xFF, 0x00, 0x00, 0x00, 0xFF, 0xF0, 0x00, 0x00,
    0x00, 0x01, 0xE0, 0x00, 0x00, 0x00, 0x01, 0xE0, 0x00, 0x00, 0x00, 0x01, 0xE0, 0x00, 0x00, 0x00,
    0x01, 0xF0, 0x00, 0x00, 0x00, 0x01, 0xF0, 0x00, 0x00, 0x00, 0x01, 0xF0, 0x00, 0x00, 0x00, 0x00,
    0xE0, 0x00, 0x00, 0x00, 0x00, 0x00, 0x00, 0x00, 0x00, 0x00, 0x00, 0x00, 0x00, 0x00, 0x00, 0x00,
    0x00, 0x00, 0x00, 0x00, 0x00, 0x00, 0x00, 0x00, 0x00, 0x00, 0x00, 0x00, 0x00, 0x00, 0x00, 0x00,
    0x00, 0x00, 0x00, 0x00, 0x00, 0x00, 0x00, 0x00, 0x00, 0x00, 0x00, 0x00, 0x00, 0x00, 0x00, 0x00,
    0x00, 0x00, 0x00, 0x00, 0x00, 0x00, 0x00, 0x00, 0x00, 0x00, 0x00, 0x00, 0x00, 0x00, 0x00, 0x00,
    0x00, 0x00, 0x00, 0x00, 0x00, 0x00, 0x00, 0x00, 0x00, 0x00, 0x00, 0x00, 0x00, 0x00, 0x00, 0x00,
    0x00, 0x00, 0x00, 0x00, 0x00, 0x00, 0x00, 0x00, 0x00, 0x00, 0x00, 0x00, 0x00, 0x00, 0x00, 0x00,
    0x00, 0x00, 0x00, 0x00, 0x00, 0x00, 0x00, 0x00, 0x00, 0x00, 0x00, 0x00, 0x00, 0x00, 0x00, 0x00,
    0x00, 0x00, 0x00, 0x00, 0x00, 0x00, 0x00, 0x00, 0x00, 0x00, 0x00, 0xFF, 0x00, 0x00, 0x0E, 0x00,
    0x03, 0xFF, 0xC0, 0x00, 0x3F, 0x00, 0x07, 0xFF, 0xE0, 0x00, 0x7F, 0x00, 0x0F, 0xFF, 0xF0, 0x00,
    0xFE, 0x00, 0x0F, 0x83, 0xF0, 0x01, 0xFC, 0x00, 0x1F, 0x01, 0xF8, 0x03, 0xF8, 0x00, 0x1F, 0x00,
    0xF8, 0x07, 0xF0, 0x00, 0x1F, 0x00, 0xF8, 0x0F, 0xE0, 0x00, 0x1E, 0x00, 0x78, 0x1F, 0xC0, 0x00,
    0x1F, 0x00, 0xF8, 0x3F, 0x80, 0x00, 0x1F, 0x00, 0xF8, 0x7F, 0x00, 0x00, 0x0F, 0x81, 0xF0, 0xFE,
    0x00, 0x00, 0x0F, 0xFF, 0xF0, 0xFC, 0x00, 0x00, 0x07, 0xFF, 0xE1, 0xF8, 0x00, 0x00, 0x03, 0xFF,
    0xC3, 0xF0, 0x00, 0x00, 0x00, 0xFF, 0x07, 0xE0, 0x00, 0x00, 0x00, 0x00, 0x0F, 0xC0, 0x00, 0x00,
    0x00, 0x00, 0x1F, 0x80, 0x00, 0x00, 0x00, 0x00, 0x1F, 0x80, 0x00, 0x00, 0x00, 0x00, 0x3F, 0x01,
    0xF0, 0x00, 0x00, 0x00, 0x7E, 0x03, 0xFC, 0x00, 0x00, 0x00, 0xFC, 0x0F, 0xFE, 0x00, 0x00, 0x00,
    0xF8, 0x3F, 0xFF, 0x00, 0x00, 0x01, 0xF8, 0x7F, 0x9F, 0x80, 0x00, 0x03, 0xF0, 0x7F, 0x0F, 0x80,
    0x00, 0x07, 0xE0, 0xF8, 0x07, 0xC0, 0x00, 0x07, 0xC0, 0xF8, 0x07, 0xC0, 0x00, 0x0F, 0xC0, 0xF0,
    0x03, 0xC0, 0x00, 0x1F, 0x80, 0xF0, 0x03, 0xC0, 0x00, 0x1F, 0x00, 0xF0, 0x07, 0xC0, 0x00, 0x3E,
    0x00, 0xF0, 0x07, 0xC0, 0x00, 0x7E, 0x00, 0xF8, 0x0F, 0x80, 0x00, 0x7C, 0x00, 0xFE, 0x1F, 0x80,
    0x00, 0xF8, 0x00, 0x7F, 0xFF, 0x00, 0x00, 0xF8, 0x00, 0x3F, 0xFE, 0x00, 0x00, 0xF0, 0x00, 0x1F,
    0xFC, 0x00, 0x00, 0xE0, 0x00, 0x07, 0xF0, 0x00, 0x00, 0x40, 0x00, 0x00, 0x00, 0x00, 0x00, 0x00,
    0x00, 0x00, 0x00, 0x00, 0x00, 0x00, 0x00, 0x00, 0x00, 0x00, 0x00, 0x00, 0x00, 0x00, 0x00, 0x00,
    0x00, 0x00, 0x00, 0x00, 0x00, 0x00, 0x00, 0x00, 0x00, 0x00, 0x00, 0x00, 0x00, 0x00, 0x00, 0x00,
    0x00, 0x00, 0x00, 0x00, 0x00, 0x00, 0x00, 0x00, 0x00, 0x00, 0x00, 0x00, 0x00, 0x00, 0x00, 0x00,
    0x00, 0x00, 0x00, 0x00, 0x00, 0x00, 0x00, 0x00, 0x00, 0x00, 0x00, 0x00, 0x00, 0x00, 0x00, 0x00,
    0x00, 0x00, 0x00, 0x00, 0x00, 0x00, 0x00, 0x00, 0x00, 0x00, 0x00, 0x00, 0x00, 0x00, 0x00, 0x00,
    0x00, 0x00, 0x00, 0x00, 0x00, 0x00, 0x00, 0x00, 0x00, 0x00, 0x00, 0x00, 0x00, 0x00, 0x00, 0x00,
    0x00, 0x00, 0x00, 0x00, 0x00, 0x00, 0x00, 0x00, 0x00, 0x00, 0x00, 0x00, 0x00, 0x00, 0x00, 0x00,
    0x00, 0x00, 0x00, 0x00, 0x00, 0x00, 0x00, 0x00, 0x00, 0x00, 0x00, 0x00, 0x00, 0x00, 0x00, 0x00,
    0x00, 0x00, 0x00, 0x00, 0x00, 0x00, 0x00, 0x00, 0x00, 0x00, 0x00, 0x00, 0x00, 0x00, 0x00, 0x00,
    0x00, 0x00, 0x00, 0x3F, 0xF0, 0x00, 0x01, 0xFF, 0xFE, 0x00, 0x03, 0xFF, 0xFF, 0x80, 0x0F, 0xFF,
    0xFF, 0xC0, 0x0F, 0xE0, 0x1F, 0xC0, 0x1F, 0x80, 0x07, 0xC0, 0x1F, 0x00, 0x01, 0x80, 0x3E, 0x00,
    0x00, 0x00, 0x3E, 0x00, 0x00, 0x00, 0x3C, 0x00, 0x00, 0x00, 0x3C, 0x00, 0x00, 0x00, 0x3E, 0x00,
    0x00, 0x00, 0x3E, 0x00, 0x00, 0x00, 0x1F, 0x00, 0x00, 0x0E, 0x1F, 0x00, 0x00, 0x0E, 0x0F, 0x80,
    0x00, 0x1F, 0x0F, 0xC0, 0x00, 0x3E, 0x07, 0xF0, 0x00, 0x3E, 0x03, 0xF8, 0x00, 0x7C, 0x07, 0xFC,
    0x00, 0x7C, 0x0F, 0xFF, 0x00, 0xF8, 0x0F, 0x7F, 0x80, 0xF8, 0x1F, 0x1F, 0xC1, 0xF0, 0x1E, 0x0F,
    0xF3, 0xE0, 0x1E, 0x07, 0xFF, 0xE0, 0x1E, 0x01, 0xFF, 0xC0, 0x1E, 0x00, 0xFF, 0x80, 0x1E, 0x00,
    0x3F, 0x80, 0x1E, 0x00, 0x3F, 0xC0, 0x1F, 0x00, 0x7F, 0xE0, 0x1F, 0x80, 0xFF, 0xF8, 0x0F, 0xC3,
    0xF9, 0xFC, 0x0F, 0xFF, 0xF0, 0xFC, 0x07, 0xFF, 0xE0, 0x7E, 0x03, 0xFF, 0x80, 0x3F, 0x00, 0xFE,
    0x00, 0x1F, 0x00, 0x00, 0x00, 0x1F, 0x00, 0x00, 0x00, 0x0F, 0x00, 0x00, 0x00, 0x1F, 0x00, 0x00,
    0x00, 0x1E, 0x00, 0x00, 0x00, 0x1E, 0x00, 0x00, 0x00, 0x1C, 0x00, 0x00, 0x00, 0x00, 0x00, 0x00,
    0x00, 0x00, 0x00, 0x00, 0x00, 0x00, 0x00, 0x00, 0x00, 0x00, 0x00, 0x00, 0x00, 0x00, 0x00, 0x00,
    0x00, 0x00, 0x00, 0x00, 0x00, 0x00, 0x00, 0x00, 0x00, 0x00, 0x00, 0x00, 0x00, 0x00, 0x00, 0x00,
    0x00, 0x00, 0x00, 0x00, 0x00, 0x00, 0x00, 0x00, 0x00, 0x00, 0x00, 0x00, 0x00, 0x00, 0x00, 0x00,
    0x00, 0x00, 0x00, 0x00, 0x00, 0x00, 0x00, 0x00, 0x07, 0x00, 0x0F, 0x80, 0x0F, 0x80, 0x0F, 0x80,
    0x07, 0x80, 0x07, 0x80, 0x07, 0x80, 0x0F, 0x80, 0x0F, 0x80, 0x0F, 0x80, 0x0F, 0x80, 0x0F, 0x00,
    0x0F, 0x00, 0x1F, 0x00, 0x0F, 0x00, 0x0E, 0x00, 0x00, 0x00, 0x00, 0x00, 0x00, 0x00, 0x00, 0x00,
    0x00, 0x00, 0x00, 0x00, 0x00, 0x00, 0x00, 0x00, 0x00, 0x00, 0x00, 0x00, 0x00, 0x00, 0x00, 0x00,
    0x00, 0x00, 0x00, 0x00, 0x00, 0x00, 0x00, 0x00, 0x00, 0x00, 0x00, 0x00, 0x00, 0x00, 0x00, 0x00,
    0x00, 0x00, 0x00, 0x00, 0x00, 0x00, 0x00, 0x00, 0x00, 0x00, 0x00, 0x00, 0x00, 0x00, 0x00, 0x00,
    0x00, 0x00, 0x00, 0x00, 0x00, 0x00, 0x00, 0x00, 0x00, 0x00, 0x00, 0x00, 0x00, 0x00, 0x00, 0x00,
    0x00, 0x00, 0x00, 0x00, 0x00, 0x00, 0x00, 0x00, 0x00, 0x00, 0x00, 0x00, 0x00, 0x00, 0x00, 0x00,
    0x00, 0x00, 0x00, 0x00, 0x00, 0x00, 0x00, 0x00, 0xF0, 0x00, 0x01, 0xF0, 0x00, 0x03, 0xF0, 0x00,
    0x03, 0xE0, 0x00, 0x07, 0xE0, 0x00, 0x0F, 0xC0, 0x00, 0x0F, 0x80, 0x00, 0x1F, 0x00, 0x00, 0x3F,
    0x00, 0x00, 0x3E, 0x00, 0x00, 0x7E, 0x00, 0x00, 0x7C, 0x00, 0x00, 0xF8, 0x00, 0x00, 0xF8, 0x00,
    0x00, 0xF0, 0x00, 0x01, 0xF0, 0x00, 0x01, 0xF0, 0x00, 0x03, 0xE0, 0x00, 0x03, 0xE0, 0x00, 0x03,
    0xC0, 0x00, 0x07, 0xC0, 0x00, 0x07, 0xC0, 0x00, 0x07, 0xC0, 0x00, 0x07, 0x80, 0x00, 0x07, 0x80,
    0x00, 0x0F, 0x80, 0x00, 0x0F, 0x80, 0x00, 0x0F, 0x80, 0x00, 0x0F, 0x80, 0x00, 0x0F, 0x80, 0x00,
    0x0F, 0x00, 0x00, 0x0F, 0x00, 0x00, 0x0F, 0x00, 0x00, 0x0F, 0x00, 0x00, 0x0F, 0x80, 0x00, 0x0F,
    0x80, 0x00, 0x0F, 0x80, 0x00, 0x0F, 0x80, 0x00, 0x07, 0x80, 0x00, 0x07, 0x80, 0x00, 0x07, 0xC0,
    0x00, 0x07, 0xC0, 0x00, 0x03, 0xE0, 0x00, 0x03, 0xE0, 0x00, 0x03, 0xF0, 0x00, 0x01, 0xF8, 0x00,
    0x00, 0xF8, 0x00, 0x00, 0xFE, 0x00, 0x00, 0x7F, 0x00, 0x00, 0x3F, 0xC0, 0x00, 0x1F, 0xF0, 0x00,
    0x0F, 0xF0, 0x00, 0x03, 0xF0, 0x00, 0x00, 0xF0, 0x00, 0x00, 0x00, 0x00, 0x00, 0x00, 0x00, 0x00,
    0x00, 0x00, 0x00, 0x00, 0x00, 0x00, 0x00, 0x00, 0x00, 0x00, 0x00, 0x00, 0x00, 0x00, 0x00, 0x00,
    0x00, 0x00, 0x00, 0x00, 0x00, 0x00, 0x00, 0x00, 0x00, 0x00, 0x00, 0x00, 0x10, 0x00, 0x00, 0x3C,
    0x00, 0x00, 0x7E, 0x00, 0x00, 0x3F, 0x00, 0x00, 0x3F, 0x80, 0x00, 0x0F, 0xC0, 0x00, 0x07, 0xE0,
    0x00, 0x03, 0xF0, 0x00, 0x01, 0xF0, 0x00, 0x01, 0xF8, 0x00, 0x00, 0xF8, 0x00, 0x00, 0x7C, 0x00,
    0x00, 0x7C, 0x00, 0x00, 0x3E, 0x00, 0x00, 0x3E, 0x00, 0x00, 0x1E, 0x00, 0x00, 0x1F, 0x00, 0x00,
    0x1F, 0x00, 0x00, 0x0F, 0x00, 0x00, 0x0F, 0x00, 0x00, 0x0F, 0x80, 0x00, 0x0F, 0x80, 0x00, 0x0F,
    0x80, 0x00, 0x07, 0x80, 0x00, 0x07, 0x80, 0x00, 0x07, 0x80, 0x00, 0x07, 0x80, 0x00, 0x07, 0x80,
    0x00, 0x07, 0x80, 0x00, 0x07, 0x80, 0x00, 0x07, 0x80, 0x00, 0x07, 0x80, 0x00, 0x07, 0x80, 0x00,
    0x07, 0x80, 0x00, 0x0F, 0x80, 0x00, 0x0F, 0x80, 0x00, 0x0F, 0x80, 0x00, 0x0F, 0x00, 0x00, 0x1F,
    0x00, 0x00, 0x1F, 0x00, 0x00, 0x1E, 0x00, 0x00, 0x3E, 0x00, 0x00, 0x3E, 0x00, 0x00, 0x7C, 0x00,
    0x00, 0xFC, 0x00, 0x00, 0xF8, 0x00, 0x01, 0xF8, 0x00, 0x03, 0xF0, 0x00, 0x07, 0xE0, 0x00, 0x0F,
    0xE0, 0x00, 0x1F, 0xC0, 0x00, 0x3F, 0x80, 0x00, 0x3F, 0x00, 0x00, 0x3E, 0x00, 0x00, 0x18, 0x00,
    0x00, 0x00, 0x00, 0x00, 0x00, 0x00, 0x00, 0x00, 0x00, 0x00, 0x00, 0x00, 0x00, 0x00, 0x00, 0x00,
    0x00, 0x00, 0x00, 0x00, 0x00, 0x00, 0x00, 0x00, 0x00, 0x00, 0x00, 0x00, 0x00, 0x00, 0x00, 0x00,
    0x00, 0x00, 0x00, 0x00, 0x00, 0x00, 0x00, 0x00, 0x00, 0x00, 0x00, 0x00, 0x00, 0x00, 0x00, 0x30,
    0x00, 0x00, 0x78, 0x00, 0x00, 0x7C, 0x00, 0x00, 0x3C, 0x00, 0x00, 0x3E, 0x18, 0x30, 0x3E, 0x3C,
    0x3C, 0x1E, 0x7C, 0x3F, 0x1E, 0xF8, 0x3F, 0xDF, 0xF8, 0x1F, 0xFF, 0xF0, 0x07, 0xFF, 0xC0, 0x01,
    0xFF, 0x80, 0x00, 0x7F, 0x80, 0x00, 0xFF, 0xE0, 0x01, 0xFF, 0xF0, 0x07, 0xFF, 0xFC, 0x0F, 0xDE,
    0xFC, 0x0F, 0x9E, 0x3C, 0x1F, 0x1E, 0x1C, 0x1E, 0x1E, 0x00, 0x0C, 0x1F, 0x00, 0x00, 0x1F, 0x00,
    0x00, 0x1F, 0x00, 0x00, 0x1F, 0x00, 0x00, 0x0F, 0x00, 0x00, 0x04, 0x00, 0x00, 0x00, 0x00, 0x00,
    0x00, 0x00, 0x00, 0x00, 0x00, 0x00, 0x00, 0x00, 0x00, 0x00, 0x00, 0x00, 0x00, 0x00, 0x00, 0x00,
    0x00, 0x00, 0x00, 0x00, 0x00, 0x00, 0x00, 0x00, 0x00, 0x00, 0x00, 0x00, 0x00, 0x00, 0x00, 0x00,
    0x00, 0x00, 0x00, 0x00, 0x00, 0x00, 0x00, 0x00, 0x00, 0x00, 0x00, 0x00, 0x00, 0x00, 0x00, 0x00,
    0x00, 0x00, 0x00, 0x00, 0x00, 0x00, 0x00, 0x00, 0x00, 0x00, 0x00, 0x00, 0x00, 0x00, 0x00, 0x00,
    0x00, 0x00, 0x00, 0x00, 0x00, 0x00, 0x00, 0x00, 0x00, 0x00, 0x00, 0x00, 0x00, 0x00, 0x00, 0x00,
    0x00, 0x00, 0x00, 0x00, 0x00, 0x00, 0x00, 0x00, 0x00, 0x00, 0x00, 0x00, 0x00, 0x00, 0x00, 0x00,
    0x00, 0x00, 0x00, 0x00, 0x00, 0x00, 0x00, 0x00, 0x00, 0x00, 0x00, 0x00, 0x00, 0x00, 0x00, 0x00,
    0x00, 0x00, 0x00, 0x00, 0x00, 0x00, 0x00, 0x00, 0x00, 0x00, 0x00, 0x00, 0x00, 0x00, 0x00, 0x00,
    0x00, 0x00, 0x00, 0x00, 0x00, 0x00, 0x00, 0x00, 0x00, 0x00, 0x00, 0x00, 0x00, 0x00, 0x00, 0x00,
    0x00, 0x00, 0x00, 0x00, 0x00, 0x00, 0x00, 0x00, 0x00, 0x00, 0x00, 0x00, 0x00, 0x00, 0x00, 0x00,
    0x00, 0x00, 0x00, 0x00, 0x00, 0x00, 0x00, 0x00, 0x00, 0x00, 0x00, 0x00, 0x00, 0x00, 0x00, 0x00,
    0x00, 0x00, 0x00, 0x00, 0x00, 0x00, 0x00, 0x00, 0x00, 0x00, 0x01, 0xE0, 0x00, 0x00, 0x00, 0x01,
    0xE0, 0x00, 0x00, 0x00, 0x01, 0xE0, 0x00, 0x00, 0x00, 0x01, 0xE0, 0x00, 0x00, 0x00, 0x01, 0xE0,
    0x00, 0x00, 0x00, 0x01, 0xE0, 0x00, 0x00, 0x00, 0x01, 0xE0, 0x00, 0x00, 0x00, 0x01, 0xE0, 0x00,
    0x00, 0x00, 0x01, 0xE0, 0x00, 0x00, 0x00, 0x01, 0xE0, 0x00, 0x00, 0x00, 0x01, 0xE0, 0x00, 0x00,
    0x00, 0x01, 0xFF, 0xF8, 0x00, 0x00, 0x7F, 0xFF, 0xFC, 0x00, 0x07, 0xFF, 0xFF, 0xFC, 0x00, 0x0F,
    0xFF, 0xFF, 0xFC, 0x00, 0x0F, 0xFF, 0xF0, 0x00, 0x00, 0x0F, 0xF9, 0xE0, 0x00, 0x00, 0x06, 0x01,
    0xE0, 0x00, 0x00, 0x00, 0x01, 0xE0, 0x00, 0x00, 0x00, 0x01, 0xE0, 0x00, 0x00, 0x00, 0x01, 0xE0,
    0x00, 0x00, 0x00, 0x01, 0xE0, 0x00, 0x00, 0x00, 0x01, 0xE0, 0x00, 0x00, 0x00, 0x01, 0xE0, 0x00,
    0x00, 0x00, 0x01, 0xE0, 0x00, 0x00, 0x00, 0x01, 0xE0, 0x00, 0x00, 0x00, 0x01, 0xE0, 0x00, 0x00,
    0x00, 0x00, 0xE0, 0x00, 0x00, 0x00, 0x00, 0x00, 0x00, 0x00, 0x00, 0x00, 0x00, 0x00, 0x00, 0x00,
    0x00, 0x00, 0x00, 0x00, 0x00, 0x00, 0x00, 0x00, 0x00, 0x00, 0x00, 0x00, 0x00, 0x00, 0x00, 0x00,
    0x00, 0x00, 0x00, 0x00, 0x00, 0x00, 0x00, 0x00, 0x00, 0x00, 0x00, 0x00, 0x00, 0x00, 0x00, 0x00,
    0x00, 0x00, 0x00, 0x00, 0x00, 0x00, 0x00, 0x00, 0x00, 0x00, 0x00, 0x00, 0x00, 0x00, 0x00, 0x00,
    0x00, 0x00, 0x00, 0x00, 0x00, 0x00, 0x00, 0x00, 0x00, 0x00, 0x00, 0x00, 0x00, 0x00, 0x00, 0x00,
    0x00, 0x00, 0x00, 0x00, 0x00, 0x00, 0x00, 0x00, 0x00, 0x00, 0x00, 0x00, 0x00, 0x00, 0x00, 0x00,
    0x00, 0x00, 0x00, 0x00, 0x00, 0x00, 0x00, 0x00, 0x00, 0x00, 0x00, 0x00, 0x00, 0x00, 0x00, 0x00,
    0x00, 0x00, 0x00, 0x00, 0x00, 0x00, 0x00, 0x00, 0x00, 0x00, 0x00, 0x00, 0x00, 0x00, 0x00, 0x00,
    0x00, 0x00, 0x00, 0x00, 0x00, 0x00, 0x00, 0x00, 0x00, 0x00, 0x00, 0x00, 0x00, 0x00, 0x00, 0x00,
    0x00, 0x00, 0x00, 0x00, 0x00, 0x00, 0x00, 0x00, 0x00, 0x00, 0x00, 0x00, 0x00, 0x00, 0x00, 0x00,
    0x00, 0x00, 0x00, 0x00, 0x00, 0x00, 0x00, 0x00, 0x00, 0x00, 0x00, 0x00, 0x00, 0x00, 0x00, 0x00,
    0x00, 0x00, 0x0F, 0x00, 0x0F, 0x80, 0x0F, 0x80, 0x0F, 0x80, 0x0F, 0x80, 0x0F, 0x80, 0x0F, 0x80,
    0x1F, 0x00, 0x1F, 0x00, 0x1F, 0x00, 0x3F, 0x00, 0x3E, 0x00, 0x3E, 0x00, 0x7C, 0x00, 0x78, 0x00,
    0x70, 0x00, 0x00, 0x00, 0x00, 0x00, 0x00, 0x00, 0x00, 0x00, 0x00, 0x00, 0x00, 0x00, 0x00, 0x00,
    0x00, 0x00, 0x00, 0x00, 0x00, 0x00, 0x00, 0x00, 0x00, 0x00, 0x00, 0x00, 0x00, 0x00, 0x00, 0x00,
    0x00, 0x00, 0x00, 0x00, 0x00, 0x00, 0x00, 0x00, 0x00, 0x00, 0x00, 0x00, 0x00, 0x00, 0x00, 0x00,
    0x00, 0x00, 0x00, 0x00, 0x00, 0x00, 0x00, 0x00, 0x00, 0x00, 0x00, 0x00, 0x00, 0x00, 0x00, 0x00,
    0x00, 0x00, 0x00, 0x00, 0x00, 0x00, 0x00, 0x00, 0x00, 0x00, 0x00, 0x00, 0x00, 0x00, 0x00, 0x00,
    0x00, 0x00, 0x00, 0x00, 0x00, 0x00, 0x00, 0x00, 0x00, 0x00, 0x00, 0x00, 0x00, 0x00, 0x00, 0x00,
    0x00, 0x00, 0x00, 0x00, 0x00, 0x00, 0x00, 0x00, 0x00, 0x00, 0x00, 0x00, 0x00, 0x00, 0x00, 0x00,
    0x00, 0x00, 0x00, 0x00, 0x00, 0x00, 0x00, 0x00, 0x00, 0x00, 0x00, 0x00, 0x00, 0x00, 0x00, 0x00,
    0x00, 0x00, 0x00, 0x00, 0x00, 0x00, 0x00, 0x00, 0x00, 0x00, 0x00, 0x00, 0x00, 0x00, 0x00, 0x00,
    0x00, 0x00, 0x00, 0x00, 0x00, 0x00, 0x00, 0x00, 0x00, 0x00, 0x00, 0x7F, 0xF0, 0x00, 0x0F, 0xFF,
    0xFC, 0x00, 0x1F, 0xFF, 0xFC, 0x00, 0x1F, 0xFF, 0xF8, 0x00, 0x0F, 0xE0, 0x00, 0x00, 0x00, 0x00,
    0x00, 0x00, 0x00, 0x00, 0x00, 0x00, 0x00, 0x00, 0x00, 0x00, 0x00, 0x00, 0x00, 0x00, 0x00, 0x00,
    0x00, 0x00, 0x00, 0x00, 0x00, 0x00, 0x00, 0x00, 0x00, 0x00, 0x00, 0x00, 0x00, 0x00, 0x00, 0x00,
    0x00, 0x00, 0x00, 0x00, 0x00, 0x00, 0x00, 0x00, 0x00, 0x00, 0x00, 0x00, 0x00, 0x00, 0x00, 0x00,
    0x00, 0x00, 0x00, 0x00, 0x00, 0x00, 0x00, 0x00, 0x00, 0x00, 0x00, 0x00, 0x00, 0x00, 0x00, 0x00,
    0x00, 0x00, 0x00, 0x00, 0x00, 0x00, 0x00, 0x00, 0x00, 0x00, 0x00, 0x00, 0x00, 0x00, 0x00, 0x00,
    0x00, 0x00, 0x00, 0x00, 0x00, 0x00, 0x00, 0x00, 0x00, 0x00, 0x00, 0x00, 0x00, 0x00, 0x00, 0x00,
    0x00, 0x00, 0x00, 0x00, 0x00, 0x00, 0x00, 0x00, 0x00, 0x00, 0x00, 0x00, 0x00, 0x00, 0x00, 0x00,
    0x00, 0x00, 0x00, 0x00, 0x00, 0x00, 0x00, 0x00, 0x00, 0x00, 0x00, 0x00, 0x00, 0x00, 0x00, 0x00,
    0x00, 0x00, 0x00, 0x00, 0x00, 0x00, 0x00, 0x00, 0x00, 0x00, 0x00, 0x00, 0x00, 0x00, 0x00, 0x00,
    0x00, 0x00, 0x00, 0x00, 0x00, 0x00, 0x00, 0x00, 0x00, 0x00, 0x00, 0x00, 0x00, 0x00, 0x00, 0x00,
    0x00, 0x00, 0x00, 0x00, 0x00, 0x00, 0x00, 0x00, 0x00, 0x00, 0x00, 0x00, 0x00, 0x00, 0x00, 0x00,
    0x00, 0x00, 0x00, 0x00, 0x00, 0x00, 0x00, 0x00, 0x00, 0x00, 0x00, 0x00, 0x00, 0x00, 0x00, 0x00,
    0x0F, 0x00, 0x1F, 0x80, 0x1F, 0xC0, 0x1F, 0xC0, 0x1F, 0xC0, 0x0F, 0xC0, 0x07, 0x80, 0x00, 0x00,
    0x00, 0x00, 0x00, 0x00, 0x00, 0x00, 0x00, 0x00, 0x00, 0x00, 0x00, 0x00, 0x00, 0x00, 0x00, 0x00,
    0x00, 0x00, 0x00, 0x00, 0x00, 0x00, 0x00, 0x00, 0x00, 0x00, 0x00, 0x00, 0x00, 0x00, 0x00, 0x00,
    0x00, 0x00, 0x00, 0x00, 0x00, 0x00, 0x00, 0x00, 0x00, 0x00, 0x00, 0x00, 0x00, 0x00, 0x00, 0x00,
    0x00, 0x00, 0x00, 0x00, 0x00, 0x00, 0x00, 0x00, 0x00, 0x00, 0x70, 0x00, 0x00, 0x78, 0x00, 0x00,
    0xF8, 0x00, 0x01, 0xF8, 0x00, 0x01, 0xF8, 0x00, 0x03, 0xF0, 0x00, 0x03, 0xE0, 0x00, 0x07, 0xE0,
    0x00, 0x07, 0xC0, 0x00, 0x0F, 0xC0, 0x00, 0x0F, 0x80, 0x00, 0x1F, 0x80, 0x00, 0x1F, 0x00, 0x00,
    0x3F, 0x00, 0x00, 0x3E, 0x00, 0x00, 0x3E, 0x00, 0x00, 0x7E, 0x00, 0x00, 0x7C, 0x00, 0x00, 0xFC,
    0x00, 0x00, 0xF8, 0x00, 0x00, 0xF8, 0x00, 0x01, 0xF8, 0x00, 0x01, 0xF0, 0x00, 0x01, 0xF0, 0x00,
    0x03, 0xE0, 0x00, 0x03, 0xE0, 0x00, 0x03, 0xE0, 0x00, 0x07, 0xC0, 0x00, 0x07, 0xC0, 0x00, 0x07,
    0xC0, 0x00, 0x0F, 0xC0, 0x00, 0x0F, 0x80, 0x00, 0x0F, 0x80, 0x00, 0x0F, 0x80, 0x00, 0x1F, 0x00,
    0x00, 0x1F, 0x00, 0x00, 0x1F, 0x00, 0x00, 0x1F, 0x00, 0x00, 0x3F, 0x00, 0x00, 0x3E, 0x00, 0x00,
    0x3E, 0x00, 0x00, 0x3E, 0x00, 0x00, 0x3E, 0x00, 0x00, 0x7C, 0x00, 0x00, 0x7C, 0x00, 0x00, 0x7C,
    0x00, 0x00, 0x7C, 0x00, 0x00, 0x7C, 0x00, 0x00, 0xF8, 0x00, 0x00, 0x78, 0x00, 0x00, 0x78, 0x00,
    0x00, 0x00, 0x00, 0x00, 0x00, 0x00, 0x00, 0x00, 0x00, 0x00, 0x00, 0x00, 0x00, 0x00, 0x00, 0x00,
    0x00, 0x00, 0x00, 0x00, 0x00, 0x00, 0x00, 0x00, 0x00, 0x00, 0x00, 0x00, 0x00, 0x00, 0x00, 0x00,
    0x00, 0x00, 0x00, 0x00, 0x00, 0x00, 0x00, 0x00, 0x00, 0x00, 0x00, 0x00, 0x00, 0x00, 0x00, 0x00,
    0x00, 0x00, 0x00, 0x00, 0x00, 0x00, 0x00, 0x00, 0x00, 0x00, 0x00, 0x00, 0x00, 0x00, 0x00, 0x00,
    0x00, 0x00, 0x00, 0x00, 0x00, 0x00, 0x00, 0x00, 0x00, 0x00, 0x00, 0x00, 0x00, 0x00, 0x00, 0x00,
    0x00, 0x00, 0x00, 0x00, 0x00, 0x00, 0x00, 0x00, 0xFF, 0x00, 0x00, 0x00, 0x07, 0xFF, 0xC0, 0x00,
    0x00, 0x1F, 0xFF, 0xE0, 0x00, 0x00, 0x3F, 0xFF, 0xF0, 0x00, 0x00, 0x7F, 0x83, 0xF8, 0x00, 0x00,
    0xFE, 0x00, 0xF8, 0x00, 0x01, 0xFE, 0x00, 0x7C, 0x00, 0x01, 0xFC, 0x00, 0x7C, 0x00, 0x03, 0xF8,
    0x00, 0x3C, 0x00, 0x03, 0xF0, 0x00, 0x3E, 0x00, 0x03, 0xF0, 0x00, 0x3E, 0x00, 0x03, 0xE0, 0x00,
    0x3E, 0x00, 0x03, 0xC0, 0x00, 0x3E, 0x00, 0x07, 0xC0, 0x00, 0x1E, 0x00, 0x07, 0xC0, 0x00, 0x1E,
    0x00, 0x07, 0x80, 0x00, 0x1E, 0x00, 0x0F, 0x80, 0x00, 0x3E, 0x00, 0x0F, 0x80, 0x00, 0x3E, 0x00,
    0x0F, 0x80, 0x00, 0x3E, 0x00, 0x0F, 0x80, 0x00, 0x3E, 0x00, 0x0F, 0x00, 0x00, 0x3C, 0x00, 0x0F,
    0x00, 0x00, 0x3C, 0x00, 0x0F, 0x00, 0x00, 0x7C, 0x00, 0x0F, 0x80, 0x00, 0x7C, 0x00, 0x0F, 0x80,
    0x00, 0x78, 0x00, 0x0F, 0x80, 0x00, 0xF8, 0x00, 0x07, 0x80, 0x01, 0xF0, 0x00, 0x07, 0xC0, 0x01,
    0xF0, 0x00, 0x07, 0xC0, 0x03, 0xE0, 0x00, 0x03, 0xE0, 0x0F, 0xC0, 0x00, 0x03, 0xF8, 0x3F, 0xC0,
    0x00, 0x01, 0xFF, 0xFF, 0x80, 0x00, 0x00, 0xFF, 0xFE, 0x00, 0x00, 0x00, 0x3F, 0xFC, 0x00, 0x00,
    0x00, 0x0F, 0xE0, 0x00, 0x00, 0x00, 0x00, 0x00, 0x00, 0x00, 0x00, 0x00, 0x00, 0x00, 0x00, 0x00,
    0x00, 0x00, 0x00, 0x00, 0x00, 0x00, 0x00, 0x00, 0x00, 0x00, 0x00, 0x00, 0x00, 0x00, 0x00, 0x00,
    0x00, 0x00, 0x00, 0x00, 0x00, 0x00, 0x00, 0x00, 0x00, 0x00, 0x00, 0x00, 0x00, 0x00, 0x00, 0x00,
    0x00, 0x00, 0x00, 0x00, 0x00, 0x00, 0x00, 0x00, 0x00, 0x00, 0x00, 0x00, 0x00, 0x00, 0x00, 0x00,
    0x00, 0x00, 0x00, 0x00, 0x00, 0x00, 0x00, 0x00, 0x00, 0x00, 0x00, 0x00, 0x00, 0x00, 0x00, 0x00,
    0x00, 0x00, 0x00, 0x00, 0x00, 0x00, 0x00, 0x00, 0x00, 0x00, 0x00, 0x00, 0x00, 0x00, 0x00, 0x00,
    0x00, 0x00, 0x00, 0x00, 0x00, 0x00, 0x00, 0x00, 0x00, 0x00, 0x00, 0x00, 0x00, 0x00, 0x00, 0x00,
    0x00, 0x00, 0x00, 0x00, 0x00, 0x00, 0x00, 0x00, 0x00, 0x00, 0x00, 0x00, 0x00, 0x00, 0x00, 0x00,
    0x00, 0x00, 0x00, 0x00, 0x00, 0x04, 0x00, 0x00, 0x1F, 0x00, 0x00, 0x3F, 0x00, 0x00, 0xFF, 0x00,
    0x03, 0xFF, 0x00, 0x1F, 0xFF, 0x00, 0x1F, 0xFF, 0x00, 0x1F, 0xDF, 0x00, 0x0F, 0x1F, 0x00, 0x00,
    0x1E, 0x00, 0x00, 0x1E, 0x00, 0x00, 0x1E, 0x00, 0x00, 0x1E, 0x00, 0x00, 0x1E, 0x00, 0x00, 0x3E,
    0x00, 0x00, 0x3E, 0x00, 0x00, 0x3E, 0x00, 0x00, 0x3E, 0x00, 0x00, 0x3E, 0x00, 0x00, 0x3C, 0x00,
    0x00, 0x3C, 0x00, 0x00, 0x3C, 0x00, 0x00, 0x3C, 0x00, 0x00, 0x3C, 0x00, 0x00, 0x3C, 0x00, 0x00,
    0x3C, 0x00, 0x00, 0x3C, 0x00, 0x00, 0x3C, 0x00, 0x00, 0x3C, 0x00, 0x00, 0x3C, 0x00, 0x00, 0x3C,
    0x00, 0x00, 0x3C, 0x00, 0x00, 0x3C, 0x00, 0x00, 0x3C, 0x00, 0x00, 0x1C, 0x00, 0x00, 0x00, 0x00,
    0x00, 0x00, 0x00, 0x00, 0x00, 0x00, 0x00, 0x00, 0x00, 0x00, 0x00, 0x00, 0x00, 0x00, 0x00, 0x00,
    0x00, 0x00, 0x00, 0x00, 0x00, 0x00, 0x00, 0x00, 0x00, 0x00, 0x00, 0x00, 0x00, 0x00, 0x00, 0x00,
    0x00, 0x00, 0x00, 0x00, 0x00, 0x00, 0x00, 0x00, 0x00, 0x00, 0x00, 0x00, 0x00, 0x00, 0x00, 0x00,
    0x00, 0x00, 0x00, 0x00, 0x00, 0x00, 0x00, 0x00, 0x00, 0x00, 0x00, 0x00, 0x00, 0x00, 0x00, 0x00,
    0x00, 0x00, 0x00, 0x00, 0x00, 0x00, 0x00, 0x00, 0x00, 0x00, 0x00, 0x00, 0x00, 0x00, 0x00, 0x00,
    0x00, 0x00, 0x00, 0x00, 0x00, 0x00, 0x00, 0x00, 0x00, 0x00, 0x00, 0x00, 0x00, 0x00, 0x00, 0x00,
    0x00, 0x00, 0x00, 0x00, 0x00, 0x00, 0x00, 0x00, 0x00, 0x00, 0x00, 0x00, 0x00, 0x00, 0x00, 0x00,
    0x00, 0x00, 0x01, 0xFE, 0x00, 0x00, 0x00, 0x0F, 0xFF, 0xC0, 0x00, 0x00, 0x3F, 0xFF, 0xE0, 0x00,
    0x00, 0xFF, 0xFF, 0xF0, 0x00, 0x01, 0xFF, 0x03, 0xF0, 0x00, 0x03, 0xF8, 0x01, 0xF8, 0x00, 0x03,
    0xE0, 0x00, 0xF8, 0x00, 0x03, 0xC0, 0x00, 0x78, 0x00, 0x00, 0x00, 0x00, 0x78, 0x00, 0x00, 0x00,
    0x00, 0x78, 0x00, 0x00, 0x00, 0x00, 0x78, 0x00, 0x00, 0x00, 0x00, 0x78, 0x00, 0x00, 0x00, 0x00,
    0x78, 0x00, 0x00, 0x00, 0x00, 0xF8, 0x00, 0x00, 0x00, 0x00, 0xF8, 0x00, 0x00, 0x00, 0x01, 0xF0,
    0x00, 0x00, 0x00, 0x01, 0xF0, 0x00, 0x00, 0x00, 0x03, 0xE0, 0x00, 0x00, 0x00, 0x07, 0xE0, 0x00,
    0x00, 0x00, 0x07, 0xC0, 0x00, 0x00, 0x00, 0x0F, 0xC0, 0x00, 0x00, 0x00, 0x1F, 0x80, 0x00, 0x00,
    0x00, 0x3F, 0x00, 0x00, 0x00, 0x00, 0x7E, 0x00, 0x00, 0x00, 0x01, 0xFC, 0x00, 0x00, 0x00, 0x03,
    0xF8, 0x00, 0x00, 0x00, 0x07, 0xF0, 0x00, 0x00, 0x00, 0x1F, 0xE0, 0x00, 0x00, 0x00, 0x3F, 0xC0,
    0x00, 0x00, 0x00, 0x7F, 0x00, 0x00, 0x00, 0x01, 0xFE, 0x00, 0x00, 0x00, 0x03, 0xF8, 0x00, 0x00,
    0x00, 0x07, 0xF0, 0x03, 0xFC, 0x00, 0x07, 0xFF, 0xFF, 0xFE, 0x00, 0x07, 0xFF, 0xFF, 0xFF, 0x00,
    0x03, 0xFF, 0xFF, 0xFF, 0x00, 0x01, 0xFF, 0xFF, 0xFC, 0x00, 0x00, 0x00, 0x00, 0x00, 0x00, 0x00,
    0x00, 0x00, 0x00, 0x00, 0x00, 0x00, 0x00, 0x00, 0x00, 0x00, 0x00, 0x00, 0x00, 0x00, 0x00, 0x00,
    0x00, 0x00, 0x00, 0x00, 0x00, 0x00, 0x00, 0x00, 0x00, 0x00, 0x00, 0x00, 0x00, 0x00, 0x00, 0x00,
    0x00, 0x00, 0x00, 0x00, 0x00, 0x00, 0x00, 0x00, 0x00, 0x00, 0x00, 0x00, 0x00, 0x00, 0x00, 0x00,
    0x00, 0x00, 0x00, 0x00, 0x00, 0x00, 0x00, 0x00, 0x00, 0x00, 0x00, 0x00, 0x00, 0x00, 0x00, 0x00,
    0x00, 0x00, 0x00, 0x00, 0x00, 0x00, 0x00, 0x00, 0x00, 0x00, 0x00, 0x00, 0x00, 0x00, 0x00, 0x00,
    0x00, 0x00, 0x00, 0x00, 0x00, 0x00, 0x00, 0x00, 0x00, 0x00, 0x00, 0x00, 0x00, 0x00, 0x00, 0x00,
    0x00, 0x00, 0x00, 0x00, 0x00, 0x00, 0x00, 0x00, 0x00, 0x00, 0x00, 0x00, 0x00, 0x00, 0x00, 0x00,
    0x00, 0x00, 0x00, 0x00, 0x00, 0x00, 0x00, 0x00, 0x00, 0x00, 0x00, 0x00, 0x00, 0x00, 0x00, 0x00,
    0x00, 0x00, 0x00, 0x00, 0x00, 0x00, 0x00, 0x00, 0x00, 0x00, 0x00, 0x00, 0x03, 0xFE, 0x00, 0x00,
    0x00, 0x3F, 0xFF, 0x80, 0x00, 0x00, 0xFF, 0xFF, 0xC0, 0x00, 0x01, 0xFF, 0xFF, 0xE0, 0x00, 0x07,
    0xFC, 0x07, 0xF0, 0x00, 0x07, 0xE0, 0x01, 0xF0, 0x00, 0x07, 0xC0, 0x00, 0xF0, 0x00, 0x07, 0x00,
    0x00, 0xF0, 0x00, 0x00, 0x00, 0x00, 0xF0, 0x00, 0x00, 0x00, 0x00, 0xF0, 0x00, 0x00, 0x00, 0x00,
    0xF0, 0x00, 0x00, 0x00, 0x01, 0xF0, 0x00, 0x00, 0x00, 0x03, 0xF0, 0x00, 0x00, 0x00, 0x07, 0xE0,
    0x00, 0x00, 0x00, 0x1F, 0xC0, 0x00, 0x00, 0x00, 0xFF, 0x80, 0x00, 0x00, 0x07, 0xFF, 0x00, 0x00,
    0x00, 0x0F, 0xFC, 0x00, 0x00, 0x00, 0x0F, 0xFE, 0x00, 0x00, 0x00, 0x0F, 0xFF, 0xC0, 0x00, 0x00,
    0x07, 0xFF, 0xF0, 0x00, 0x00, 0x00, 0x07, 0xF8, 0x00, 0x00, 0x00, 0x00, 0xFC, 0x00, 0x00, 0x00,
    0x00, 0x7C, 0x00, 0x00, 0x00, 0x00, 0x3E, 0x00, 0x00, 0x00, 0x00, 0x3E, 0x00, 0x00, 0x00, 0x00,
    0x1E, 0x00, 0x00, 0x00, 0x00, 0x3E, 0x00, 0x00, 0x00, 0x00, 0x3E, 0x00, 0x00, 0x00, 0x00, 0x3E,
    0x00, 0x00, 0x00, 0x00, 0x7C, 0x00, 0x07, 0x00, 0x00, 0xFC, 0x00, 0x07, 0x80, 0x03, 0xF8, 0x00,
    0x07, 0xE0, 0x3F, 0xF0, 0x00, 0x07, 0xFF, 0xFF, 0xE0, 0x00, 0x03, 0xFF, 0xFF, 0xC0, 0x00, 0x01,
    0xFF, 0xFF, 0x00, 0x00, 0x00, 0x3F, 0xF0, 0x00, 0x00, 0x00, 0x00, 0x00, 0x00, 0x00, 0x00, 0x00,
    0x00, 0x00, 0x00, 0x00, 0x00, 0x00, 0x00, 0x00, 0x00, 0x00, 0x00, 0x00, 0x00, 0x00, 0x00, 0x00,
    0x00, 0x00, 0x00, 0x00, 0x00, 0x00, 0x00, 0x00, 0x00, 0x00, 0x00, 0x00, 0x00, 0x00, 0x00, 0x00,
    0x00, 0x00, 0x00, 0x00, 0x00, 0x00, 0x00, 0x00, 0x00, 0x00, 0x00, 0x00, 0x00, 0x00, 0x00, 0x00,
    0x00, 0x00, 0x00, 0x00, 0x00, 0x00, 0x00, 0x00, 0x00, 0x00, 0x00, 0x00, 0x00, 0x00, 0x00, 0x00,
    0x00, 0x00, 0x00, 0x00, 0x00, 0x00, 0x00, 0x00, 0x00, 0x00, 0x00, 0x00, 0x00, 0x00, 0x00, 0x00,
    0x00, 0x00, 0x00, 0x00, 0x00, 0x00, 0x00, 0x00, 0x00, 0x00, 0x00, 0x00, 0x00, 0x00, 0x00, 0x00,
    0x00, 0x00, 0x00, 0x00, 0x00, 0x00, 0x00, 0x00, 0x00, 0x00, 0x00, 0x00, 0x00, 0x00, 0x00, 0x00,
    0x00, 0x00, 0x00, 0x00, 0x00, 0x00, 0x00, 0x00, 0x00, 0x00, 0x00, 0x00, 0x00, 0x00, 0x00, 0x00,
    0x00, 0x00, 0x00, 0x00, 0x00, 0x00, 0x00, 0x00, 0x00, 0x00, 0x00, 0x00, 0x07, 0x80, 0x00, 0x00,
    0x00, 0x1F, 0xC0, 0x00, 0x00, 0x00, 0x3F, 0xE0, 0x00, 0x00, 0x00, 0xFF, 0xE0, 0x00, 0x00, 0x01,
    0xFF, 0xE0, 0x00, 0x00, 0x03, 0xF9, 0xE0, 0x00, 0x00, 0x07, 0xF1, 0xE0, 0x00, 0x00, 0x0F, 0xC1,
    0xE0, 0x00, 0x00, 0x1F, 0x81, 0xE0, 0x00, 0x00, 0x3F, 0x01, 0xE0, 0x00, 0x00, 0x3E, 0x01, 0xE0,
    0x00, 0x00, 0x7C, 0x01, 0xE0, 0x00, 0x00, 0xF8, 0x01, 0xE0, 0x00, 0x01, 0xF8, 0x01, 0xE0, 0x00,
    0x01, 0xF0, 0x01, 0xE0, 0x00, 0x03, 0xE0, 0x03, 0xE0, 0x00, 0x03, 0xE0, 0x03, 0xE0, 0x00, 0x07,
    0xC0, 0x03, 0xC0, 0x00, 0x07, 0xC0, 0x03, 0xC0, 0x00, 0x0F, 0x80, 0x03, 0xC0, 0x00, 0x0F, 0x80,
    0x03, 0xC0, 0x00, 0x1F, 0x00, 0x07, 0xFF, 0x00, 0x1F, 0x00, 0x3F, 0xFF, 0x80, 0x1E, 0x07, 0xFF,
    0xFF, 0x80, 0x1F, 0xFF, 0xFF, 0xFF, 0x80, 0x1F, 0xFF, 0xFF, 0xC0, 0x00, 0x0F, 0xFF, 0xE7, 0x80,
    0x00, 0x07, 0xFC, 0x07, 0x80, 0x00, 0x00, 0x00, 0x07, 0x80, 0x00, 0x00, 0x00, 0x07, 0x80, 0x00,
    0x00, 0x00, 0x07, 0x80, 0x00, 0x00, 0x00, 0x07, 0x80, 0x00, 0x00, 0x00, 0x07, 0x80, 0x00, 0x00,
    0x00, 0x07, 0x80, 0x00, 0x00, 0x00, 0x07, 0x80, 0x00, 0x00, 0x00, 0x07, 0xC0, 0x00, 0x00, 0x00,
    0x07, 0x80, 0x00, 0x00, 0x00, 0x03, 0x80, 0x00, 0x00, 0x00, 0x00, 0x00, 0x00, 0x00, 0x00, 0x00,
    0x00, 0x00, 0x00, 0x00, 0x00, 0x00, 0x00, 0x00, 0x00, 0x00, 0x00, 0x00, 0x00, 0x00, 0x00, 0x00,
    0x00, 0x00, 0x00, 0x00, 0x00, 0x00, 0x00, 0x00, 0x00, 0x00, 0x00, 0x00, 0x00, 0x00, 0x00, 0x00,
    0x00, 0x00, 0x00, 0x00, 0x00, 0x00, 0x00, 0x00, 0x00, 0x00, 0x00, 0x00, 0x00, 0x00, 0x00, 0x00,
    0x00, 0x00, 0x00, 0x00, 0x00, 0x00, 0x00, 0x00, 0x00, 0x00, 0x00, 0x00, 0x00, 0x00, 0x00, 0x00,
    0x00, 0x00, 0x00, 0x00, 0x00, 0x00, 0x00, 0x00, 0x00, 0x00, 0x00, 0x00, 0x00, 0x00, 0x00, 0x00,
    0x00, 0x00, 0x00, 0x00, 0x00, 0x00, 0x00, 0x00, 0x00, 0x00, 0x00, 0x00, 0x00, 0x00, 0x00, 0x00,
    0x00, 0x00, 0x00, 0x00, 0x00, 0x00, 0x00, 0x00, 0x00, 0x00, 0x00, 0x00, 0x00, 0x00, 0x00, 0x00,
    0x00, 0x00, 0x00, 0x00, 0x00, 0x00, 0x00, 0x00, 0x00, 0x00, 0x00, 0x00, 0xFF, 0x80, 0x03, 0xFF,
    0xFF, 0xC0, 0x07, 0xFF, 0xFF, 0xC0, 0x07, 0xFF, 0xFF, 0xC0, 0x0F, 0xFF, 0x00, 0x00, 0x0F, 0x80,
    0x00, 0x00, 0x0F, 0x00, 0x00, 0x00, 0x0F, 0x00, 0x00, 0x00, 0x1F, 0x00, 0x00, 0x00, 0x1F, 0x00,
    0x00, 0x00, 0x1F, 0x00, 0x00, 0x00, 0x1E, 0x00, 0x00, 0x00, 0x1F, 0x00, 0x00, 0x00, 0x1F, 0x80,
    0x00, 0x00, 0x1F, 0xF0, 0x00, 0x00, 0x0F, 0xFF, 0x00, 0x00, 0x0F, 0xFF, 0xF0, 0x00, 0x03, 0xFF,
    0xFE, 0x00, 0x00, 0x7F, 0xFF, 0x00, 0x00, 0x07, 0xFF, 0x80, 0x00, 0x00, 0x7F, 0xC0, 0x00, 0x00,
    0x0F, 0xE0, 0x00, 0x00, 0x07, 0xE0, 0x00, 0x00, 0x03, 0xE0, 0x00, 0x00, 0x01, 0xE0, 0x00, 0x00,
    0x01, 0xE0, 0x00, 0x00, 0x03, 0xE0, 0x00, 0x00, 0x03, 0xE0, 0x00, 0x00, 0x03, 0xC0, 0x00, 0x00,
    0x07, 0xC0, 0x00, 0x00, 0x0F, 0x80, 0x18, 0x00, 0x1F, 0x80, 0x1C, 0x00, 0x7F, 0x00, 0x3E, 0x07,
    0xFE, 0x00, 0x1F, 0xFF, 0xFC, 0x00, 0x1F, 0xFF, 0xF0, 0x00, 0x0F, 0xFF, 0xC0, 0x00, 0x03, 0xFE,
    0x00, 0x00, 0x00, 0x00, 0x00, 0x00, 0x00, 0x00, 0x00, 0x00, 0x00, 0x00, 0x00, 0x00, 0x00, 0x00,
    0x00, 0x00, 0x00, 0x00, 0x00, 0x00, 0x00, 0x00, 0x00, 0x00, 0x00, 0x00, 0x00, 0x00, 0x00, 0x00,
    0x00, 0x00, 0x00, 0x00, 0x00, 0x00, 0x00, 0x00, 0x00, 0x00, 0x00, 0x00, 0x00, 0x00, 0x00, 0x00,
    0x00, 0x00, 0x00, 0x00, 0x00, 0x00, 0x00, 0x00, 0x00, 0x00, 0x00, 0x00, 0x00, 0x00, 0x00, 0x00,
    0x00, 0x00, 0x00, 0x00, 0x00, 0x00, 0x00, 0x00, 0x00, 0x00, 0x00, 0x00, 0x00, 0x00, 0x00, 0x00,
    0x00, 0x00, 0x00, 0x00, 0x00, 0x00, 0x00, 0x00, 0x00, 0x00, 0x00, 0x00, 0x00, 0x00, 0x00, 0x00,
    0x00, 0x00, 0x00, 0x00, 0x00, 0x00, 0x00, 0x00, 0x00, 0x00, 0x00, 0x00, 0x00, 0x00, 0x00, 0x00,
    0x00, 0x00, 0x00, 0x00, 0x00, 0x00, 0x00, 0x00, 0x00, 0x00, 0x00, 0x00, 0x00, 0x00, 0x07, 0x00,
    0x00, 0x00, 0x00, 0x1F, 0x00, 0x00, 0x00, 0x00, 0x3F, 0x00, 0x00, 0x00, 0x00, 0x7F, 0x00, 0x00,
    0x00, 0x00, 0xFE, 0x00, 0x00, 0x00, 0x03, 0xF8, 0x00, 0x00, 0x00, 0x07, 0xF0, 0x00, 0x00, 0x00,
    0x0F, 0xE0, 0x00, 0x00, 0x00, 0x1F, 0xC0, 0x00, 0x00, 0x00, 0x1F, 0x80, 0x00, 0x00, 0x00, 0x3F,
    0x00, 0x00, 0x00, 0x00, 0x7E, 0x00, 0x00, 0x00, 0x00, 0xFC, 0x00, 0x00, 0x00, 0x00, 0xF8, 0x00,
    0x00, 0x00, 0x01, 0xF0, 0x00, 0x00, 0x00, 0x01, 0xF0, 0x00, 0x00, 0x00, 0x03, 0xE0, 0x00, 0x00,
    0x00, 0x03, 0xE3, 0xFF, 0x80, 0x00, 0x07, 0xDF, 0xFF, 0xE0, 0x00, 0x07, 0xFF, 0xFF, 0xF0, 0x00,
    0x07, 0xFF, 0xFF, 0xF8, 0x00, 0x0F, 0xFC, 0x01, 0xFC, 0x00, 0x0F, 0xE0, 0x00, 0x7C, 0x00, 0x0F,
    0x80, 0x00, 0x3E, 0x00, 0x0F, 0x00, 0x00, 0x3E, 0x00, 0x0F, 0x00, 0x00, 0x1E, 0x00, 0x0F, 0x00,
    0x00, 0x1E, 0x00, 0x0F, 0x80, 0x00, 0x1E, 0x00, 0x0F, 0x80, 0x00, 0x1E, 0x00, 0x0F, 0x80, 0x00,
    0x3E, 0x00, 0x07, 0xC0, 0x00, 0x3E, 0x00, 0x07, 0xE0, 0x00, 0x7C, 0x00, 0x03, 0xF0, 0x00, 0xFC,
    0x00, 0x03, 0xFE, 0x07, 0xF8, 0x00, 0x01, 0xFF, 0xFF, 0xF0, 0x00, 0x00, 0xFF, 0xFF, 0xE0, 0x00,
    0x00, 0x3F, 0xFF, 0x80, 0x00, 0x00, 0x07, 0xFC, 0x00, 0x00, 0x00, 0x00, 0x00, 0x00, 0x00, 0x00,
    0x00, 0x00, 0x00, 0x00, 0x00, 0x00, 0x00, 0x00, 0x00, 0x00, 0x00, 0x00, 0x00, 0x00, 0x00, 0x00,
    0x00, 0x00, 0x00, 0x00, 0x00, 0x00, 0x00, 0x00, 0x00, 0x00, 0x00, 0x00, 0x00, 0x00, 0x00, 0x00,
    0x00, 0x00, 0x00, 0x00, 0x00, 0x00, 0x00, 0x00, 0x00, 0x00, 0x00, 0x00, 0x00, 0x00, 0x00, 0x00,
    0x00, 0x00, 0x00, 0x00, 0x00, 0x00, 0x00, 0x00, 0x00, 0x00, 0x00, 0x00, 0x00, 0x00, 0x00, 0x00,
    0x00, 0x00, 0x00, 0x00, 0x00, 0x00, 0x00, 0x00, 0x00, 0x00, 0x00, 0x00, 0x00, 0x00, 0x00, 0x00,
    0x00, 0x00, 0x00, 0x00, 0x00, 0x00, 0x00, 0x00, 0x00, 0x00, 0x00, 0x00, 0x00, 0x00, 0x00, 0x00,
    0x00, 0x00, 0x00, 0x00, 0x00, 0x00, 0x00, 0x00, 0x00, 0x00, 0x00, 0x00, 0x00, 0x00, 0x00, 0x00,
    0x00, 0x00, 0x00, 0x00, 0x00, 0x00, 0x00, 0x00, 0x00, 0x00, 0x00, 0x00, 0x00, 0x00, 0x00, 0x00,
    0x00, 0x00, 0x00, 0x00, 0x00, 0x00, 0x00, 0x00, 0x00, 0x00, 0x00, 0x00, 0x00, 0x00, 0x00, 0x00,
    0x00, 0x00, 0x00, 0x00, 0x00, 0x00, 0x07, 0xFE, 0x00, 0x00, 0x00, 0x7F, 0xFF, 0xC0, 0x00, 0x01,
    0xFF, 0xFF, 0xE0, 0x00, 0x07, 0xFF, 0xFF, 0xF0, 0x00, 0x0F, 0xFE, 0x03, 0xF0, 0x00, 0x0F, 0xE0,
    0x00, 0xF8, 0x00, 0x07, 0x80, 0x00, 0xF8, 0x00, 0x00, 0x00, 0x00, 0x78, 0x00, 0x00, 0x00, 0x00,
    0x78, 0x00, 0x00, 0x00, 0x00, 0xF8, 0x00, 0x00, 0x00, 0x00, 0xF8, 0x00, 0x00, 0x00, 0x00, 0xF0,
    0x00, 0x00, 0x00, 0x01, 0xF0, 0x00, 0x00, 0x00, 0x01, 0xE0, 0x00, 0x00, 0x00, 0x03, 0xE0, 0x00,
    0x00, 0x00, 0x07, 0xC0, 0x00, 0x00, 0x00, 0x07, 0xFE, 0x00, 0x00, 0x01, 0xFF, 0xFF, 0x00, 0x00,
    0x7F, 0xFF, 0xFF, 0x00, 0x00, 0x7F, 0xFF, 0xFF, 0x00, 0x00, 0x7F, 0xFF, 0x00, 0x00, 0x00, 0x3F,
    0xBE, 0x00, 0x00, 0x00, 0x00, 0x3C, 0x00, 0x00, 0x00, 0x00, 0x7C, 0x00, 0x00, 0x00, 0x00, 0x78,
    0x00, 0x00, 0x00, 0x00, 0xF8, 0x00, 0x00, 0x00, 0x00, 0xF8, 0x00, 0x00, 0x00, 0x00, 0xF0, 0x00,
    0x00, 0x00, 0x01, 0xF0, 0x00, 0x00, 0x00, 0x01, 0xF0, 0x00, 0x00, 0x00, 0x01, 0xF0, 0x00, 0x00,
    0x00, 0x01, 0xE0, 0x00, 0x00, 0x00, 0x01, 0xE0, 0x00, 0x00, 0x00, 0x01, 0xE0, 0x00, 0x00, 0x00,
    0x00, 0xE0, 0x00, 0x00, 0x00, 0x00, 0x40, 0x00, 0x00, 0x00, 0x00, 0x00, 0x00, 0x00, 0x00, 0x00,
    0x00, 0x00, 0x00, 0x00, 0x00, 0x00, 0x00, 0x00, 0x00, 0x00, 0x00, 0x00, 0x00, 0x00, 0x00, 0x00,
    0x00, 0x00, 0x00, 0x00, 0x00, 0x00, 0x00, 0x00, 0x00, 0x00, 0x00, 0x00, 0x00, 0x00, 0x00, 0x00,
    0x00, 0x00, 0x00, 0x00, 0x00, 0x00, 0x00, 0x00, 0x00, 0x00, 0x00, 0x00, 0x00, 0x00, 0x00, 0x00,
    0x00, 0x00, 0x00, 0x00, 0x00, 0x00, 0x00, 0x00, 0x00, 0x00, 0x00, 0x00, 0x00, 0x00, 0x00, 0x00,
    0x00, 0x00, 0x00, 0x00, 0x00, 0x00, 0x00, 0x00, 0x00, 0x00, 0x00, 0x00, 0x00, 0x00, 0x00, 0x00,
    0x00, 0x00, 0x00, 0x00, 0x00, 0x00, 0x00, 0x00, 0x00, 0x00, 0x00, 0x00, 0x00, 0x00, 0x00, 0x00,
    0x00, 0x00, 0x00, 0x00, 0x00, 0x00, 0x00, 0x00, 0x00, 0x00, 0x00, 0x00, 0x00, 0x00, 0x00, 0x00,
    0x00, 0x00, 0x00, 0x00, 0x00, 0x00, 0x00, 0x00, 0x00, 0x00, 0x00, 0x00, 0x00, 0x00, 0x00, 0x00,
    0x00, 0x00, 0x00, 0x00, 0x00, 0x00, 0x00, 0x00, 0x00, 0x00, 0x00, 0x07, 0xFE, 0x00, 0x00, 0x00,
    0x7F, 0xFF, 0x00, 0x00, 0x01, 0xFF, 0xFF, 0x00, 0x00, 0x03, 0xFF, 0xFF, 0x00, 0x00, 0x07, 0xFE,
    0x00, 0x38, 0x00, 0x07, 0xE0, 0x00, 0x3C, 0x00, 0x0F, 0x80, 0x00, 0x7C, 0x00, 0x0F, 0x80, 0x00,
    0x78, 0x00, 0x0F, 0x00, 0x00, 0xF8, 0x00, 0x0F, 0x80, 0x00, 0xF8, 0x00, 0x0F, 0x80, 0x01, 0xF0,
    0x00, 0x0F, 0xC0, 0x03, 0xF0, 0x00, 0x07, 0xE0, 0x07, 0xE0, 0x00, 0x07, 0xF8, 0x0F, 0xE0, 0x00,
    0x03, 0xFF, 0x1F, 0xC0, 0x00, 0x00, 0xFF, 0xFF, 0x80, 0x00, 0x00, 0x7F, 0xFF, 0x00, 0x00, 0x00,
    0x1F, 0xFE, 0x00, 0x00, 0x00, 0x07, 0xFF, 0x80, 0x00, 0x00, 0x0F, 0xFF, 0xE0, 0x00, 0x00, 0x1F,
    0xDF, 0xF0, 0x00, 0x00, 0x7F, 0x87, 0xF8, 0x00, 0x00, 0xFE, 0x01, 0xF8, 0x00, 0x00, 0xFC, 0x00,
    0xFC, 0x00, 0x01, 0xF8, 0x00, 0x7C, 0x00, 0x03, 0xF0, 0x00, 0x3C, 0x00, 0x03, 0xE0, 0x00, 0x3C,
    0x00, 0x07, 0xC0, 0x00, 0x3C, 0x00, 0x07, 0xC0, 0x00, 0x3C, 0x00, 0x07, 0xC0, 0x00, 0x7C, 0x00,
    0x07, 0x80, 0x00, 0x7C, 0x00, 0x07, 0xC0, 0x00, 0xF8, 0x00, 0x07, 0xC0, 0x03, 0xF8, 0x00, 0x03,
    0xF0, 0x1F, 0xF0, 0x00, 0x03, 0xFF, 0xFF, 0xE0, 0x00, 0x01, 0xFF, 0xFF, 0xC0, 0x00, 0x00, 0xFF,
    0xFF, 0x00, 0x00, 0x00, 0x1F, 0xF0, 0x00, 0x00, 0x00, 0x00, 0x00, 0x00, 0x00, 0x00, 0x00, 0x00,
    0x00, 0x00, 0x00, 0x00, 0x00, 0x00, 0x00, 0x00, 0x00, 0x00, 0x00, 0x00, 0x00, 0x00, 0x00, 0x00,
    0x00, 0x00, 0x00, 0x00, 0x00, 0x00, 0x00, 0x00, 0x00, 0x00, 0x00, 0x00, 0x00, 0x00, 0x00, 0x00,
    0x00, 0x00, 0x00, 0x00, 0x00, 0x00, 0x00, 0x00, 0x00, 0x00, 0x00, 0x00, 0x00, 0x00, 0x00, 0x00,
    0x00, 0x00, 0x00, 0x00, 0x00, 0x00, 0x00, 0x00, 0x00, 0x00, 0x00, 0x00, 0x00, 0x00, 0x00, 0x00,
    0x00, 0x00, 0x00, 0x00, 0x00, 0x00, 0x00, 0x00, 0x00, 0x00, 0x00, 0x00, 0x00, 0x00, 0x00, 0x00,
    0x00, 0x00, 0x00, 0x00, 0x00, 0x00, 0x00, 0x00, 0x00, 0x00, 0x00, 0x00, 0x00, 0x00, 0x00, 0x00,
    0x00, 0x00, 0x00, 0x00, 0x00, 0x00, 0x00, 0x00, 0x00, 0x00, 0x00, 0x00, 0x00, 0x00, 0x00, 0x00,
    0x00, 0x00, 0x00, 0x00, 0x00, 0x00, 0x00, 0x00, 0x00, 0x00, 0x00, 0x03, 0xFE, 0x00, 0x00, 0x00,
    0x1F, 0xFF, 0x80, 0x00, 0x00, 0x3F, 0xFF, 0xC0, 0x00, 0x00, 0xFF, 0xFF, 0xF8, 0x00, 0x01, 0xFE,
    0x07, 0xFC, 0x00, 0x03, 0xF8, 0x01, 0xFC, 0x00, 0x03, 0xE0, 0x00, 0xFC, 0x00, 0x07, 0xC0, 0x00,
    0x7C, 0x00, 0x07, 0xC0, 0x00, 0x7C, 0x00, 0x0F, 0x80, 0x00, 0x78, 0x00, 0x0F, 0x80, 0x00, 0xF8,
    0x00, 0x0F, 0x80, 0x00, 0xF8, 0x00, 0x0F, 0x00, 0x01, 0xF8, 0x00, 0x0F, 0x00, 0x01, 0xF8, 0x00,
    0x0F, 0x80, 0x03, 0xF8, 0x00, 0x0F, 0x80, 0x07, 0xF8, 0x00, 0x07, 0xC0, 0x0F, 0xF8, 0x00, 0x07,
    0xE0, 0x7F, 0xF8, 0x00, 0x03, 0xFF, 0xFF, 0x78, 0x00, 0x03, 0xFF, 0xFC, 0x78, 0x00, 0x00, 0xFF,
    0xF8, 0x78, 0x00, 0x00, 0x3F, 0xC0, 0x78, 0x00, 0x00, 0x00, 0x00, 0x78, 0x00, 0x00, 0x00, 0x00,
    0x78, 0x00, 0x00, 0x00, 0x00, 0x78, 0x00, 0x00, 0x00, 0x00, 0x78, 0x00, 0x00, 0x00, 0x00, 0x7C,
    0x00, 0x00, 0x00, 0x00, 0x7C, 0x00, 0x00, 0x00, 0x00, 0x7C, 0x00, 0x00, 0x00, 0x00, 0x7C, 0x00,
    0x00, 0x00, 0x00, 0x7C, 0x00, 0x00, 0x00, 0x00, 0x7C, 0x00, 0x00, 0x00, 0x00, 0x7C, 0x00, 0x00,
    0x00, 0x00, 0x3C, 0x00, 0x00, 0x00, 0x00, 0x3C, 0x00, 0x00, 0x00, 0x00, 0x08, 0x00, 0x00, 0x00,
    0x00, 0x00, 0x00, 0x00, 0x00, 0x00, 0x00, 0x00, 0x00, 0x00, 0x00, 0x00, 0x00, 0x00, 0x00, 0x00,
    0x00, 0x00, 0x00, 0x00, 0x00, 0x00, 0x00, 0x00, 0x00, 0x00, 0x00, 0x00, 0x00, 0x00, 0x00, 0x00,
    0x00, 0x00, 0x00, 0x00, 0x00, 0x00, 0x00, 0x00, 0x00, 0x00, 0x00, 0x00, 0x00, 0x00, 0x00, 0x00,
    0x00, 0x00, 0x00, 0x00, 0x00, 0x00, 0x00, 0x00, 0x00, 0x00, 0x00, 0x00, 0x00, 0x00, 0x00, 0x00,
    0x00, 0x00, 0x00, 0x00, 0x00, 0x00, 0x00, 0x00, 0x00, 0x00, 0x00, 0x00, 0x00, 0x00, 0x00, 0x00,
    0x00, 0x00, 0x00, 0x00, 0x00, 0x00, 0x00, 0x00, 0x00, 0x00, 0x00, 0x00, 0x00, 0x00, 0x00, 0x00,
    0x00, 0x00, 0x00, 0x00, 0x00, 0x00, 0x00, 0x00, 0x00, 0x00, 0x00, 0x00, 0x00, 0x00, 0x00, 0x00,
    0x00, 0x00, 0x00, 0x00, 0x00, 0x00, 0x00, 0x00, 0x00, 0x00, 0x00, 0x00, 0x00, 0x00, 0x00, 0x00,
    0x0F, 0x00, 0x1F, 0x80, 0x1F, 0xC0, 0x1F, 0xC0, 0x1F, 0xC0, 0x0F, 0xC0, 0x07, 0x80, 0x00, 0x00,
    0x00, 0x00, 0x00, 0x00, 0x00, 0x00, 0x00, 0x00, 0x00, 0x00, 0x00, 0x00, 0x00, 0x00, 0x00, 0x00,
    0x00, 0x00, 0x00, 0x00, 0x00, 0x00, 0x0F, 0x00, 0x1F, 0x80, 0x1F, 0xC0, 0x1F, 0xC0, 0x1F, 0xC0,
    0x0F, 0xC0, 0x07, 0x80, 0x00, 0x00, 0x00, 0x00, 0x00, 0x00, 0x00, 0x00, 0x00, 0x00, 0x00, 0x00,
    0x00, 0x00, 0x00, 0x00, 0x00, 0x00, 0x00, 0x00, 0x00, 0x00, 0x00, 0x00, 0x00, 0x00, 0x00, 0x00,
    0x00, 0x00, 0x00, 0x00, 0x00, 0x00, 0x00, 0x00, 0x00, 0x00, 0x00, 0x00, 0x00, 0x00, 0x00, 0x00,
    0x00, 0x00, 0x00, 0x00, 0x00, 0x00, 0x00, 0x00, 0x00, 0x00, 0x00, 0x00, 0x00, 0x00, 0x00, 0x00,
    0x00, 0x00, 0x00, 0x00, 0x00, 0x00, 0x00, 0x00, 0x00, 0x00, 0x00, 0x00, 0x00, 0x00, 0x00, 0x00,
    0x00, 0x00, 0x00, 0x00, 0x07, 0x00, 0x0F, 0x80, 0x1F, 0xC0, 0x1F, 0xC0, 0x1F, 0xC0, 0x0F, 0xC0,
    0x07, 0x80, 0x00, 0x00, 0x00, 0x00, 0x00, 0x00, 0x00, 0x00, 0x00, 0x00, 0x00, 0x00, 0x00, 0x00,
    0x00, 0x00, 0x00, 0x00, 0x00, 0x00, 0x03, 0x00, 0x07, 0x80, 0x07, 0xC0, 0x07, 0xC0, 0x07, 0xC0,
    0x07, 0xC0, 0x07, 0xC0, 0x07, 0xC0, 0x0F, 0x80, 0x0F, 0x80, 0x0F, 0x80, 0x1F, 0x80, 0x1F, 0x00,
    0x1F, 0x00, 0x3E, 0x00, 0x3C, 0x00, 0x38, 0x00, 0x00, 0x00, 0x00, 0x00, 0x00, 0x00, 0x00, 0x00,
    0x00, 0x00, 0x00, 0x00, 0x00, 0x00, 0x00, 0x00, 0x00, 0x00, 0x00, 0x00, 0x00, 0x00, 0x00, 0x00,
    0x00, 0x00, 0x00, 0x00, 0x00, 0x00, 0x00, 0x00, 0x00, 0x00, 0x00, 0x00, 0x00, 0x00, 0x00, 0x00,
    0x00, 0x00, 0x00, 0x00, 0x00, 0x00, 0x00, 0x00, 0x00, 0x00, 0x00, 0x00, 0x00, 0x00, 0x00, 0x00,
    0x00, 0x00, 0x00, 0x00, 0x00, 0x00, 0x00, 0x00, 0x00, 0x00, 0x00, 0x00, 0x00, 0x00, 0x00, 0x00,
    0x00, 0x00, 0x00, 0x00, 0x00, 0x00, 0x00, 0x00, 0x00, 0x00, 0x00, 0x00, 0x00, 0x00, 0x00, 0x00,
    0x00, 0x00, 0x00, 0x00, 0x00, 0x00, 0x00, 0x00, 0x00, 0x00, 0x00, 0x00, 0x00, 0x00, 0x00, 0x00,
    0x00, 0x00, 0x00, 0x00, 0x00, 0x00, 0x00, 0x00, 0x00, 0x00, 0x00, 0x00, 0x00, 0x00, 0x00, 0x00,
    0x00, 0x00, 0x00, 0x00, 0x00, 0x00, 0x00, 0x00, 0x00, 0x00, 0x00, 0x00, 0x00, 0x00, 0x00, 0x00,
    0x00, 0x00, 0x00, 0x00, 0x00, 0x00, 0x00, 0x00, 0x00, 0x00, 0x00, 0x40, 0x00, 0x00, 0x00, 0x07,
    0xF0, 0x00, 0x00, 0x00, 0x3F, 0xF0, 0x00, 0x00, 0x00, 0xFF, 0xF0, 0x00, 0x00, 0x07, 0xFF, 0xE0,
    0x00, 0x00, 0x1F, 0xFF, 0x00, 0x00, 0x00, 0x7F, 0xF8, 0x00, 0x00, 0x00, 0xFF, 0xC0, 0x00, 0x00,
    0x03, 0xFF, 0x00, 0x00, 0x00, 0x07, 0xFC, 0x00, 0x00, 0x00, 0x0F, 0xF0, 0x00, 0x00, 0x00, 0x0F,
    0xC0, 0x00, 0x00, 0x00, 0x0F, 0xC0, 0x00, 0x00, 0x00, 0x07, 0xF0, 0x00, 0x00, 0x00, 0x07, 0xFC,
    0x00, 0x00, 0x00, 0x01, 0xFF, 0x00, 0x00, 0x00, 0x00, 0xFF, 0xE0, 0x00, 0x00, 0x00, 0x7F, 0xFC,
    0x00, 0x00, 0x00, 0x1F, 0xFF, 0xE0, 0x00, 0x00, 0x03, 0xFF, 0xFC, 0x00, 0x00, 0x00, 0xFF, 0xFC,
    0x00, 0x00, 0x00, 0x1F, 0xFC, 0x00, 0x00, 0x00, 0x01, 0xF8, 0x00, 0x00, 0x00, 0x00, 0x00, 0x00,
    0x00, 0x00, 0x00, 0x00, 0x00, 0x00, 0x00, 0x00, 0x00, 0x00, 0x00, 0x00, 0x00, 0x00, 0x00, 0x00,
    0x00, 0x00, 0x00, 0x00, 0x00, 0x00, 0x00, 0x00, 0x00, 0x00, 0x00, 0x00, 0x00, 0x00, 0x00, 0x00,
    0x00, 0x00, 0x00, 0x00, 0x00, 0x00, 0x00, 0x00, 0x00, 0x00, 0x00, 0x00, 0x00, 0x00, 0x00, 0x00,
    0x00, 0x00, 0x00, 0x00, 0x00, 0x00, 0x00, 0x00, 0x00, 0x00, 0x00, 0x00, 0x00, 0x00, 0x00, 0x00,
    0x00, 0x00, 0x00, 0x00, 0x00, 0x00, 0x00, 0x00, 0x00, 0x00, 0x00, 0x00, 0x00, 0x00, 0x00, 0x00,
    0x00, 0x00, 0x00, 0x00, 0x00, 0x00, 0x00, 0x00, 0x00, 0x00, 0x00, 0x00, 0x00, 0x00, 0x00, 0x00,
    0x00, 0x00, 0x00, 0x00, 0x00, 0x00, 0x00, 0x00, 0x00, 0x00, 0x00, 0x00, 0x00, 0x00, 0x00, 0x00,
    0x00, 0x00, 0x00, 0x00, 0x00, 0x00, 0x00, 0x00, 0x00, 0x00, 0x00, 0x00, 0x00, 0x00, 0x00, 0x00,
    0x00, 0x00, 0x00, 0x00, 0x00, 0x00, 0x00, 0x00, 0x00, 0x00, 0x00, 0x00, 0x00, 0x00, 0x00, 0x00,
    0x00, 0x00, 0x00, 0x00, 0x00, 0x00, 0x00, 0x00, 0x00, 0x00, 0x00, 0x00, 0x00, 0x00, 0x00, 0x00,
    0x00, 0x00, 0x00, 0x00, 0x00, 0x00, 0x00, 0x00, 0x00, 0x00, 0x00, 0x00, 0x00, 0x00, 0x00, 0x00,
    0x00, 0x00, 0x00, 0x00, 0x00, 0x00, 0x00, 0x00, 0x00, 0x00, 0x00, 0x00, 0x00, 0x00, 0x00, 0x00,
    0x00, 0x00, 0x00, 0x00, 0x00, 0x00, 0x00, 0x00, 0x00, 0x00, 0x00, 0x00, 0x00, 0x00, 0x00, 0x00,
    0x00, 0x00, 0x00, 0x1F, 0xFF, 0xF8, 0x00, 0x03, 0xFF, 0xFF, 0xFC, 0x00, 0x0F, 0xFF, 0xFF, 0xFC,
    0x00, 0x0F, 0xFF, 0xFF, 0xFC, 0x00, 0x0F, 0xFE, 0x00, 0x00, 0x00, 0x07, 0x00, 0x00, 0x00, 0x00,
    0x00, 0x00, 0x00, 0x00, 0x00, 0x00, 0x00, 0x00, 0x00, 0x00, 0x00, 0x00, 0x00, 0x00, 0x00, 0x00,
    0x00, 0x00, 0x00, 0x00, 0x00, 0x00, 0x00, 0x00, 0x00, 0x00, 0x00, 0xFF, 0xF0, 0x00, 0x00, 0x1F,
    0xFF, 0xF8, 0x00, 0x01, 0xFF, 0xFF, 0xF8, 0x00, 0x07, 0xFF, 0xFF, 0xF0, 0x00, 0x0F, 0xFF, 0xE0,
    0x00, 0x00, 0x0F, 0xF8, 0x00, 0x00, 0x00, 0x0F, 0xC0, 0x00, 0x00, 0x00, 0x00, 0x00, 0x00, 0x00,
    0x00, 0x00, 0x00, 0x00, 0x00, 0x00, 0x00, 0x00, 0x00, 0x00, 0x00, 0x00, 0x00, 0x00, 0x00, 0x00,
    0x00, 0x00, 0x00, 0x00, 0x00, 0x00, 0x00, 0x00, 0x00, 0x00, 0x00, 0x00, 0x00, 0x00, 0x00, 0x00,
    0x00, 0x00, 0x00, 0x00, 0x00, 0x00, 0x00, 0x00, 0x00, 0x00, 0x00, 0x00, 0x00, 0x00, 0x00, 0x00,
    0x00, 0x00, 0x00, 0x00, 0x00, 0x00, 0x00, 0x00, 0x00, 0x00, 0x00, 0x00, 0x00, 0x00, 0x00, 0x00,
    0x00, 0x00, 0x00, 0x00, 0x00, 0x00, 0x00, 0x00, 0x00, 0x00, 0x00, 0x00, 0x00, 0x00, 0x00, 0x00,
    0x00, 0x00, 0x00, 0x00, 0x00, 0x00, 0x00, 0x00, 0x00, 0x00, 0x00, 0x00, 0x00, 0x00, 0x00, 0x00,
    0x00, 0x00, 0x00, 0x00, 0x00, 0x00, 0x00, 0x00, 0x00, 0x00, 0x00, 0x00, 0x00, 0x00, 0x00, 0x00,
    0x00, 0x00, 0x00, 0x00, 0x00, 0x00, 0x00, 0x00, 0x00, 0x00, 0x00, 0x00, 0x00, 0x00, 0x00, 0x00,
    0x00, 0x00, 0x00, 0x00, 0x00, 0x00, 0x00, 0x00, 0x00, 0x00, 0x00, 0x00, 0x00, 0x00, 0x00, 0x00,
    0x00, 0x00, 0x00, 0x00, 0x00, 0x00, 0x00, 0x00, 0x00, 0x00, 0x00, 0x00, 0x00, 0x00, 0x00, 0x00,
    0x00, 0x00, 0x00, 0x00, 0x00, 0x00, 0x00, 0x00, 0x00, 0x00, 0x00, 0x00, 0x00, 0x00, 0x00, 0x00,
    0x00, 0x00, 0x00, 0x00, 0x00, 0x00, 0x00, 0x00, 0x00, 0x00, 0x00, 0x00, 0x00, 0x00, 0x00, 0x00,
    0x00, 0x00, 0x00, 0x00, 0x00, 0x00, 0x00, 0x00, 0x00, 0x00, 0x00, 0x00, 0x00, 0x00, 0x00, 0x00,
    0x00, 0x00, 0x00, 0x00, 0x00, 0x00, 0x00, 0x00, 0x00, 0x00, 0x00, 0x00, 0x00, 0x02, 0x00, 0x00,
    0x00, 0x00, 0x0F, 0xF8, 0x00, 0x00, 0x00, 0x0F, 0xFF, 0x00, 0x00, 0x00, 0x0F, 0xFF, 0xE0, 0x00,
    0x00, 0x07, 0xFF, 0xFC, 0x00, 0x00, 0x00, 0x3F, 0xFF, 0x00, 0x00, 0x00, 0x03, 0xFF, 0xC0, 0x00,
    0x00, 0x00, 0x7F, 0xE0, 0x00, 0x00, 0x00, 0x1F, 0xF0, 0x00, 0x00, 0x00, 0x07, 0xF8, 0x00, 0x00,
    0x00, 0x01, 0xFC, 0x00, 0x00, 0x00, 0x00, 0xFC, 0x00, 0x00, 0x00, 0x01, 0xFC, 0x00, 0x00, 0x00,
    0x07, 0xF8, 0x00, 0x00, 0x00, 0x1F, 0xF0, 0x00, 0x00, 0x00, 0xFF, 0xE0, 0x00, 0x00, 0x03, 0xFF,
    0x80, 0x00, 0x00, 0x1F, 0xFE, 0x00, 0x00, 0x00, 0xFF, 0xF8, 0x00, 0x00, 0x03, 0xFF, 0xE0, 0x00,
    0x00, 0x03, 0xFF, 0x80, 0x00, 0x00, 0x03, 0xFC, 0x00, 0x00, 0x00, 0x01, 0xE0, 0x00, 0x00, 0x00,
    0x00, 0x00, 0x00, 0x00, 0x00, 0x00, 0x00, 0x00, 0x00, 0x00, 0x00, 0x00, 0x00, 0x00, 0x00, 0x00,
    0x00, 0x00, 0x00, 0x00, 0x00, 0x00, 0x00, 0x00, 0x00, 0x00, 0x00, 0x00, 0x00, 0x00, 0x00, 0x00,
    0x00, 0x00, 0x00, 0x00, 0x00, 0x00, 0x00, 0x00, 0x00, 0x00, 0x00, 0x00, 0x00, 0x00, 0x00, 0x00,
    0x00, 0x00, 0x00, 0x00, 0x00, 0x00, 0x00, 0x00, 0x00, 0x00, 0x00, 0x00, 0x00, 0x00, 0x00, 0x00,
    0x00, 0x00, 0x00, 0x00, 0x00, 0x00, 0x00, 0x00, 0x00, 0x00, 0x00, 0x00, 0x00, 0x00, 0x00, 0x00,
    0x00, 0x00, 0x00, 0x00, 0x00, 0x00, 0x00, 0x00, 0x00, 0x00, 0x00, 0x00, 0x00, 0x00, 0x00, 0x00,
    0x00, 0x00, 0x00, 0x00, 0x00, 0x00, 0x00, 0x00, 0x00, 0x00, 0x00, 0x00, 0x00, 0x00, 0x00, 0x00,
    0x00, 0x00, 0x00, 0x00, 0x00, 0x00, 0x00, 0x00, 0x00, 0x00, 0x00, 0x00, 0x00, 0x00, 0x00, 0x00,
    0x00, 0x00, 0x00, 0x00, 0x00, 0x00, 0x00, 0x00, 0x00, 0x00, 0x00, 0x00, 0x00, 0x00, 0x01, 0xFF,
    0x00, 0x1F, 0xFF, 0xC0, 0x3F, 0xFF, 0xF0, 0x3F, 0xFF, 0xF8, 0x3F, 0x01, 0xF8, 0x38, 0x00, 0x7C,
    0x00, 0x00, 0x7C, 0x00, 0x00, 0x3C, 0x00, 0x00, 0x7C, 0x00, 0x00, 0x7C, 0x00, 0x00, 0xF8, 0x00,
    0x01, 0xF8, 0x00, 0x07, 0xF0, 0x00, 0x0F, 0xE0, 0x00, 0x1F, 0xC0, 0x00, 0x3F, 0x80, 0x00, 0x7E,
    0x00, 0x00, 0xFC, 0x00, 0x00, 0xF8, 0x00, 0x00, 0xF0, 0x00, 0x00, 0xF8, 0x00, 0x00, 0xF8, 0x00,
    0x00, 0x7E, 0x00, 0x00, 0x3E, 0x00, 0x00, 0x1E, 0x00, 0x00, 0x00, 0x00, 0x00, 0x00, 0x00, 0x00,
    0x00, 0x00, 0x00, 0x00, 0x00, 0x00, 0x00, 0x00, 0x00, 0x3C, 0x00, 0x00, 0x7E, 0x00, 0x00, 0x7F,
    0x00, 0x00, 0x7F, 0x00, 0x00, 0x7F, 0x00, 0x00, 0x3F, 0x00, 0x00, 0x1E, 0x00, 0x00, 0x00, 0x00,
    0x00, 0x00, 0x00, 0x00, 0x00, 0x00, 0x00, 0x00, 0x00, 0x00, 0x00, 0x00, 0x00, 0x00, 0x00, 0x00,
    0x00, 0x00, 0x00, 0x00, 0x00, 0x00, 0x00, 0x00, 0x00, 0x00, 0x00, 0x00, 0x00, 0x00, 0x00, 0x00,
    0x00, 0x00, 0x00, 0x00, 0x00, 0x00, 0x00, 0x00, 0x00, 0x00, 0x00, 0x00, 0x00, 0x00, 0x00, 0x00,
    0x00, 0x00, 0x00, 0x00, 0x00, 0x00, 0x00, 0x00, 0x00, 0x00, 0x00, 0x00, 0x00, 0x00, 0x00, 0x00,
    0x00, 0x00, 0x00, 0x00, 0x00, 0x00, 0x00, 0x00, 0x00, 0x00, 0x00, 0x00, 0x00, 0x00, 0x00, 0x00,
    0x00, 0x00, 0x00, 0x00, 0x00, 0x00, 0x00, 0x00, 0x00, 0x00, 0x00, 0x00, 0x00, 0x00, 0x00, 0x00,
    0x00, 0x00, 0x00, 0x00, 0x00, 0x00, 0x00, 0x00, 0x00, 0x00, 0x00, 0x00, 0x00, 0x00, 0x00, 0x00,
    0x00, 0x00, 0x00, 0x00, 0x00, 0x00, 0x00, 0x00, 0x00, 0x00, 0x00, 0x00, 0x00, 0x00, 0x00, 0x00,
    0x00, 0x00, 0x00, 0x00, 0x00, 0x00, 0x00, 0x00, 0x00, 0x00, 0x00, 0x00, 0x00, 0x00, 0x00, 0x00,
    0x00, 0x00, 0x00, 0x00, 0x00, 0x00, 0x00, 0x00, 0x00, 0x00, 0x00, 0x00, 0x00, 0x00, 0x00, 0x00,
    0x00, 0x00, 0x00, 0x00, 0x1F, 0xF0, 0x00, 0x00, 0x00, 0x00, 0xFF, 0xFE, 0x00, 0x00, 0x00, 0x03,
    0xFF, 0xFF, 0x80, 0x00, 0x00, 0x0F, 0xFF, 0xFF, 0xC0, 0x00, 0x00, 0x1F, 0xF0, 0x1F, 0xE0, 0x00,
    0x00, 0x3F, 0x80, 0x07, 0xF0, 0x00, 0x00, 0x7F, 0x00, 0x01, 0xF8, 0x00, 0x00, 0xFC, 0x00, 0x00,
    0xF8, 0x00, 0x01, 0xF8, 0x00, 0x00, 0x7C, 0x00, 0x01, 0xF0, 0x00, 0x00, 0x7C, 0x00, 0x03, 0xE0,
    0x00, 0x00, 0x3E, 0x00, 0x07, 0xC0, 0x07, 0xE0, 0x3E, 0x00, 0x07, 0xC0, 0x1F, 0xE0, 0x1E, 0x00,
    0x0F, 0x80, 0x3F, 0xE0, 0x1F, 0x00, 0x0F, 0x80, 0x7F, 0xE0, 0x1F, 0x00, 0x0F, 0x00, 0xFE, 0x00,
    0x1F, 0x00, 0x1F, 0x01, 0xF8, 0x78, 0x0F, 0x00, 0x1F, 0x01, 0xF0, 0xFC, 0x0F, 0x00, 0x1F, 0x03,
    0xE1, 0xFE, 0x1F, 0x00, 0x1E, 0x03, 0xE1, 0xFE, 0x1F, 0x00, 0x1E, 0x03, 0xC3, 0xFF, 0x1F, 0x00,
    0x1E, 0x03, 0xC3, 0xCF, 0x3E, 0x00, 0x1F, 0x03, 0xE7, 0xCF, 0xFE, 0x00, 0x1F, 0x03, 0xFF, 0x87,
    0xFC, 0x00, 0x1F, 0x01, 0xFF, 0x83, 0xFC, 0x00, 0x0F, 0x00, 0xFF, 0x01, 0xF0, 0x00, 0x0F, 0x80,
    0x7C, 0x00, 0x00, 0x00, 0x0F, 0x80, 0x00, 0x00, 0x00, 0x00, 0x07, 0xC0, 0x00, 0x00, 0x00, 0x00,
    0x07, 0xE0, 0x00, 0x00, 0x00, 0x00, 0x03, 0xF0, 0x00, 0x00, 0x00, 0x00, 0x01, 0xFC, 0x00, 0x00,
    0x70, 0x00, 0x00, 0xFF, 0x00, 0x01, 0xF0, 0x00, 0x00, 0x7F, 0xE0, 0x0F, 0xF0, 0x00, 0x00, 0x3F,
    0xFF, 0xFF, 0xF0, 0x00, 0x00, 0x0F, 0xFF, 0xFF, 0xC0, 0x00, 0x00, 0x03, 0xFF, 0xFF, 0x80, 0x00,
    0x00, 0x00, 0x3F, 0xF8, 0x00, 0x00, 0x00, 0x00, 0x00, 0x00, 0x00, 0x00, 0x00, 0x00, 0x00, 0x00,
    0x00, 0x00, 0x00, 0x00, 0x00, 0x00, 0x00, 0x00, 0x00, 0x00, 0x00, 0x00, 0x00, 0x00, 0x00, 0x00,
    0x00, 0x00, 0x00, 0x00, 0x00, 0x00, 0x00, 0x00, 0x00, 0x00, 0x00, 0x00, 0x00, 0x00, 0x00, 0x00,
    0x00, 0x00, 0x00, 0x00, 0x00, 0x00, 0x00, 0x00, 0x00, 0x00, 0x00, 0x00, 0x00, 0x00, 0x00, 0x00,
    0x00, 0x00, 0x00, 0x00, 0x00, 0x00, 0x00, 0x00, 0x00, 0x00, 0x00, 0x00, 0x00, 0x00, 0x00, 0x00,
    0x00, 0x00, 0x00, 0x00, 0x00, 0x00, 0x00, 0x00, 0x00, 0x00, 0x00, 0x00, 0x00, 0x00, 0x00, 0x00,
    0x00, 0x00, 0x00, 0x00, 0x00, 0x00, 0x00, 0x00, 0x00, 0x00, 0x00, 0x00, 0x00, 0x00, 0x00, 0x00,
    0x00, 0x00, 0x00, 0x00, 0x00, 0x00, 0x00, 0x00, 0x00, 0x00, 0x00, 0x00, 0x00, 0x00, 0x7E, 0x00,
    0x00, 0x00, 0x00, 0xFF, 0x00, 0x00, 0x00, 0x01, 0xFF, 0x80, 0x00, 0x00, 0x03, 0xFF, 0xC0, 0x00,
    0x00, 0x07, 0xE7, 0xC0, 0x00, 0x00, 0x0F, 0x83, 0xC0, 0x00, 0x00, 0x0F, 0x83, 0xE0, 0x00, 0x00,
    0x7F, 0x03, 0xE0, 0x00, 0x00, 0xFE, 0x01, 0xE0, 0x00, 0x00, 0xFE, 0x01, 0xE0, 0x00, 0x00, 0xFC,
    0x01, 0xE0, 0x00, 0x00, 0xFC, 0x01, 0xE0, 0x00, 0x00, 0xF8, 0x01, 0xF0, 0x00, 0x00, 0xF8, 0x01,
    0xF0, 0x00, 0x01, 0xF8, 0x01, 0xF0, 0x00, 0x01, 0xF0, 0x01, 0xF0, 0x00, 0x01, 0xF0, 0x00, 0xF0,
    0x00, 0x01, 0xF0, 0x00, 0xF0, 0x00, 0x03, 0xE0, 0x1F, 0xFF, 0x80, 0x03, 0xEF, 0xFF, 0xFF, 0xC0,
    0x03, 0xFF, 0xFF, 0xFF, 0xC0, 0x0F, 0xFF, 0xFF, 0xFF, 0x80, 0x3F, 0xFF, 0xF0, 0xF8, 0x00, 0x3F,
    0xF8, 0x00, 0x78, 0x00, 0x3F, 0xC0, 0x00, 0x78, 0x00, 0x1F, 0xC0, 0x00, 0x7C, 0x00, 0x07, 0x80,
    0x00, 0x7C, 0x00, 0x0F, 0x80, 0x00, 0x3C, 0x00, 0x0F, 0x80, 0x00, 0x3E, 0x00, 0x0F, 0x80, 0x00,
    0x3E, 0x00, 0x0F, 0x80, 0x00, 0x1E, 0x00, 0x0F, 0x00, 0x00, 0x1F, 0x00, 0x0F, 0x00, 0x00, 0x1F,
    0x00, 0x0F, 0x00, 0x00, 0x0F, 0x00, 0x0F, 0x00, 0x00, 0x0F, 0x00, 0x02, 0x00, 0x00, 0x02, 0x00,
    0x00, 0x00, 0x00, 0x00, 0x00, 0x00, 0x00, 0x00, 0x00, 0x00, 0x00, 0x00, 0x00, 0x00, 0x00, 0x00,
    0x00, 0x00, 0x00, 0x00, 0x00, 0x00, 0x00, 0x00, 0x00, 0x00, 0x00, 0x00, 0x00, 0x00, 0x00, 0x00,
    0x00, 0x00, 0x00, 0x00, 0x00, 0x00, 0x00, 0x00, 0x00, 0x00, 0x00, 0x00, 0x00, 0x00, 0x00, 0x00,
    0x00, 0x00, 0x00, 0x00, 0x00, 0x00, 0x00, 0x00, 0x00, 0x00, 0x00, 0x00, 0x00, 0x00, 0x00, 0x00,
    0x00, 0x00, 0x00, 0x00, 0x00, 0x00, 0x00, 0x00, 0x00, 0x00, 0x00, 0x00, 0x00, 0x00, 0x00, 0x00,
    0x00, 0x00, 0x00, 0x00, 0x00, 0x00, 0x00, 0x00, 0x00, 0x00, 0x00, 0x00, 0x00, 0x00, 0x00, 0x00,
    0x00, 0x00, 0x00, 0x00, 0x00, 0x00, 0x00, 0x00, 0x00, 0x00, 0x00, 0x00, 0x00, 0x00, 0x00, 0x00,
    0x00, 0x00, 0x00, 0x00, 0x00, 0x00, 0x00, 0x00, 0x00, 0x00, 0x00, 0x00, 0x00, 0x00, 0x00, 0x00,
    0x00, 0x00, 0x00, 0x00, 0x00, 0x00, 0x00, 0x00, 0x0F, 0xFF, 0x00, 0x00, 0x1F, 0xFF, 0xF0, 0x00,
    0x3F, 0xFF, 0xFE, 0x00, 0x1F, 0xFF, 0xFF, 0x00, 0x03, 0xC0, 0xFF, 0x80, 0x07, 0xC0, 0x1F, 0xC0,
    0x07, 0xC0, 0x07, 0xE0, 0x07, 0xC0, 0x03, 0xE0, 0x07, 0x80, 0x01, 0xE0, 0x07, 0x80, 0x01, 0xE0,
    0x0F, 0x80, 0x01, 0xE0, 0x0F, 0x80, 0x03, 0xE0, 0x0F, 0x80, 0x07, 0xC0, 0x0F, 0x80, 0x1F, 0xC0,
    0x0F, 0x80, 0x7F, 0x80, 0x0F, 0x83, 0xFE, 0x00, 0x0F, 0x9F, 0xFC, 0x00, 0x0F, 0xFF, 0xF0, 0x00,
    0x0F, 0xFF, 0xC0, 0x00, 0x0F, 0xFF, 0xF0, 0x00, 0x0F, 0xFF, 0xFC, 0x00, 0x0F, 0xFF, 0xFF, 0x00,
    0x0F, 0x80, 0xFF, 0x80, 0x0F, 0x80, 0x1F, 0x80, 0x0F, 0x80, 0x0F, 0xC0, 0x0F, 0x80, 0x07, 0xC0,
    0x07, 0x80, 0x03, 0xC0, 0x07, 0x80, 0x07, 0xC0, 0x07, 0xC0, 0x07, 0xC0, 0x07, 0xC0, 0x0F, 0x80,
    0x03, 0xC0, 0x1F, 0x80, 0x03, 0xE0, 0x7F, 0x00, 0x01, 0xF1, 0xFE, 0x00, 0x01, 0xFF, 0xFC, 0x00,
    0x00, 0xFF, 0xF0, 0x00, 0x00, 0x7F, 0xE0, 0x00, 0x00, 0x3F, 0x00, 0x00, 0x00, 0x00, 0x00, 0x00,
    0x00, 0x00, 0x00, 0x00, 0x00, 0x00, 0x00, 0x00, 0x00, 0x00, 0x00, 0x00, 0x00, 0x00, 0x00, 0x00,
    0x00, 0x00, 0x00, 0x00, 0x00, 0x00, 0x00, 0x00, 0x00, 0x00, 0x00, 0x00, 0x00, 0x00, 0x00, 0x00,
    0x00, 0x00, 0x00, 0x00, 0x00, 0x00, 0x00, 0x00, 0x00, 0x00, 0x00, 0x00, 0x00, 0x00, 0x00, 0x00,
    0x00, 0x00, 0x00, 0x00, 0x00, 0x00, 0x00, 0x00, 0x00, 0x00, 0x00, 0x00, 0x00, 0x00, 0x00, 0x00,
    0x00, 0x00, 0x00, 0x00, 0x00, 0x00, 0x00, 0x00, 0x00, 0x00, 0x00, 0x00, 0x00, 0x00, 0x00, 0x00,
    0x00, 0x00, 0x00, 0x00, 0x00, 0x00, 0x00, 0x00, 0x00, 0x00, 0x00, 0x00, 0x00, 0x00, 0x00, 0x00,
    0x00, 0x00, 0x00, 0x00, 0x00, 0x00, 0x00, 0x00, 0x00, 0x00, 0x00, 0x00, 0x00, 0x00, 0x00, 0x00,
    0x00, 0x00, 0x00, 0x00, 0x00, 0x00, 0x00, 0x00, 0x00, 0x01, 0xFE, 0x00, 0x00, 0x07, 0xFF, 0x80,
    0x00, 0x1F, 0xFF, 0xC0, 0x00, 0x3F, 0xFF, 0xC0, 0x00, 0x7F, 0x07, 0xC0, 0x00, 0xFC, 0x03, 0xC0,
    0x01, 0xF8, 0x03, 0xC0, 0x01, 0xF0, 0x03, 0xC0, 0x03, 0xE0, 0x03, 0x80, 0x07, 0xC0, 0x00, 0x00,
    0x07, 0xC0, 0x00, 0x00, 0x07, 0x80, 0x00, 0x00, 0x0F, 0x80, 0x00, 0x00, 0x0F, 0x00, 0x00, 0x00,
    0x0F, 0x00, 0x00, 0x00, 0x1F, 0x00, 0x00, 0x00, 0x1F, 0x00, 0x00, 0x00, 0x1F, 0x00, 0x00, 0x00,
    0x1E, 0x00, 0x00, 0x00, 0x1E, 0x00, 0x00, 0x00, 0x1E, 0x00, 0x00, 0x00, 0x1F, 0x00, 0x00, 0x00,
    0x1F, 0x00, 0x00, 0x00, 0x1F, 0x00, 0x00, 0x00, 0x0F, 0x00, 0x00, 0x00, 0x0F, 0x80, 0x00, 0x70,
    0x0F, 0x80, 0x00, 0xF0, 0x07, 0xC0, 0x01, 0xF0, 0x07, 0xE0, 0x03, 0xE0, 0x03, 0xFC, 0x1F, 0xE0,
    0x01, 0xFF, 0xFF, 0xC0, 0x00, 0xFF, 0xFF, 0x80, 0x00, 0x7F, 0xFE, 0x00, 0x00, 0x0F, 0xF8, 0x00,
    0x00, 0x00, 0x00, 0x00, 0x00, 0x00, 0x00, 0x00, 0x00, 0x00, 0x00, 0x00, 0x00, 0x00, 0x00, 0x00,
    0x00, 0x00, 0x00, 0x00, 0x00, 0x00, 0x00, 0x00, 0x00, 0x00, 0x00, 0x00, 0x00, 0x00, 0x00, 0x00,
    0x00, 0x00, 0x00, 0x00, 0x00, 0x00, 0x00, 0x00, 0x00, 0x00, 0x00, 0x00, 0x00, 0x00, 0x00, 0x00,
    0x00, 0x00, 0x00, 0x00, 0x00, 0x00, 0x00, 0x00, 0x00, 0x00, 0x00, 0x00, 0x00, 0x00, 0x00, 0x00,
    0x00, 0x00, 0x00, 0x00, 0x00, 0x00, 0x00, 0x00, 0x00, 0x00, 0x00, 0x00, 0x00, 0x00, 0x00, 0x00,
    0x00, 0x00, 0x00, 0x00, 0x00, 0x00, 0x00, 0x00, 0x00, 0x00, 0x00, 0x00, 0x00, 0x00, 0x00, 0x00,
    0x00, 0x00, 0x00, 0x00, 0x00, 0x00, 0x00, 0x00, 0x00, 0x00, 0x00, 0x00, 0x00, 0x00, 0x00, 0x00,
    0x00, 0x00, 0x00, 0x00, 0x00, 0x00, 0x00, 0x00, 0x00, 0x00, 0x00, 0x00, 0x00, 0x00, 0x00, 0x00,
    0x00, 0x00, 0x00, 0x00, 0x00, 0x00, 0x00, 0x00, 0x00, 0x00, 0x00, 0x00, 0x00, 0x00, 0x00, 0x00,
    0x00, 0x1F, 0xFC, 0x00, 0x00, 0x03, 0xFF, 0xFF, 0x00, 0x00, 0x1F, 0xFF, 0xFF, 0xC0, 0x00, 0x3F,
    0xFF, 0xFF, 0xE0, 0x00, 0x7F, 0xF0, 0x07, 0xF0, 0x00, 0x3F, 0xC0, 0x01, 0xF0, 0x00, 0x1B, 0xC0,
    0x00, 0xF8, 0x00, 0x03, 0xC0, 0x00, 0xF8, 0x00, 0x03, 0xC0, 0x00, 0x7C, 0x00, 0x03, 0xC0, 0x00,
    0x7C, 0x00, 0x03, 0xC0, 0x00, 0x7C, 0x00, 0x03, 0xC0, 0x00, 0x3C, 0x00, 0x03, 0xC0, 0x00, 0x3C,
    0x00, 0x03, 0xC0, 0x00, 0x3C, 0x00, 0x07, 0xC0, 0x00, 0x7C, 0x00, 0x07, 0xC0, 0x00, 0x7C, 0x00,
    0x07, 0xC0, 0x00, 0x7C, 0x00, 0x07, 0xC0, 0x00, 0x7C, 0x00, 0x07, 0xC0, 0x00, 0x78, 0x00, 0x07,
    0xC0, 0x00, 0xF8, 0x00, 0x07, 0xC0, 0x00, 0xF8, 0x00, 0x07, 0xC0, 0x01, 0xF0, 0x00, 0x07, 0x80,
    0x01, 0xF0, 0x00, 0x07, 0x80, 0x03, 0xE0, 0x00, 0x07, 0x80, 0x07, 0xE0, 0x00, 0x07, 0x80, 0x07,
    0xC0, 0x00, 0x07, 0x80, 0x1F, 0x80, 0x00, 0x07, 0xC0, 0x3F, 0x80, 0x00, 0x07, 0xC0, 0x7F, 0x00,
    0x00, 0x07, 0xC1, 0xFE, 0x00, 0x00, 0x07, 0xCF, 0xFC, 0x00, 0x00, 0x03, 0xFF, 0xF0, 0x00, 0x00,
    0x03, 0xFF, 0xE0, 0x00, 0x00, 0x01, 0xFF, 0x80, 0x00, 0x00, 0x00, 0xFC, 0x00, 0x00, 0x00, 0x00,
    0x00, 0x00, 0x00, 0x00, 0x00, 0x00, 0x00, 0x00, 0x00, 0x00, 0x00, 0x00, 0x00, 0x00, 0x00, 0x00,
    0x00, 0x00, 0x00, 0x00, 0x00, 0x00, 0x00, 0x00, 0x00, 0x00, 0x00, 0x00, 0x00, 0x00, 0x00, 0x00,
    0x00, 0x00, 0x00, 0x00, 0x00, 0x00, 0x00, 0x00, 0x00, 0x00, 0x00, 0x00, 0x00, 0x00, 0x00, 0x00,
    0x00, 0x00, 0x00, 0x00, 0x00, 0x00, 0x00, 0x00, 0x00, 0x00, 0x00, 0x00, 0x00, 0x00, 0x00, 0x00,
    0x00, 0x00, 0x00, 0x00, 0x00, 0x00, 0x00, 0x00, 0x00, 0x00, 0x00, 0x00, 0x00, 0x00, 0x00, 0x00,
    0x00, 0x00, 0x00, 0x00, 0x00, 0x00, 0x00, 0x00, 0x00, 0x00, 0x00, 0x00, 0x00, 0x00, 0x00, 0x00,
    0x00, 0x00, 0x00, 0x00, 0x00, 0x00, 0x00, 0x00, 0x00, 0x00, 0x00, 0x00, 0x00, 0x00, 0x00, 0x00,
    0x00, 0x00, 0x00, 0x00, 0x00, 0x00, 0x00, 0x00, 0x00, 0x00, 0x00, 0x00, 0x00, 0x00, 0x00, 0x00,
    0x00, 0x00, 0x00, 0x0F, 0xFF, 0xF0, 0x07, 0xFF, 0xFF, 0xF8, 0x0F, 0xFF, 0xFF, 0xF8, 0x0F, 0xFF,
    0xFF, 0xF0, 0x0F, 0xFF, 0x80, 0x00, 0x03, 0xF8, 0x00, 0x00, 0x01, 0xF0, 0x00, 0x00, 0x01, 0xF0,
    0x00, 0x00, 0x03, 0xE0, 0x00, 0x00, 0x03, 0xE0, 0x00, 0x00, 0x07, 0xC0, 0x00, 0x00, 0x07, 0xC0,
    0x00, 0x00, 0x07, 0x80, 0x00, 0x00, 0x0F, 0x80, 0x00, 0x00, 0x0F, 0x00, 0x00, 0x00, 0x0F, 0x00,
    0x00, 0x00, 0x1F, 0x00, 0xFF, 0x80, 0x1F, 0x7F, 0xFF, 0xC0, 0x1F, 0xFF, 0xFF, 0xC0, 0x1F, 0xFF,
    0xFF, 0x80, 0x1F, 0xFF, 0xC0, 0x00, 0x1F, 0xE0, 0x00, 0x00, 0x1F, 0x00, 0x00, 0x00, 0x1F, 0x00,
    0x00, 0x00, 0x1F, 0x00, 0x00, 0x00, 0x1F, 0x00, 0x00, 0x00, 0x0F, 0x00, 0x00, 0x00, 0x0F, 0x80,
    0x00, 0x00, 0x0F, 0x80, 0x00, 0x00, 0x07, 0xC0, 0x00, 0x00, 0x07, 0xE0, 0x00, 0x00, 0x03, 0xF0,
    0x00, 0x78, 0x01, 0xFE, 0x03, 0xF8, 0x00, 0xFF, 0xFF, 0xF8, 0x00, 0x7F, 0xFF, 0xF0, 0x00, 0x1F,
    0xFF, 0xC0, 0x00, 0x07, 0xFE, 0x00, 0x00, 0x00, 0x00, 0x00, 0x00, 0x00, 0x00, 0x00, 0x00, 0x00,
    0x00, 0x00, 0x00, 0x00, 0x00, 0x00, 0x00, 0x00, 0x00, 0x00, 0x00, 0x00, 0x00, 0x00, 0x00, 0x00,
    0x00, 0x00, 0x00, 0x00, 0x00, 0x00, 0x00, 0x00, 0x00, 0x00, 0x00, 0x00, 0x00, 0x00, 0x00, 0x00,
    0x00, 0x00, 0x00, 0x00, 0x00, 0x00, 0x00, 0x00, 0x00, 0x00, 0x00, 0x00, 0x00, 0x00, 0x00, 0x00,
    0x00, 0x00, 0x00, 0x00, 0x00, 0x00, 0x00, 0x00, 0x00, 0x00, 0x00, 0x00, 0x00, 0x00, 0x00, 0x00,
    0x00, 0x00, 0x00, 0x00, 0x00, 0x00, 0x00, 0x00, 0x00, 0x00, 0x00, 0x00, 0x00, 0x00, 0x00, 0x00,
    0x00, 0x00, 0x00, 0x00, 0x00, 0x00, 0x00, 0x00, 0x00, 0x00, 0x00, 0x00, 0x00, 0x00, 0x00, 0x00,
    0x00, 0x00, 0x00, 0x00, 0x00, 0x00, 0x00, 0x00, 0x00, 0x00, 0x00, 0x00, 0x00, 0x00, 0x00, 0x00,
    0x00, 0x00, 0x00, 0x0F, 0xFF, 0x80, 0x07, 0xFF, 0xFF, 0xC0, 0x3F, 0xFF, 0xFF, 0xC0, 0x3F, 0xFF,
    0xFF, 0xC0, 0x3F, 0xFC, 0x00, 0x00, 0x0F, 0xE0, 0x00, 0x00, 0x03, 0xE0, 0x00, 0x00, 0x03, 0xE0,
    0x00, 0x00, 0x03, 0xE0, 0x00, 0x00, 0x03, 0xC0, 0x00, 0x00, 0x03, 0xC0, 0x00, 0x00, 0x07, 0xC0,
    0x00, 0x00, 0x07, 0xC0, 0x00, 0x00, 0x07, 0xC0, 0x00, 0x00, 0x07, 0xC0, 0x00, 0x00, 0x07, 0x80,
    0x00, 0x00, 0x07, 0x83, 0xFF, 0x00, 0x07, 0xFF, 0xFF, 0x80, 0x07, 0xFF, 0xFF, 0x80, 0x07, 0xFF,
    0xFF, 0x00, 0x07, 0xFF, 0x00, 0x00, 0x07, 0x80, 0x00, 0x00, 0x07, 0x80, 0x00, 0x00, 0x07, 0x80,
    0x00, 0x00, 0x07, 0x80, 0x00, 0x00, 0x07, 0x80, 0x00, 0x00, 0x07, 0x80, 0x00, 0x00, 0x07, 0x80,
    0x00, 0x00, 0x07, 0xC0, 0x00, 0x00, 0x07, 0xC0, 0x00, 0x00, 0x03, 0xC0, 0x00, 0x00, 0x03, 0xE0,
    0x00, 0x00, 0x03, 0xE0, 0x00, 0x00, 0x01, 0xF0, 0x00, 0x00, 0x01, 0xF0, 0x00, 0x00, 0x00, 0xF0,
    0x00, 0x00, 0x00, 0x70, 0x00, 0x00, 0x00, 0x00, 0x00, 0x00, 0x00, 0x00, 0x00, 0x00, 0x00, 0x00,
    0x00, 0x00, 0x00, 0x00, 0x00, 0x00, 0x00, 0x00, 0x00, 0x00, 0x00, 0x00, 0x00, 0x00, 0x00, 0x00,
    0x00, 0x00, 0x00, 0x00, 0x00, 0x00, 0x00, 0x00, 0x00, 0x00, 0x00, 0x00, 0x00, 0x00, 0x00, 0x00,
    0x00, 0x00, 0x00, 0x00, 0x00, 0x00, 0x00, 0x00, 0x00, 0x00, 0x00, 0x00, 0x00, 0x00, 0x00, 0x00,
    0x00, 0x00, 0x00, 0x00, 0x00, 0x00, 0x00, 0x00, 0x00, 0x00, 0x00, 0x00, 0x00, 0x00, 0x00, 0x00,
    0x00, 0x00, 0x00, 0x00, 0x00, 0x00, 0x00, 0x00, 0x00, 0x00, 0x00, 0x00, 0x00, 0x00, 0x00, 0x00,
    0x00, 0x00, 0x00, 0x00, 0x00, 0x00, 0x00, 0x00, 0x00, 0x00, 0x00, 0x00, 0x00, 0x00, 0x00, 0x00,
    0x00, 0x00, 0x00, 0x00, 0x00, 0x00, 0x00, 0x00, 0x00, 0x00, 0x00, 0x00, 0x00, 0x00, 0x00, 0x00,
    0x00, 0x00, 0x00, 0x00, 0x00, 0x00, 0x00, 0x00, 0x00, 0x00, 0x00, 0x00, 0x0F, 0xF0, 0x00, 0x00,
    0x00, 0x3F, 0xF8, 0x00, 0x00, 0x00, 0xFF, 0xFC, 0x00, 0x00, 0x03, 0xFF, 0xFC, 0x00, 0x00, 0x07,
    0xF8, 0x7C, 0x00, 0x00, 0x0F, 0xC0, 0x3C, 0x00, 0x00, 0x3F, 0x80, 0x38, 0x00, 0x00, 0x3F, 0x00,
    0x30, 0x00, 0x00, 0x7C, 0x00, 0x00, 0x00, 0x00, 0xF8, 0x00, 0x00, 0x00, 0x01, 0xF8, 0x00, 0x00,
    0x00, 0x01, 0xF0, 0x00, 0x00, 0x00, 0x03, 0xE0, 0x00, 0x00, 0x00, 0x07, 0xC0, 0x00, 0x00, 0x00,
    0x07, 0xC0, 0x00, 0x00, 0x00, 0x07, 0x80, 0x00, 0x00, 0x00, 0x0F, 0x80, 0x00, 0x3F, 0xF8, 0x0F,
    0x80, 0x0F, 0xFF, 0xF8, 0x0F, 0x00, 0x7F, 0xFF, 0xF8, 0x1F, 0x01, 0xFF, 0xFF, 0xF8, 0x1F, 0x01,
    0xFF, 0xFE, 0x00, 0x1F, 0x00, 0xFC, 0x7E, 0x00, 0x1E, 0x00, 0x00, 0x7E, 0x00, 0x1E, 0x00, 0x00,
    0xFE, 0x00, 0x1E, 0x00, 0x00, 0xFE, 0x00, 0x1F, 0x00, 0x01, 0xFE, 0x00, 0x1F, 0x00, 0x03, 0xFE,
    0x00, 0x1F, 0x00, 0x03, 0xDE, 0x00, 0x0F, 0x00, 0x07, 0xDF, 0x00, 0x0F, 0x80, 0x0F, 0x9F, 0x00,
    0x0F, 0xC0, 0x1F, 0x1F, 0x00, 0x07, 0xF0, 0xFE, 0x1F, 0x00, 0x03, 0xFF, 0xFC, 0x0F, 0x80, 0x01,
    0xFF, 0xF8, 0x0F, 0x80, 0x00, 0xFF, 0xF0, 0x0F, 0x80, 0x00, 0x3F, 0x80, 0x0F, 0xC0, 0x00, 0x00,
    0x00, 0x07, 0xC0, 0x00, 0x00, 0x00, 0x07, 0xE0, 0x00, 0x00, 0x00, 0x03, 0xE0, 0x00, 0x00, 0x00,
    0x03, 0xE0, 0x00, 0x00, 0x00, 0x01, 0xE0, 0x00, 0x00, 0x00, 0x00, 0x00, 0x00, 0x00, 0x00, 0x00,
    0x00, 0x00, 0x00, 0x00, 0x00, 0x00, 0x00, 0x00, 0x00, 0x00, 0x00, 0x00, 0x00, 0x00, 0x00, 0x00,
    0x00, 0x00, 0x00, 0x00, 0x00, 0x00, 0x00, 0x00, 0x00, 0x00, 0x00, 0x00, 0x00, 0x00, 0x00, 0x00,
    0x00, 0x00, 0x00, 0x00, 0x00, 0x00, 0x00, 0x00, 0x00, 0x00, 0x00, 0x00, 0x00, 0x00, 0x00, 0x00,
    0x00, 0x00, 0x00, 0x00, 0x00, 0x00, 0x00, 0x00, 0x00, 0x00, 0x00, 0x00, 0x00, 0x00, 0x00, 0x00,
    0x00, 0x00, 0x00, 0x00, 0x00, 0x00, 0x00, 0x00, 0x00, 0x00, 0x00, 0x00, 0x00, 0x00, 0x00, 0x00,
    0x00, 0x00, 0x00, 0x00, 0x00, 0x00, 0x00, 0x00, 0x00, 0x00, 0x00, 0x00, 0x00, 0x00, 0x00, 0x00,
    0x00, 0x00, 0x00, 0x00, 0x00, 0x01, 0x80, 0x00, 0x00, 0x00, 0x03, 0xC0, 0x00, 0x10, 0x00, 0x03,
    0xC0, 0x00, 0x3C, 0x00, 0x03, 0xC0, 0x00, 0x3C, 0x00, 0x03, 0xC0, 0x00, 0x3C, 0x00, 0x03, 0xC0,
    0x00, 0x3C, 0x00, 0x03, 0xC0, 0x00, 0x3C, 0x00, 0x03, 0xC0, 0x00, 0x3C, 0x00, 0x03, 0xC0, 0x00,
    0x3C, 0x00, 0x03, 0xC0, 0x00, 0x3C, 0x00, 0x03, 0xC0, 0x00, 0x3C, 0x00, 0x03, 0xC0, 0x00, 0x3C,
    0x00, 0x03, 0xC0, 0x00, 0x3C, 0x00, 0x03, 0xC0, 0x00, 0x3C, 0x00, 0x03, 0xC0, 0x00, 0x3C, 0x00,
    0x03, 0xC0, 0x00, 0x3C, 0x00, 0x03, 0xC0, 0x00, 0x3E, 0x00, 0x03, 0xFF, 0xFF, 0xFF, 0x80, 0x1F,
    0xFF, 0xFF, 0xFF, 0xC0, 0x1F, 0xFF, 0xFF, 0xFF, 0xC0, 0x1F, 0xFF, 0xFF, 0xFF, 0xC0, 0x0F, 0xF8,
    0x00, 0x3C, 0x00, 0x03, 0xC0, 0x00, 0x3C, 0x00, 0x03, 0xC0, 0x00, 0x3C, 0x00, 0x03, 0xC0, 0x00,
    0x3C, 0x00, 0x03, 0xC0, 0x00, 0x3C, 0x00, 0x03, 0xC0, 0x00, 0x3C, 0x00, 0x03, 0xC0, 0x00, 0x3E,
    0x00, 0x03, 0xC0, 0x00, 0x3E, 0x00, 0x03, 0xC0, 0x00, 0x3E, 0x00, 0x03, 0xC0, 0x00, 0x3E, 0x00,
    0x03, 0xC0, 0x00, 0x3E, 0x00, 0x03, 0xC0, 0x00, 0x3E, 0x00, 0x03, 0xC0, 0x00, 0x1E, 0x00, 0x03,
    0xC0, 0x00, 0x1E, 0x00, 0x01, 0xC0, 0x00, 0x1E, 0x00, 0x00, 0x00, 0x00, 0x0E, 0x00, 0x00, 0x00,
    0x00, 0x0E, 0x00, 0x00, 0x00, 0x00, 0x00, 0x00, 0x00, 0x00, 0x00, 0x00, 0x00, 0x00, 0x00, 0x00,
    0x00, 0x00, 0x00, 0x00, 0x00, 0x00, 0x00, 0x00, 0x00, 0x00, 0x00, 0x00, 0x00, 0x00, 0x00, 0x00,
    0x00, 0x00, 0x00, 0x00, 0x00, 0x00, 0x00, 0x00, 0x00, 0x00, 0x00, 0x00, 0x00, 0x00, 0x00, 0x00,
    0x00, 0x00, 0x00, 0x00, 0x00, 0x00, 0x00, 0x00, 0x00, 0x00, 0x00, 0x00, 0x00, 0x00, 0x00, 0x00,
    0x00, 0x00, 0x00, 0x00, 0x00, 0x00, 0x00, 0x00, 0x00, 0x00, 0x00, 0x00, 0x00, 0x00, 0x00, 0x00,
    0x00, 0x00, 0x00, 0x00, 0x00, 0x00, 0x00, 0x00, 0x00, 0x00, 0x00, 0x00, 0x00, 0x00, 0x00, 0x00,
    0x00, 0x00, 0x00, 0x00, 0x00, 0x00, 0x00, 0x00, 0x00, 0x00, 0x00, 0x00, 0x00, 0x00, 0x00, 0x00,
    0x00, 0x00, 0x00, 0x00, 0x00, 0x00, 0x00, 0x00, 0x00, 0x00, 0x00, 0x00, 0x00, 0x00, 0x00, 0x00,
    0x00, 0x00, 0x00, 0x00, 0x00, 0x00, 0x00, 0x00, 0x00, 0x00, 0x00, 0x00, 0x00, 0x00, 0x03, 0xFF,
    0xFF, 0xC0, 0x3F, 0xFF, 0xFF, 0xC0, 0x7F, 0xFF, 0xFF, 0xC0, 0x7F, 0xFF, 0xFF, 0x00, 0x3F, 0x9F,
    0x00, 0x00, 0x00, 0x0F, 0x00, 0x00, 0x00, 0x0F, 0x00, 0x00, 0x00, 0x0F, 0x00, 0x00, 0x00, 0x0F,
    0x00, 0x00, 0x00, 0x0F, 0x00, 0x00, 0x00, 0x0F, 0x00, 0x00, 0x00, 0x0F, 0x00, 0x00, 0x00, 0x0F,
    0x00, 0x00, 0x00, 0x0F, 0x00, 0x00, 0x00, 0x0F, 0x00, 0x00, 0x00, 0x0F, 0x00, 0x00, 0x00, 0x0F,
    0x00, 0x00, 0x00, 0x0F, 0x00, 0x00, 0x00, 0x0F, 0x00, 0x00, 0x00, 0x0F, 0x00, 0x00, 0x00, 0x0F,
    0x00, 0x00, 0x00, 0x0F, 0x00, 0x00, 0x00, 0x0F, 0x00, 0x00, 0x00, 0x0F, 0x00, 0x00, 0x00, 0x0F,
    0x00, 0x00, 0x00, 0x0F, 0x00, 0x00, 0x00, 0x0F, 0x00, 0x00, 0x00, 0x0F, 0x00, 0x00, 0x00, 0x0F,
    0x00, 0x00, 0x00, 0x0F, 0x00, 0x00, 0x3F, 0xFF, 0xFF, 0xC0, 0x7F, 0xFF, 0xFF, 0xC0, 0x7F, 0xFF,
    0xFF, 0xC0, 0x3F, 0xFF, 0xFF, 0x80, 0x00, 0x00, 0x00, 0x00, 0x00, 0x00, 0x00, 0x00, 0x00, 0x00,
    0x00, 0x00, 0x00, 0x00, 0x00, 0x00, 0x00, 0x00, 0x00, 0x00, 0x00, 0x00, 0x00, 0x00, 0x00, 0x00,
    0x00, 0x00, 0x00, 0x00, 0x00, 0x00, 0x00, 0x00, 0x00, 0x00, 0x00, 0x00, 0x00, 0x00, 0x00, 0x00,
    0x00, 0x00, 0x00, 0x00, 0x00, 0x00, 0x00, 0x00, 0x00, 0x00, 0x00, 0x00, 0x00, 0x00, 0x00, 0x00,
    0x00, 0x00, 0x00, 0x00, 0x00, 0x00, 0x00, 0x00, 0x00, 0x00, 0x00, 0x00, 0x00, 0x00, 0x00, 0x00,
    0x00, 0x00, 0x00, 0x00, 0x00, 0x00, 0x00, 0x00, 0x00, 0x00, 0x00, 0x00, 0x00, 0x00, 0x00, 0x00,
    0x00, 0x00, 0x00, 0x00, 0x00, 0x00, 0x00, 0x00, 0x00, 0x00, 0x00, 0x00, 0x00, 0x00, 0x00, 0x00,
    0x00, 0x00, 0x00, 0x00, 0x00, 0x00, 0x00, 0x00, 0x00, 0x00, 0x00, 0x00, 0x00, 0x00, 0x00, 0x00,
    0x00, 0x00, 0x3C, 0x00, 0x00, 0x00, 0x3F, 0xFF, 0xFF, 0xC0, 0x3F, 0xFF, 0xFF, 0xE0, 0x1F, 0xFF,
    0xFF, 0xE0, 0x0F, 0xFF, 0xFF, 0xC0, 0x00, 0x00, 0xF8, 0x00, 0x00, 0x00, 0x7C, 0x00, 0x00, 0x00,
    0x7C, 0x00, 0x00, 0x00, 0x3C, 0x00, 0x00, 0x00, 0x3E, 0x00, 0x00, 0x00, 0x3E, 0x00, 0x00, 0x00,
    0x3E, 0x00, 0x00, 0x00, 0x1E, 0x00, 0x00, 0x00, 0x1F, 0x00, 0x00, 0x00, 0x1F, 0x00, 0x00, 0x00,
    0x1F, 0x00, 0x00, 0x00, 0x0F, 0x00, 0x00, 0x00, 0x0F, 0x80, 0x00, 0x00, 0x0F, 0x80, 0x00, 0x00,
    0x0F, 0x80, 0x00, 0x00, 0x07, 0x80, 0x03, 0x80, 0x07, 0x80, 0x07, 0x80, 0x07, 0x80, 0x0F, 0x80,
    0x07, 0x80, 0x0F, 0x00, 0x07, 0x80, 0x1F, 0x00, 0x07, 0x80, 0x1E, 0x00, 0x07, 0x80, 0x1E, 0x00,
    0x07, 0x80, 0x1F, 0x00, 0x0F, 0x80, 0x1F, 0x00, 0x0F, 0x80, 0x1F, 0x80, 0x1F, 0x80, 0x0F, 0xE0,
    0x7F, 0x00, 0x07, 0xFF, 0xFE, 0x00, 0x03, 0xFF, 0xFC, 0x00, 0x01, 0xFF, 0xF8, 0x00, 0x00, 0x7F,
    0xC0, 0x00, 0x00, 0x00, 0x00, 0x00, 0x00, 0x00, 0x00, 0x00, 0x00, 0x00, 0x00, 0x00, 0x00, 0x00,
    0x00, 0x00, 0x00, 0x00, 0x00, 0x00, 0x00, 0x00, 0x00, 0x00, 0x00, 0x00, 0x00, 0x00, 0x00, 0x00,
    0x00, 0x00, 0x00, 0x00, 0x00, 0x00, 0x00, 0x00, 0x00, 0x00, 0x00, 0x00, 0x00, 0x00, 0x00, 0x00,
    0x00, 0x00, 0x00, 0x00, 0x00, 0x00, 0x00, 0x00, 0x00, 0x00, 0x00, 0x00, 0x00, 0x00, 0x00, 0x00,
    0x00, 0x00, 0x00, 0x00, 0x00, 0x00, 0x00, 0x00, 0x00, 0x00, 0x00, 0x00, 0x00, 0x00, 0x00, 0x00,
    0x00, 0x00, 0x00, 0x00, 0x00, 0x00, 0x00, 0x00, 0x00, 0x00, 0x00, 0x00, 0x00, 0x00, 0x00, 0x00,
    0x00, 0x00, 0x00, 0x00, 0x00, 0x00, 0x00, 0x00, 0x00, 0x00, 0x00, 0x00, 0x00, 0x00, 0x00, 0x00,
    0x00, 0x00, 0x00, 0x00, 0x00, 0x00, 0x00, 0x00, 0x00, 0x00, 0x00, 0x00, 0x00, 0x00, 0x00, 0x00,
    0x00, 0x00, 0x00, 0x00, 0x00, 0x00, 0x00, 0x00, 0x00, 0x06, 0x00, 0x00, 0x00, 0x00, 0x0F, 0x00,
    0x00, 0x60, 0x00, 0x0F, 0x80, 0x01, 0xF0, 0x00, 0x0F, 0x80, 0x07, 0xF0, 0x00, 0x0F, 0x80, 0x0F,
    0xF0, 0x00, 0x07, 0x80, 0x3F, 0xE0, 0x00, 0x07, 0x80, 0x7F, 0x80, 0x00, 0x07, 0x80, 0xFF, 0x00,
    0x00, 0x07, 0x81, 0xFC, 0x00, 0x00, 0x07, 0x83, 0xF8, 0x00, 0x00, 0x07, 0x87, 0xE0, 0x00, 0x00,
    0x07, 0x8F, 0xC0, 0x00, 0x00, 0x07, 0x9F, 0x80, 0x00, 0x00, 0x07, 0x9F, 0x00, 0x00, 0x00, 0x07,
    0xBE, 0x00, 0x00, 0x00, 0x0F, 0xFE, 0x00, 0x00, 0x00, 0x0F, 0xFC, 0x00, 0x00, 0x00, 0x0F, 0xF8,
    0x00, 0x00, 0x00, 0x0F, 0xF8, 0x00, 0x00, 0x00, 0x0F, 0xF8, 0x00, 0x00, 0x00, 0x0F, 0xF0, 0x00,
    0x00, 0x00, 0x0F, 0xF8, 0x00, 0x00, 0x00, 0x0F, 0xF8, 0x00, 0x00, 0x00, 0x0F, 0xF8, 0x00, 0x00,
    0x00, 0x0F, 0xFC, 0x00, 0x00, 0x00, 0x0F, 0x7E, 0x00, 0x00, 0x00, 0x0F, 0x3F, 0x00, 0x00, 0x00,
    0x0F, 0x1F, 0xC0, 0x00, 0x00, 0x0F, 0x0F, 0xE0, 0x00, 0x00, 0x0F, 0x07, 0xF8, 0x00, 0x00, 0x0F,
    0x03, 0xFE, 0x00, 0x00, 0x0F, 0x81, 0xFF, 0x80, 0x00, 0x0F, 0x80, 0x7F, 0xF8, 0x00, 0x0F, 0x80,
    0x3F, 0xFE, 0x00, 0x07, 0x80, 0x0F, 0xFE, 0x00, 0x07, 0x80, 0x01, 0xFE, 0x00, 0x03, 0x00, 0x00,
    0x3E, 0x00, 0x00, 0x00, 0x00, 0x00, 0x00, 0x00, 0x00, 0x00, 0x00, 0x00, 0x00, 0x00, 0x00, 0x00,
    0x00, 0x00, 0x00, 0x00, 0x00, 0x00, 0x00, 0x00, 0x00, 0x00, 0x00, 0x00, 0x00, 0x00, 0x00, 0x00,
    0x00, 0x00, 0x00, 0x00, 0x00, 0x00, 0x00, 0x00, 0x00, 0x00, 0x00, 0x00, 0x00, 0x00, 0x00, 0x00,
    0x00, 0x00, 0x00, 0x00, 0x00, 0x00, 0x00, 0x00, 0x00, 0x00, 0x00, 0x00, 0x00, 0x00, 0x00, 0x00,
    0x00, 0x00, 0x00, 0x00, 0x00, 0x00, 0x00, 0x00, 0x00, 0x00, 0x00, 0x00, 0x00, 0x00, 0x00, 0x00,
    0x00, 0x00, 0x00, 0x00, 0x00, 0x00, 0x00, 0x00, 0x00, 0x00, 0x00, 0x00, 0x00, 0x00, 0x00, 0x00,
    0x00, 0x00, 0x00, 0x00, 0x00, 0x00, 0x00, 0x00, 0x00, 0x00, 0x00, 0x00, 0x00, 0x00, 0x00, 0x00,
    0x00, 0x00, 0x00, 0x00, 0x00, 0x00, 0x00, 0x00, 0x00, 0x00, 0x00, 0x00, 0x00, 0x00, 0x00, 0x00,
    0x00, 0x00, 0x00, 0x00, 0x00, 0x00, 0x00, 0x00, 0x00, 0x00, 0x00, 0x00, 0x01, 0xC0, 0x00, 0x00,
    0x01, 0xE0, 0x00, 0x00, 0x01, 0xE0, 0x00, 0x00, 0x01, 0xE0, 0x00, 0x00, 0x01, 0xE0, 0x00, 0x00,
    0x03, 0xE0, 0x00, 0x00, 0x03, 0xE0, 0x00, 0x00, 0x03, 0xE0, 0x00, 0x00, 0x03, 0xE0, 0x00, 0x00,
    0x03, 0xC0, 0x00, 0x00, 0x03, 0xC0, 0x00, 0x00, 0x07, 0xC0, 0x00, 0x00, 0x07, 0xC0, 0x00, 0x00,
    0x07, 0xC0, 0x00, 0x00, 0x07, 0xC0, 0x00, 0x00, 0x07, 0x80, 0x00, 0x00, 0x0F, 0x80, 0x00, 0x00,
    0x0F, 0x80, 0x00, 0x00, 0x0F, 0x80, 0x00, 0x00, 0x0F, 0x80, 0x00, 0x00, 0x0F, 0x80, 0x00, 0x00,
    0x0F, 0x00, 0x00, 0x00, 0x0F, 0x00, 0x00, 0x00, 0x0F, 0x00, 0x00, 0x00, 0x0F, 0x80, 0x00, 0x00,
    0x0F, 0x80, 0x00, 0x00, 0x0F, 0x80, 0x00, 0x00, 0x07, 0x80, 0x00, 0x00, 0x07, 0xC0, 0x00, 0x00,
    0x07, 0xE0, 0x03, 0xC0, 0x03, 0xF0, 0x1F, 0xC0, 0x03, 0xFF, 0xFF, 0xC0, 0x01, 0xFF, 0xFF, 0x80,
    0x00, 0x7F, 0xFF, 0x00, 0x00, 0x1F, 0xF0, 0x00, 0x00, 0x00, 0x00, 0x00, 0x00, 0x00, 0x00, 0x00,
    0x00, 0x00, 0x00, 0x00, 0x00, 0x00, 0x00, 0x00, 0x00, 0x00, 0x00, 0x00, 0x00, 0x00, 0x00, 0x00,
    0x00, 0x00, 0x00, 0x00, 0x00, 0x00, 0x00, 0x00, 0x00, 0x00, 0x00, 0x00, 0x00, 0x00, 0x00, 0x00,
    0x00, 0x00, 0x00, 0x00, 0x00, 0x00, 0x00, 0x00, 0x00, 0x00, 0x00, 0x00, 0x00, 0x00, 0x00, 0x00,
    0x00, 0x00, 0x00, 0x00, 0x00, 0x00, 0x00, 0x00, 0x00, 0x00, 0x00, 0x00, 0x00, 0x00, 0x00, 0x00,
    0x00, 0x00, 0x00, 0x00, 0x00, 0x00, 0x00, 0x00, 0x00, 0x00, 0x00, 0x00, 0x00, 0x00, 0x00, 0x00,
    0x00, 0x00, 0x00, 0x00, 0x00, 0x00, 0x00, 0x00, 0x00, 0x00, 0x00, 0x00, 0x00, 0x00, 0x00, 0x00,
    0x00, 0x00, 0x00, 0x00, 0x00, 0x00, 0x00, 0x00, 0x00, 0x00, 0x00, 0x00, 0x00, 0x00, 0x00, 0x00,
    0x00, 0x00, 0x00, 0x00, 0x00, 0x00, 0x00, 0x00, 0x00, 0x00, 0x00, 0x00, 0x00, 0x00, 0x00, 0x00,
    0x00, 0x00, 0x00, 0x00, 0x00, 0x00, 0x00, 0x00, 0x00, 0x00, 0x00, 0x00, 0x00, 0x00, 0x00, 0x00,
    0x00, 0x00, 0x00, 0x00, 0x00, 0x00, 0x00, 0x07, 0x00, 0x00, 0x1C, 0x00, 0x00, 0x0F, 0x80, 0x00,
    0x3E, 0x00, 0x00, 0x1F, 0xC0, 0x00, 0x7F, 0x00, 0x04, 0x1F, 0xC0, 0x00, 0xFF, 0x00, 0x0E, 0x3F,
    0xE0, 0x00, 0xFF, 0x80, 0x0F, 0x3F, 0xE0, 0x01, 0xFF, 0x80, 0x0F, 0x7F, 0xE0, 0x01, 0xFF, 0x80,
    0x0F, 0xF9, 0xF0, 0x03, 0xE7, 0x80, 0x07, 0xF9, 0xF0, 0x03, 0xE7, 0x80, 0x07, 0xF9, 0xF0, 0x03,
    0xE7, 0xC0, 0x07, 0xF0, 0xF0, 0x07, 0xC7, 0xC0, 0x07, 0xF0, 0xF0, 0x07, 0xC7, 0xC0, 0x07, 0xF0,
    0xF8, 0x07, 0x87, 0xC0, 0x07, 0xE0, 0xF8, 0x0F, 0x87, 0xC0, 0x07, 0xE0, 0xF8, 0x0F, 0x87, 0xC0,
    0x07, 0xE0, 0xF8, 0x0F, 0x03, 0xC0, 0x07, 0xE0, 0x78, 0x1F, 0x03, 0xC0, 0x07, 0xE0, 0x78, 0x1F,
    0x03, 0xC0, 0x07, 0xC0, 0x78, 0x1F, 0x03, 0xC0, 0x07, 0xC0, 0x7C, 0x1E, 0x03, 0xE0, 0x07, 0xC0,
    0x7C, 0x3E, 0x03, 0xE0, 0x07, 0xC0, 0x7C, 0x3E, 0x03, 0xE0, 0x07, 0xC0, 0x3C, 0x3C, 0x03, 0xE0,
    0x07, 0xC0, 0x3C, 0x7C, 0x03, 0xE0, 0x07, 0xC0, 0x3E, 0x7C, 0x01, 0xF0, 0x07, 0xC0, 0x3E, 0x78,
    0x01, 0xF0, 0x07, 0xC0, 0x3E, 0xF8, 0x01, 0xF0, 0x07, 0xC0, 0x1F, 0xF8, 0x01, 0xF0, 0x07, 0xC0,
    0x1F, 0xF0, 0x00, 0xF8, 0x07, 0x80, 0x1F, 0xF0, 0x00, 0xF8, 0x07, 0x80, 0x0F, 0xF0, 0x00, 0xF8,
    0x07, 0x80, 0x0F, 0xE0, 0x00, 0x7C, 0x07, 0x80, 0x07, 0xE0, 0x00, 0x7C, 0x03, 0x80, 0x07, 0xC0,
    0x00, 0x3C, 0x03, 0x80, 0x03, 0xC0, 0x00, 0x1C, 0x00, 0x00, 0x00, 0x00, 0x00, 0x00, 0x00, 0x00,
    0x00, 0x00, 0x00, 0x00, 0x00, 0x00, 0x00, 0x00, 0x00, 0x00, 0x00, 0x00, 0x00, 0x00, 0x00, 0x00,
    0x00, 0x00, 0x00, 0x00, 0x00, 0x00, 0x00, 0x00, 0x00, 0x00, 0x00, 0x00, 0x00, 0x00, 0x00, 0x00,
    0x00, 0x00, 0x00, 0x00, 0x00, 0x00, 0x00, 0x00, 0x00, 0x00, 0x00, 0x00, 0x00, 0x00, 0x00, 0x00,
    0x00, 0x00, 0x00, 0x00, 0x00, 0x00, 0x00, 0x00, 0x00, 0x00, 0x00, 0x00, 0x00, 0x00, 0x00, 0x00,
    0x00, 0x00, 0x00, 0x00, 0x00, 0x00, 0x00, 0x00, 0x00, 0x00, 0x00, 0x00, 0x00, 0x00, 0x00, 0x00,
    0x00, 0x00, 0x00, 0x00, 0x00, 0x00, 0x00, 0x00, 0x00, 0x00, 0x00, 0x00, 0x00, 0x00, 0x00, 0x00,
    0x00, 0x00, 0x00, 0x00, 0x00, 0x00, 0x00, 0x00, 0x00, 0x00, 0x00, 0x00, 0x00, 0x00, 0x00, 0x00,
    0x00, 0x00, 0x00, 0x00, 0x00, 0x00, 0x00, 0x00, 0x00, 0x00, 0x00, 0x00, 0x00, 0x00, 0x00, 0x00,
    0x00, 0x00, 0x00, 0x00, 0x00, 0x00, 0x00, 0x00, 0x00, 0x00, 0x00, 0x00, 0x00, 0x00, 0x00, 0x00,
    0x00, 0x00, 0x00, 0x00, 0x00, 0x00, 0x00, 0x00, 0x00, 0x00, 0x00, 0x00, 0x00, 0x00, 0x00, 0x00,
    0x00, 0x03, 0xC0, 0x00, 0x03, 0x80, 0x07, 0xE0, 0x00, 0x07, 0xC0, 0x07, 0xF0, 0x00, 0x07, 0xC0,
    0x0F, 0xF8, 0x00, 0x07, 0xC0, 0x0F, 0xFC, 0x00, 0x07, 0xC0, 0x07, 0xFE, 0x00, 0x07, 0xC0, 0x07,
    0xFE, 0x00, 0x07, 0x80, 0x07, 0xBF, 0x00, 0x07, 0x80, 0x07, 0x9F, 0x00, 0x07, 0x80, 0x07, 0x9F,
    0x80, 0x07, 0x80, 0x07, 0x8F, 0x80, 0x07, 0x80, 0x07, 0x87, 0xC0, 0x07, 0x80, 0x07, 0x87, 0xC0,
    0x07, 0x80, 0x07, 0x83, 0xE0, 0x07, 0x80, 0x07, 0x83, 0xE0, 0x07, 0x80, 0x07, 0x81, 0xE0, 0x07,
    0x80, 0x07, 0x81, 0xF0, 0x07, 0x80, 0x07, 0x81, 0xF0, 0x07, 0x80, 0x07, 0x80, 0xF8, 0x07, 0x80,
    0x07, 0x80, 0xF8, 0x07, 0x80, 0x07, 0x80, 0x7C, 0x07, 0x80, 0x07, 0x80, 0x7C, 0x07, 0x80, 0x07,
    0x80, 0x7C, 0x07, 0x80, 0x07, 0x80, 0x3E, 0x07, 0x80, 0x07, 0x80, 0x3E, 0x07, 0x80, 0x07, 0x80,
    0x1F, 0x0F, 0x80, 0x0F, 0x80, 0x1F, 0x0F, 0x80, 0x0F, 0x80, 0x0F, 0x8F, 0x80, 0x0F, 0x80, 0x0F,
    0xCF, 0x80, 0x0F, 0x80, 0x07, 0xEF, 0x80, 0x0F, 0x00, 0x07, 0xFF, 0x00, 0x0F, 0x00, 0x03, 0xFF,
    0x00, 0x1F, 0x00, 0x01, 0xFF, 0x00, 0x0E, 0x00, 0x00, 0xFE, 0x00, 0x0E, 0x00, 0x00, 0x7C, 0x00,
    0x00, 0x00, 0x00, 0x00, 0x00, 0x00, 0x00, 0x00, 0x00, 0x00, 0x00, 0x00, 0x00, 0x00, 0x00, 0x00,
    0x00, 0x00, 0x00, 0x00, 0x00, 0x00, 0x00, 0x00, 0x00, 0x00, 0x00, 0x00, 0x00, 0x00, 0x00, 0x00,
    0x00, 0x00, 0x00, 0x00, 0x00, 0x00, 0x00, 0x00, 0x00, 0x00, 0x00, 0x00, 0x00, 0x00, 0x00, 0x00,
    0x00, 0x00, 0x00, 0x00, 0x00, 0x00, 0x00, 0x00, 0x00, 0x00, 0x00, 0x00, 0x00, 0x00, 0x00, 0x00,
    0x00, 0x00, 0x00, 0x00, 0x00, 0x00, 0x00, 0x00, 0x00, 0x00, 0x00, 0x00, 0x00, 0x00, 0x00, 0x00,
    0x00, 0x00, 0x00, 0x00, 0x00, 0x00, 0x00, 0x00, 0x00, 0x00, 0x00, 0x00, 0x00, 0x00, 0x00, 0x00,
    0x00, 0x00, 0x00, 0x00, 0x00, 0x00, 0x00, 0x00, 0x00, 0x00, 0x00, 0x00, 0x00, 0x00, 0x00, 0x00,
    0x00, 0x00, 0x00, 0x00, 0x00, 0x00, 0x00, 0x00, 0x00, 0x00, 0x00, 0x00, 0x00, 0x00, 0x00, 0x00,
    0x00, 0x00, 0x00, 0x00, 0x00, 0x00, 0x00, 0x00, 0x00, 0x00, 0x00, 0x00, 0x00, 0x00, 0x00, 0x00,
    0x00, 0x00, 0x03, 0xF8, 0x00, 0x00, 0x00, 0x07, 0xFE, 0x00, 0x00, 0x00, 0x0F, 0xFF, 0x80, 0x00,
    0x00, 0x1F, 0xFF, 0xC0, 0x00, 0x00, 0x3F, 0x0F, 0xE0, 0x00, 0x00, 0x7F, 0x03, 0xF0, 0x00, 0x00,
    0xFE, 0x01, 0xF8, 0x00, 0x01, 0xFE, 0x00, 0xF8, 0x00, 0x03, 0xFE, 0x00, 0x7C, 0x00, 0x03, 0xE0,
    0x00, 0x7C, 0x00, 0x07, 0xE0, 0x00, 0x3E, 0x00, 0x07, 0xC0, 0x00, 0x3E, 0x00, 0x0F, 0x80, 0x00,
    0x3E, 0x00, 0x0F, 0x80, 0x00, 0x1E, 0x00, 0x0F, 0x00, 0x00, 0x1F, 0x00, 0x1F, 0x00, 0x00, 0x1F,
    0x00, 0x1F, 0x00, 0x00, 0x1F, 0x00, 0x1F, 0x00, 0x00, 0x1F, 0x00, 0x1F, 0x00, 0x00, 0x0F, 0x00,
    0x1E, 0x00, 0x00, 0x0F, 0x00, 0x1E, 0x00, 0x00, 0x0F, 0x00, 0x1F, 0x00, 0x00, 0x1F, 0x00, 0x1F,
    0x00, 0x00, 0x1F, 0x00, 0x1F, 0x00, 0x00, 0x1F, 0x00, 0x0F, 0x00, 0x00, 0x1E, 0x00, 0x0F, 0x80,
    0x00, 0x3E, 0x00, 0x0F, 0x80, 0x00, 0x7C, 0x00, 0x07, 0xC0, 0x00, 0xFC, 0x00, 0x07, 0xE0, 0x01,
    0xF8, 0x00, 0x03, 0xF8, 0x07, 0xF0, 0x00, 0x01, 0xFF, 0xFF, 0xE0, 0x00, 0x00, 0xFF, 0xFF, 0xC0,
    0x00, 0x00, 0x7F, 0xFF, 0x80, 0x00, 0x00, 0x1F, 0xFE, 0x00, 0x00, 0x00, 0x00, 0xC0, 0x00, 0x00,
    0x00, 0x00, 0x00, 0x00, 0x00, 0x00, 0x00, 0x00, 0x00, 0x00, 0x00, 0x00, 0x00, 0x00, 0x00, 0x00,
    0x00, 0x00, 0x00, 0x00, 0x00, 0x00, 0x00, 0x00, 0x00, 0x00, 0x00, 0x00, 0x00, 0x00, 0x00, 0x00,
    0x00, 0x00, 0x00, 0x00, 0x00, 0x00, 0x00, 0x00, 0x00, 0x00, 0x00, 0x00, 0x00, 0x00, 0x00, 0x00,
    0x00, 0x00, 0x00, 0x00, 0x00, 0x00, 0x00, 0x00, 0x00, 0x00, 0x00, 0x00, 0x00, 0x00, 0x00, 0x00,
    0x00, 0x00, 0x00, 0x00, 0x00, 0x00, 0x00, 0x00, 0x00, 0x00, 0x00, 0x00, 0x00, 0x00, 0x00, 0x00,
    0x00, 0x00, 0x00, 0x00, 0x00, 0x00, 0x00, 0x00, 0x00, 0x00, 0x00, 0x00, 0x00, 0x00, 0x00, 0x00,
    0x00, 0x00, 0x00, 0x00, 0x00, 0x00, 0x00, 0x00, 0x00, 0x00, 0x00, 0x00, 0x00, 0x00, 0x00, 0x00,
    0x00, 0x00, 0x00, 0x00, 0x00, 0x00, 0x00, 0x00, 0x00, 0x00, 0x00, 0x00, 0x00, 0x00, 0x00, 0x00,
    0x00, 0x00, 0x00, 0x00, 0x00, 0x00, 0x00, 0x00, 0x00, 0x3F, 0xC0, 0x00, 0x00, 0xFF, 0xF8, 0x00,
    0x03, 0xFF, 0xFC, 0x00, 0x03, 0xFF, 0xFE, 0x00, 0x07, 0xF0, 0x7F, 0x00, 0x0F, 0xC0, 0x1F, 0x80,
    0x0F, 0x80, 0x0F, 0x80, 0x0F, 0x00, 0x07, 0x80, 0x1F, 0x00, 0x07, 0xC0, 0x1F, 0x00, 0x07, 0xC0,
    0x1E, 0x00, 0x03, 0xC0, 0x1E, 0x00, 0x03, 0xC0, 0x1E, 0x00, 0x07, 0xC0, 0x1F, 0x00, 0x07, 0xC0,
    0x1F, 0x00, 0x07, 0xC0, 0x1F, 0x00, 0x0F, 0x80, 0x1F, 0x00, 0x0F, 0x80, 0x0F, 0x00, 0x1F, 0x00,
    0x0F, 0x80, 0x3F, 0x00, 0x0F, 0xC1, 0xFE, 0x00, 0x0F, 0xFF, 0xFC, 0x00, 0x07, 0xFF, 0xF8, 0x00,
    0x07, 0xFF, 0xE0, 0x00, 0x07, 0xFF, 0x80, 0x00, 0x07, 0xC0, 0x00, 0x00, 0x07, 0xC0, 0x00, 0x00,
    0x03, 0xC0, 0x00, 0x00, 0x03, 0xC0, 0x00, 0x00, 0x03, 0xC0, 0x00, 0x00, 0x03, 0xC0, 0x00, 0x00,
    0x03, 0xC0, 0x00, 0x00, 0x03, 0xC0, 0x00, 0x00, 0x03, 0xC0, 0x00, 0x00, 0x03, 0xC0, 0x00, 0x00,
    0x01, 0xC0, 0x00, 0x00, 0x00, 0x80, 0x00, 0x00, 0x00, 0x00, 0x00, 0x00, 0x00, 0x00, 0x00, 0x00,
    0x00, 0x00, 0x00, 0x00, 0x00, 0x00, 0x00, 0x00, 0x00, 0x00, 0x00, 0x00, 0x00, 0x00, 0x00, 0x00,
    0x00, 0x00, 0x00, 0x00, 0x00, 0x00, 0x00, 0x00, 0x00, 0x00, 0x00, 0x00, 0x00, 0x00, 0x00, 0x00,
    0x00, 0x00, 0x00, 0x00, 0x00, 0x00, 0x00, 0x00, 0x00, 0x00, 0x00, 0x00, 0x00, 0x00, 0x00, 0x00,
    0x00, 0x00, 0x00, 0x00, 0x00, 0x00, 0x00, 0x00, 0x00, 0x00, 0x00, 0x00, 0x00, 0x00, 0x00, 0x00,
    0x00, 0x00, 0x00, 0x00, 0x00, 0x00, 0x00, 0x00, 0x00, 0x00, 0x00, 0x00, 0x00, 0x00, 0x00, 0x00,
    0x00, 0x00, 0x00, 0x00, 0x00, 0x00, 0x00, 0x00, 0x00, 0x00, 0x00, 0x00, 0x00, 0x00, 0x00, 0x00,
    0x00, 0x00, 0x00, 0x00, 0x00, 0x00, 0x00, 0x00, 0x00, 0x00, 0x00, 0x00, 0x00, 0x00, 0x00, 0x00,
    0x00, 0x00, 0x00, 0x00, 0x00, 0x00, 0x00, 0x00, 0x00, 0x00, 0x00, 0x7F, 0x00, 0x00, 0x00, 0x01,
    0xFF, 0xC0, 0x00, 0x00, 0x07, 0xFF, 0xE0, 0x00, 0x00, 0x3F, 0xFF, 0xF0, 0x00, 0x00, 0x7F, 0xC3,
    0xF8, 0x00, 0x00, 0xFF, 0x00, 0xFC, 0x00, 0x01, 0xFE, 0x00, 0x7E, 0x00, 0x01, 0xFC, 0x00, 0x3E,
    0x00, 0x03, 0xF8, 0x00, 0x1F, 0x00, 0x07, 0xF8, 0x00, 0x1F, 0x00, 0x07, 0xF0, 0x00, 0x0F, 0x80,
    0x0F, 0xE0, 0x00, 0x0F, 0x80, 0x0F, 0x80, 0x00, 0x0F, 0x80, 0x0F, 0x80, 0x00, 0x07, 0x80, 0x0F,
    0x00, 0x00, 0x07, 0xC0, 0x1F, 0x00, 0x00, 0x07, 0xC0, 0x1F, 0x00, 0x00, 0x07, 0xC0, 0x1F, 0x00,
    0x00, 0x07, 0xC0, 0x1F, 0x00, 0x00, 0x03, 0xC0, 0x1E, 0x00, 0x38, 0x03, 0xC0, 0x1E, 0x00, 0x7C,
    0x03, 0xC0, 0x1E, 0x00, 0x7C, 0x07, 0xC0, 0x1F, 0x00, 0x3E, 0x07, 0xC0, 0x1F, 0x00, 0x3F, 0x07,
    0xC0, 0x1F, 0x00, 0x1F, 0x07, 0x80, 0x0F, 0x00, 0x0F, 0x8F, 0x80, 0x0F, 0x80, 0x0F, 0x8F, 0x80,
    0x0F, 0x80, 0x07, 0xDF, 0x00, 0x07, 0xC0, 0x07, 0xDF, 0x00, 0x07, 0xE0, 0x03, 0xFE, 0x00, 0x03,
    0xF0, 0x03, 0xFE, 0x00, 0x03, 0xFC, 0x03, 0xFC, 0x00, 0x01, 0xFF, 0xFF, 0xF8, 0x00, 0x00, 0xFF,
    0xFF, 0xF8, 0x00, 0x00, 0x3F, 0xFF, 0xFC, 0x00, 0x00, 0x0F, 0xFF, 0x7C, 0x00, 0x00, 0x00, 0x70,
    0x7E, 0x00, 0x00, 0x00, 0x00, 0x3F, 0x00, 0x00, 0x00, 0x00, 0x1F, 0x80, 0x00, 0x00, 0x00, 0x0F,
    0x80, 0x00, 0x00, 0x00, 0x07, 0x80, 0x00, 0x00, 0x00, 0x00, 0x00, 0x00, 0x00, 0x00, 0x00, 0x00,
    0x00, 0x00, 0x00, 0x00, 0x00, 0x00, 0x00, 0x00, 0x00, 0x00, 0x00, 0x00, 0x00, 0x00, 0x00, 0x00,
    0x00, 0x00, 0x00, 0x00, 0x00, 0x00, 0x00, 0x00, 0x00, 0x00, 0x00, 0x00, 0x00, 0x00, 0x00, 0x00,
    0x00, 0x00, 0x00, 0x00, 0x00, 0x00, 0x00, 0x00, 0x00, 0x00, 0x00, 0x00, 0x00, 0x00, 0x00, 0x00,
    0x00, 0x00, 0x00, 0x00, 0x00, 0x00, 0x00, 0x00, 0x00, 0x00, 0x00, 0x00, 0x00, 0x00, 0x00, 0x00,
    0x00, 0x00, 0x00, 0x00, 0x00, 0x00, 0x00, 0x00, 0x00, 0x00, 0x00, 0x00, 0x00, 0x00, 0x00, 0x00,
    0x00, 0x00, 0x00, 0x00, 0x00, 0x00, 0x00, 0x00, 0x00, 0x00, 0x00, 0x00, 0x00, 0x00, 0x00, 0x00,
    0x00, 0x00, 0x00, 0x00, 0x00, 0x00, 0x00, 0x00, 0x00, 0x00, 0x00, 0x00, 0x00, 0x00, 0x00, 0x00,
    0x00, 0x00, 0x00, 0x00, 0x00, 0x00, 0x00, 0x00, 0x00, 0x00, 0x00, 0x00, 0x00, 0x00, 0x00, 0x1F,
    0xE0, 0x00, 0x00, 0x00, 0x7F, 0xF0, 0x00, 0x00, 0x01, 0xFF, 0xFC, 0x00, 0x00, 0x03, 0xFF, 0xFC,
    0x00, 0x1C, 0x07, 0xF0, 0x7E, 0x00, 0x1E, 0x0F, 0xC0, 0x3E, 0x00, 0x1F, 0x1F, 0x80, 0x1E, 0x00,
    0x1F, 0x3F, 0x00, 0x1E, 0x00, 0x0F, 0x3E, 0x00, 0x1E, 0x00, 0x0F, 0xFC, 0x00, 0x1E, 0x00, 0x0F,
    0xF8, 0x00, 0x1E, 0x00, 0x07, 0xF8, 0x00, 0x3E, 0x00, 0x07, 0xF0, 0x00, 0x3E, 0x00, 0x07, 0xF0,
    0x00, 0x7C, 0x00, 0x07, 0xE0, 0x00, 0xFC, 0x00, 0x07, 0xE0, 0x01, 0xF8, 0x00, 0x07, 0xC0, 0x07,
    0xF0, 0x00, 0x07, 0xC0, 0x0F, 0xE0, 0x00, 0x07, 0xC0, 0x3F, 0xC0, 0x00, 0x07, 0x80, 0xFF, 0x80,
    0x00, 0x0F, 0x87, 0xFE, 0x00, 0x00, 0x0F, 0x9F, 0xF8, 0x00, 0x00, 0x0F, 0xFF, 0xE0, 0x00, 0x00,
    0x0F, 0x7F, 0x80, 0x00, 0x00, 0x0F, 0x7E, 0x00, 0x00, 0x00, 0x1F, 0x3F, 0x00, 0x00, 0x00, 0x1F,
    0x3F, 0xC0, 0x00, 0x00, 0x1F, 0x1F, 0xE0, 0x00, 0x00, 0x1F, 0x07, 0xF8, 0x00, 0x00, 0x1F, 0x03,
    0xFE, 0x00, 0x00, 0x1E, 0x01, 0xFF, 0xC0, 0x00, 0x1E, 0x00, 0x7F, 0xF0, 0x00, 0x1E, 0x00, 0x1F,
    0xFE, 0x00, 0x1E, 0x00, 0x0F, 0xFF, 0x80, 0x1E, 0x00, 0x01, 0xFF, 0xC0, 0x0E, 0x00, 0x00, 0x7F,
    0xC0, 0x0E, 0x00, 0x00, 0x0F, 0x80, 0x00, 0x00, 0x00, 0x00, 0x00, 0x00, 0x00, 0x00, 0x00, 0x00,
    0x00, 0x00, 0x00, 0x00, 0x00, 0x00, 0x00, 0x00, 0x00, 0x00, 0x00, 0x00, 0x00, 0x00, 0x00, 0x00,
    0x00, 0x00, 0x00, 0x00, 0x00, 0x00, 0x00, 0x00, 0x00, 0x00, 0x00, 0x00, 0x00, 0x00, 0x00, 0x00,
    0x00, 0x00, 0x00, 0x00, 0x00, 0x00, 0x00, 0x00, 0x00, 0x00, 0x00, 0x00, 0x00, 0x00, 0x00, 0x00,
    0x00, 0x00, 0x00, 0x00, 0x00, 0x00, 0x00, 0x00, 0x00, 0x00, 0x00, 0x00, 0x00, 0x00, 0x00, 0x00,
    0x00, 0x00, 0x00, 0x00, 0x00, 0x00, 0x00, 0x00, 0x00, 0x00, 0x00, 0x00, 0x00, 0x00, 0x00, 0x00,
    0x00, 0x00, 0x00, 0x00, 0x00, 0x00, 0x00, 0x00, 0x00, 0x00, 0x00, 0x00, 0x00, 0x00, 0x00, 0x00,
    0x00, 0x00, 0x00, 0x00, 0x00, 0x00, 0x00, 0x00, 0x00, 0x00, 0x00, 0x00, 0x00, 0x00, 0x00, 0x00,
    0x00, 0x00, 0x02, 0x00, 0x00, 0x00, 0x7F, 0x80, 0x00, 0x03, 0xFF, 0xC0, 0x00, 0x0F, 0xFF, 0x80,
    0x00, 0x3F, 0xFF, 0x80, 0x00, 0x7F, 0xF8, 0x00, 0x00, 0xFF, 0x80, 0x00, 0x03, 0xFE, 0x00, 0x00,
    0x03, 0xF8, 0x00, 0x00, 0x07, 0xE0, 0x00, 0x00, 0x0F, 0xC0, 0x00, 0x00, 0x0F, 0x80, 0x00, 0x00,
    0x1F, 0x00, 0x00, 0x00, 0x1F, 0x00, 0x00, 0x00, 0x1E, 0x00, 0x00, 0x00, 0x1F, 0x00, 0x00, 0x00,
    0x1F, 0x00, 0x00, 0x00, 0x0F, 0x80, 0x00, 0x00, 0x0F, 0xE0, 0x00, 0x00, 0x07, 0xFC, 0x00, 0x00,
    0x03, 0xFF, 0x00, 0x00, 0x00, 0xFF, 0xC0, 0x00, 0x00, 0x7F, 0xF0, 0x00, 0x00, 0x0F, 0xFC, 0x00,
    0x00, 0x03, 0xFE, 0x00, 0x00, 0x00, 0xFF, 0x00, 0x00, 0x00, 0x3F, 0x80, 0x00, 0x00, 0x0F, 0x80,
    0x00, 0x00, 0x0F, 0x80, 0x00, 0x00, 0x07, 0xC0, 0x00, 0x00, 0x1F, 0x80, 0x08, 0x00, 0x7F, 0x80,
    0x1F, 0xFF, 0xFF, 0x00, 0x1F, 0xFF, 0xFE, 0x00, 0x0F, 0xFF, 0xF8, 0x00, 0x07, 0xFF, 0xC0, 0x00,
    0x00, 0x60, 0x00, 0x00, 0x00, 0x00, 0x00, 0x00, 0x00, 0x00, 0x00, 0x00, 0x00, 0x00, 0x00, 0x00,
    0x00, 0x00, 0x00, 0x00, 0x00, 0x00, 0x00, 0x00, 0x00, 0x00, 0x00, 0x00, 0x00, 0x00, 0x00, 0x00,
    0x00, 0x00, 0x00, 0x00, 0x00, 0x00, 0x00, 0x00, 0x00, 0x00, 0x00, 0x00, 0x00, 0x00, 0x00, 0x00,
    0x00, 0x00, 0x00, 0x00, 0x00, 0x00, 0x00, 0x00, 0x00, 0x00, 0x00, 0x00, 0x00, 0x00, 0x00, 0x00,
    0x00, 0x00, 0x00, 0x00, 0x00, 0x00, 0x00, 0x00, 0x00, 0x00, 0x00, 0x00, 0x00, 0x00, 0x00, 0x00,
    0x00, 0x00, 0x00, 0x00, 0x00, 0x00, 0x00, 0x00, 0x00, 0x00, 0x00, 0x00, 0x00, 0x00, 0x00, 0x00,
    0x00, 0x00, 0x00, 0x00, 0x00, 0x00, 0x00, 0x00, 0x00, 0x00, 0x00, 0x00, 0x00, 0x00, 0x00, 0x00,
    0x00, 0x00, 0x00, 0x00, 0x00, 0x00, 0x00, 0x00, 0x00, 0x00, 0x00, 0x00, 0x00, 0x00, 0x00, 0x00,
    0x00, 0x00, 0x00, 0x00, 0x00, 0x00, 0x00, 0x10, 0x7F, 0xFF, 0xFF, 0xFC, 0x7F, 0xFF, 0xFF, 0xFC,
    0x7F, 0xFF, 0xFF, 0xF8, 0x3F, 0xFF, 0xFF, 0xE0, 0x00, 0x07, 0x80, 0x00, 0x00, 0x07, 0x80, 0x00,
    0x00, 0x07, 0x80, 0x00, 0x00, 0x07, 0x80, 0x00, 0x00, 0x07, 0x80, 0x00, 0x00, 0x07, 0x80, 0x00,
    0x00, 0x07, 0x80, 0x00, 0x00, 0x07, 0x80, 0x00, 0x00, 0x07, 0x80, 0x00, 0x00, 0x07, 0x80, 0x00,
    0x00, 0x07, 0x80, 0x00, 0x00, 0x07, 0x80, 0x00, 0x00, 0x07, 0x80, 0x00, 0x00, 0x07, 0x80, 0x00,
    0x00, 0x07, 0x80, 0x00, 0x00, 0x07, 0x80, 0x00, 0x00, 0x07, 0x80, 0x00, 0x00, 0x07, 0x80, 0x00,
    0x00, 0x07, 0x80, 0x00, 0x00, 0x07, 0x80, 0x00, 0x00, 0x07, 0x80, 0x00, 0x00, 0x07, 0x80, 0x00,
    0x00, 0x07, 0xC0, 0x00, 0x00, 0x07, 0xC0, 0x00, 0x00, 0x07, 0xC0, 0x00, 0x00, 0x07, 0xC0, 0x00,
    0x00, 0x03, 0xC0, 0x00, 0x00, 0x03, 0xC0, 0x00, 0x00, 0x03, 0xC0, 0x00, 0x00, 0x01, 0xC0, 0x00,
    0x00, 0x00, 0x80, 0x00, 0x00, 0x00, 0x00, 0x00, 0x00, 0x00, 0x00, 0x00, 0x00, 0x00, 0x00, 0x00,
    0x00, 0x00, 0x00, 0x00, 0x00, 0x00, 0x00, 0x00, 0x00, 0x00, 0x00, 0x00, 0x00, 0x00, 0x00, 0x00,
    0x00, 0x00, 0x00, 0x00, 0x00, 0x00, 0x00, 0x00, 0x00, 0x00, 0x00, 0x00, 0x00, 0x00, 0x00, 0x00,
    0x00, 0x00, 0x00, 0x00, 0x00, 0x00, 0x00, 0x00, 0x00, 0x00, 0x00, 0x00, 0x00, 0x00, 0x00, 0x00,
    0x00, 0x00, 0x00, 0x00, 0x00, 0x00, 0x00, 0x00, 0x00, 0x00, 0x00, 0x00, 0x00, 0x00, 0x00, 0x00,
    0x00, 0x00, 0x00, 0x00, 0x00, 0x00, 0x00, 0x00, 0x00, 0x00, 0x00, 0x00, 0x00, 0x00, 0x00, 0x00,
    0x00, 0x00, 0x00, 0x00, 0x00, 0x00, 0x00, 0x00, 0x00, 0x00, 0x00, 0x00, 0x00, 0x00, 0x00, 0x00,
    0x00, 0x00, 0x00, 0x00, 0x00, 0x00, 0x00, 0x00, 0x0C, 0x00, 0x00, 0x38, 0x1E, 0x00, 0x00, 0x78,
    0x1E, 0x00, 0x00, 0x78, 0x1F, 0x00, 0x00, 0x78, 0x1F, 0x00, 0x00, 0x78, 0x0F, 0x00, 0x00, 0x78,
    0x0F, 0x00, 0x00, 0x78, 0x0F, 0x00, 0x00, 0x78, 0x0F, 0x00, 0x00, 0x78, 0x0F, 0x00, 0x00, 0x78,
    0x0F, 0x00, 0x00, 0x78, 0x0F, 0x00, 0x00, 0x78, 0x0F, 0x00, 0x00, 0x78, 0x0F, 0x00, 0x00, 0x78,
    0x0F, 0x00, 0x00, 0x78, 0x0F, 0x00, 0x00, 0x78, 0x0F, 0x00, 0x00, 0x78, 0x0F, 0x00, 0x00, 0x78,
    0x0F, 0x00, 0x00, 0x78, 0x0F, 0x00, 0x00, 0x78, 0x0F, 0x00, 0x00, 0x78, 0x0F, 0x80, 0x00, 0x78,
    0x0F, 0x80, 0x00, 0xF8, 0x0F, 0x80, 0x00, 0xF8, 0x07, 0x80, 0x00, 0xF8, 0x07, 0x80, 0x00, 0xF0,
    0x07, 0xC0, 0x00, 0xF0, 0x07, 0xC0, 0x01, 0xF0, 0x03, 0xE0, 0x03, 0xE0, 0x03, 0xF0, 0x07, 0xE0,
    0x01, 0xFC, 0x1F, 0xC0, 0x00, 0xFF, 0xFF, 0xC0, 0x00, 0x7F, 0xFF, 0x80, 0x00, 0x3F, 0xFE, 0x00,
    0x00, 0x07, 0xF8, 0x00, 0x00, 0x00, 0x00, 0x00, 0x00, 0x00, 0x00, 0x00, 0x00, 0x00, 0x00, 0x00,
    0x00, 0x00, 0x00, 0x00, 0x00, 0x00, 0x00, 0x00, 0x00, 0x00, 0x00, 0x00, 0x00, 0x00, 0x00, 0x00,
    0x00, 0x00, 0x00, 0x00, 0x00, 0x00, 0x00, 0x00, 0x00, 0x00, 0x00, 0x00, 0x00, 0x00, 0x00, 0x00,
    0x00, 0x00, 0x00, 0x00, 0x00, 0x00, 0x00, 0x00, 0x00, 0x00, 0x00, 0x00, 0x00, 0x00, 0x00, 0x00,
    0x00, 0x00, 0x00, 0x00, 0x00, 0x00, 0x00, 0x00, 0x00, 0x00, 0x00, 0x00, 0x00, 0x00, 0x00, 0x00,
    0x00, 0x00, 0x00, 0x00, 0x00, 0x00, 0x00, 0x00, 0x00, 0x00, 0x00, 0x00, 0x00, 0x00, 0x00, 0x00,
    0x00, 0x00, 0x00, 0x00, 0x00, 0x00, 0x00, 0x00, 0x00, 0x00, 0x00, 0x00, 0x00, 0x00, 0x00, 0x00,
    0x00, 0x00, 0x00, 0x00, 0x00, 0x00, 0x00, 0x00, 0x00, 0x00, 0x00, 0x00, 0x00, 0x00, 0x00, 0x00,
    0x00, 0x00, 0x00, 0x00, 0x00, 0x00, 0x00, 0x00, 0x00, 0x00, 0x00, 0x00, 0x00, 0x03, 0x00, 0x18,
    0x00, 0x00, 0x07, 0x80, 0x3E, 0x00, 0x00, 0x0F, 0x80, 0x3E, 0x00, 0x00, 0x0F, 0x80, 0x3F, 0x00,
    0x00, 0x1F, 0x00, 0x1F, 0x00, 0x00, 0x3F, 0x00, 0x1F, 0x80, 0x00, 0x3E, 0x00, 0x0F, 0x80, 0x00,
    0x7E, 0x00, 0x07, 0xC0, 0x00, 0x7C, 0x00, 0x07, 0xC0, 0x00, 0xFC, 0x00, 0x03, 0xC0, 0x00, 0xF8,
    0x00, 0x03, 0xE0, 0x01, 0xF8, 0x00, 0x03, 0xE0, 0x01, 0xF0, 0x00, 0x01, 0xE0, 0x03, 0xE0, 0x00,
    0x01, 0xF0, 0x03, 0xE0, 0x00, 0x01, 0xF0, 0x07, 0xC0, 0x00, 0x01, 0xF0, 0x07, 0xC0, 0x00, 0x00,
    0xF0, 0x0F, 0x80, 0x00, 0x00, 0xF8, 0x0F, 0x80, 0x00, 0x00, 0xF8, 0x0F, 0x80, 0x00, 0x00, 0xF8,
    0x1F, 0x00, 0x00, 0x00, 0x7C, 0x1F, 0x00, 0x00, 0x00, 0x7C, 0x3E, 0x00, 0x00, 0x00, 0x7C, 0x3E,
    0x00, 0x00, 0x00, 0x3E, 0x3E, 0x00, 0x00, 0x00, 0x3E, 0x7C, 0x00, 0x00, 0x00, 0x3E, 0x7C, 0x00,
    0x00, 0x00, 0x1F, 0x78, 0x00, 0x00, 0x00, 0x1F, 0xF8, 0x00, 0x00, 0x00, 0x0F, 0xF8, 0x00, 0x00,
    0x00, 0x0F, 0xF8, 0x00, 0x00, 0x00, 0x07, 0xF0, 0x00, 0x00, 0x00, 0x07, 0xF0, 0x00, 0x00, 0x00,
    0x03, 0xF0, 0x00, 0x00, 0x00, 0x01, 0xE0, 0x00, 0x00, 0x00, 0x00, 0xE0, 0x00, 0x00, 0x00, 0x00,
    0x00, 0x00, 0x00, 0x00, 0x00, 0x00, 0x00, 0x00, 0x00, 0x00, 0x00, 0x00, 0x00, 0x00, 0x00, 0x00,
    0x00, 0x00, 0x00, 0x00, 0x00, 0x00, 0x00, 0x00, 0x00, 0x00, 0x00, 0x00, 0x00, 0x00, 0x00, 0x00,
    0x00, 0x00, 0x00, 0x00, 0x00, 0x00, 0x00, 0x00, 0x00, 0x00, 0x00, 0x00, 0x00, 0x00, 0x00, 0x00,
    0x00, 0x00, 0x00, 0x00, 0x00, 0x00, 0x00, 0x00, 0x00, 0x00, 0x00, 0x00, 0x00, 0x00, 0x00, 0x00,
    0x00, 0x00, 0x00, 0x00, 0x00, 0x00, 0x00, 0x00, 0x00, 0x00, 0x00, 0x00, 0x00, 0x00, 0x00, 0x00,
    0x00, 0x00, 0x00, 0x00, 0x00, 0x00, 0x00, 0x00, 0x00, 0x00, 0x00, 0x00, 0x00, 0x00, 0x00, 0x00,
    0x00, 0x00, 0x00, 0x00, 0x00, 0x00, 0x00, 0x00, 0x00, 0x00, 0x00, 0x00, 0x00, 0x00, 0x00, 0x00,
    0x00, 0x00, 0x00, 0x00, 0x00, 0x00, 0x00, 0x00, 0x00, 0x00, 0x00, 0x00, 0x00, 0x00, 0x00, 0x00,
    0x00, 0x00, 0x00, 0x00, 0x00, 0x00, 0x00, 0x00, 0x00, 0x00, 0x00, 0x00, 0x00, 0x00, 0x00, 0x00,
    0x00, 0x00, 0x00, 0x00, 0x00, 0x00, 0x00, 0x00, 0x00, 0x00, 0x00, 0x00, 0x00, 0x00, 0x00, 0x00,
    0x00, 0x00, 0x00, 0x00, 0x00, 0x00, 0x00, 0x00, 0x1E, 0x00, 0x00, 0x00, 0x00, 0x78, 0x1E, 0x00,
    0x00, 0x00, 0x00, 0xF8, 0x1E, 0x00, 0x00, 0x80, 0x00, 0xF8, 0x1E, 0x00, 0x03, 0xE0, 0x01, 0xF0,
    0x1E, 0x00, 0x07, 0xE0, 0x01, 0xF0, 0x1F, 0x00, 0x0F, 0xF0, 0x01, 0xF0, 0x1F, 0x00, 0x1F, 0xF0,
    0x01, 0xF0, 0x0F, 0x00, 0x3F, 0xF8, 0x03, 0xE0, 0x0F, 0x00, 0x3E, 0xF8, 0x03, 0xE0, 0x0F, 0x00,
    0x7E, 0x7C, 0x03, 0xE0, 0x0F, 0x00, 0x7C, 0x7C, 0x03, 0xE0, 0x0F, 0x00, 0x7C, 0x7C, 0x03, 0xC0,
    0x0F, 0x80, 0xF8, 0x3C, 0x07, 0xC0, 0x07, 0x80, 0xF8, 0x3C, 0x07, 0xC0, 0x07, 0x81, 0xF0, 0x3E,
    0x07, 0xC0, 0x07, 0x81, 0xF0, 0x3E, 0x07, 0xC0, 0x07, 0xC1, 0xF0, 0x3E, 0x07, 0x80, 0x07, 0xC1,
    0xE0, 0x1E, 0x07, 0x80, 0x03, 0xC3, 0xE0, 0x1E, 0x0F, 0x80, 0x03, 0xC3, 0xE0, 0x1E, 0x0F, 0x80,
    0x03, 0xE3, 0xC0, 0x1F, 0x0F, 0x80, 0x03, 0xE3, 0xC0, 0x1F, 0x0F, 0x80, 0x01, 0xE3, 0xC0, 0x1F,
    0x0F, 0x00, 0x01, 0xF7, 0xC0, 0x0F, 0x1F, 0x00, 0x01, 0xF7, 0xC0, 0x0F, 0x9F, 0x00, 0x00, 0xFF,
    0x80, 0x0F, 0x9F, 0x00, 0x00, 0xFF, 0x80, 0x0F, 0x9E, 0x00, 0x00, 0xFF, 0x80, 0x07, 0xFE, 0x00,
    0x00, 0x7F, 0x80, 0x07, 0xFE, 0x00, 0x00, 0x7F, 0x80, 0x03, 0xFE, 0x00, 0x00, 0x3F, 0x80, 0x03,
    0xFC, 0x00, 0x00, 0x3F, 0x00, 0x01, 0xFC, 0x00, 0x00, 0x1F, 0x00, 0x00, 0xF8, 0x00, 0x00, 0x0E,
    0x00, 0x00, 0x70, 0x00, 0x00, 0x00, 0x00, 0x00, 0x00, 0x00, 0x00, 0x00, 0x00, 0x00, 0x00, 0x00,
    0x00, 0x00, 0x00, 0x00, 0x00, 0x00, 0x00, 0x00, 0x00, 0x00, 0x00, 0x00, 0x00, 0x00, 0x00, 0x00,
    0x00, 0x00, 0x00, 0x00, 0x00, 0x00, 0x00, 0x00, 0x00, 0x00, 0x00, 0x00, 0x00, 0x00, 0x00, 0x00,
    0x00, 0x00, 0x00, 0x00, 0x00, 0x00, 0x00, 0x00, 0x00, 0x00, 0x00, 0x00, 0x00, 0x00, 0x00, 0x00,
    0x00, 0x00, 0x00, 0x00, 0x00, 0x00, 0x00, 0x00, 0x00, 0x00, 0x00, 0x00, 0x00, 0x00, 0x00, 0x00,
    0x00, 0x00, 0x00, 0x00, 0x00, 0x00, 0x00, 0x00, 0x00, 0x00, 0x00, 0x00, 0x00, 0x00, 0x00, 0x00,
    0x00, 0x00, 0x00, 0x00, 0x00, 0x00, 0x00, 0x00, 0x00, 0x00, 0x00, 0x00, 0x00, 0x00, 0x00, 0x00,
    0x00, 0x00, 0x00, 0x00, 0x00, 0x00, 0x00, 0x00, 0x00, 0x00, 0x00, 0x00, 0x00, 0x00, 0x00, 0x00,
    0x00, 0x00, 0x00, 0x00, 0x00, 0x00, 0x00, 0x00, 0x00, 0x00, 0x00, 0x00, 0x00, 0x00, 0x00, 0x00,
    0x00, 0x00, 0x00, 0x00, 0x00, 0x00, 0x00, 0x00, 0x00, 0x00, 0x00, 0x00, 0x00, 0x00, 0x00, 0x00,
    0x00, 0x00, 0x00, 0x00, 0x00, 0x00, 0x00, 0x00, 0x00, 0x00, 0x00, 0x00, 0x00, 0x00, 0x00, 0x00,
    0x00, 0x00, 0x0E, 0x00, 0x00, 0x30, 0x0F, 0x00, 0x00, 0x78, 0x0F, 0x00, 0x00, 0xF8, 0x0F, 0x80,
    0x01, 0xF8, 0x0F, 0x80, 0x03, 0xF0, 0x0F, 0xC0, 0x07, 0xE0, 0x07, 0xC0, 0x0F, 0xC0, 0x07, 0xE0,
    0x1F, 0x80, 0x03, 0xE0, 0x3F, 0x00, 0x03, 0xF0, 0x7E, 0x00, 0x01, 0xF8, 0x7E, 0x00, 0x00, 0xF8,
    0xFC, 0x00, 0x00, 0xFD, 0xF8, 0x00, 0x00, 0x7F, 0xF0, 0x00, 0x00, 0x3F, 0xE0, 0x00, 0x00, 0x1F,
    0xC0, 0x00, 0x00, 0x0F, 0xC0, 0x00, 0x00, 0x1F, 0xC0, 0x00, 0x00, 0x1F, 0xE0, 0x00, 0x00, 0x3F,
    0xF0, 0x00, 0x00, 0x7F, 0xF8, 0x00, 0x00, 0xFC, 0xFC, 0x00, 0x00, 0xF8, 0x7E, 0x00, 0x01, 0xF8,
    0x3F, 0x00, 0x03, 0xF0, 0x1F, 0x80, 0x03, 0xE0, 0x1F, 0xC0, 0x07, 0xE0, 0x0F, 0xC0, 0x0F, 0xC0,
    0x07, 0xE0, 0x0F, 0x80, 0x03, 0xE0, 0x1F, 0x80, 0x03, 0xF0, 0x1F, 0x00, 0x01, 0xF0, 0x3E, 0x00,
    0x00, 0xF0, 0x3E, 0x00, 0x00, 0xF0, 0x3C, 0x00, 0x00, 0x70, 0x3C, 0x00, 0x00, 0x00, 0x10, 0x00,
    0x00, 0x00, 0x00, 0x00, 0x00, 0x00, 0x00, 0x00, 0x00, 0x00, 0x00, 0x00, 0x00, 0x00, 0x00, 0x00,
    0x00, 0x00, 0x00, 0x00, 0x00, 0x00, 0x00, 0x00, 0x00, 0x00, 0x00, 0x00, 0x00, 0x00, 0x00, 0x00,
    0x00, 0x00, 0x00, 0x00, 0x00, 0x00, 0x00, 0x00, 0x00, 0x00, 0x00, 0x00, 0x00, 0x00, 0x00, 0x00,
    0x00, 0x00, 0x00, 0x00, 0x00, 0x00, 0x00, 0x00, 0x00, 0x00, 0x00, 0x00, 0x00, 0x00, 0x00, 0x00,
    0x00, 0x00, 0x00, 0x00, 0x00, 0x00, 0x00, 0x00, 0x00, 0x00, 0x00, 0x00, 0x00, 0x00, 0x00, 0x00,
    0x00, 0x00, 0x00, 0x00, 0x00, 0x00, 0x00, 0x00, 0x00, 0x00, 0x00, 0x00, 0x00, 0x00, 0x00, 0x00,
    0x00, 0x00, 0x00, 0x00, 0x00, 0x00, 0x00, 0x00, 0x00, 0x00, 0x00, 0x00, 0x00, 0x00, 0x30, 0x00,
    0x00, 0x18, 0x78, 0x00, 0x00, 0x7C, 0x7C, 0x00, 0x00, 0x7C, 0x7C, 0x00, 0x00, 0xFC, 0x3E, 0x00,
    0x01, 0xF8, 0x3F, 0x00, 0x03, 0xF0, 0x1F, 0x00, 0x07, 0xE0, 0x0F, 0x80, 0x07, 0xE0, 0x0F, 0xC0,
    0x0F, 0xC0, 0x07, 0xE0, 0x1F, 0x80, 0x03, 0xF0, 0x1F, 0x00, 0x01, 0xF0, 0x3E, 0x00, 0x00, 0xF8,
    0x7E, 0x00, 0x00, 0xFC, 0x7C, 0x00, 0x00, 0x7C, 0xF8, 0x00, 0x00, 0x3E, 0xF8, 0x00, 0x00, 0x1F,
    0xF0, 0x00, 0x00, 0x1F, 0xF0, 0x00, 0x00, 0x0F, 0xE0, 0x00, 0x00, 0x07, 0xE0, 0x00, 0x00, 0x07,
    0xC0, 0x00, 0x00, 0x07, 0xC0, 0x00, 0x00, 0x07, 0x80, 0x00, 0x00, 0x0F, 0x80, 0x00, 0x00, 0x0F,
    0x80, 0x00, 0x00, 0x1F, 0x00, 0x00, 0x00, 0x1F, 0x00, 0x00, 0x00, 0x1F, 0x00, 0x00, 0x00, 0x1E,
    0x00, 0x00, 0x00, 0x3E, 0x00, 0x00, 0x00, 0x3E, 0x00, 0x00, 0x00, 0x3E, 0x00, 0x00, 0x00, 0x3C,
    0x00, 0x00, 0x00, 0x3C, 0x00, 0x00, 0x00, 0x3C, 0x00, 0x00, 0x00, 0x38, 0x00, 0x00, 0x00, 0x00,
    0x00, 0x00, 0x00, 0x00, 0x00, 0x00, 0x00, 0x00, 0x00, 0x00, 0x00, 0x00, 0x00, 0x00, 0x00, 0x00,
    0x00, 0x00, 0x00, 0x00, 0x00, 0x00, 0x00, 0x00, 0x00, 0x00, 0x00, 0x00, 0x00, 0x00, 0x00, 0x00,
    0x00, 0x00, 0x00, 0x00, 0x00, 0x00, 0x00, 0x00, 0x00, 0x00, 0x00, 0x00, 0x00, 0x00, 0x00, 0x00,
    0x00, 0x00, 0x00, 0x00, 0x00, 0x00, 0x00, 0x00, 0x00, 0x00, 0x00, 0x00, 0x00, 0x00, 0x00, 0x00,
    0x00, 0x00, 0x00, 0x00, 0x00, 0x00, 0x00, 0x00, 0x00, 0x00, 0x00, 0x00, 0x00, 0x00, 0x00, 0x00,
    0x00, 0x00, 0x00, 0x00, 0x00, 0x00, 0x00, 0x00, 0x00, 0x00, 0x00, 0x00, 0x00, 0x00, 0x00, 0x00,
    0x00, 0x00, 0x00, 0x00, 0x00, 0x00, 0x00, 0x00, 0x00, 0x00, 0x00, 0x00, 0x00, 0x00, 0x00, 0x00,
    0x00, 0x00, 0x00, 0x00, 0x00, 0x00, 0x00, 0x00, 0x00, 0x00, 0x00, 0x3F, 0xFC, 0x00, 0x07, 0xFF,
    0xFF, 0x80, 0x0F, 0xFF, 0xFF, 0xC0, 0x0F, 0xFF, 0xFF, 0xC0, 0x07, 0xF0, 0x07, 0xE0, 0x00, 0x00,
    0x01, 0xE0, 0x00, 0x00, 0x03, 0xE0, 0x00, 0x00, 0x03, 0xE0, 0x00, 0x00, 0x03, 0xE0, 0x00, 0x00,
    0x07, 0xC0, 0x00, 0x00, 0x0F, 0xC0, 0x00, 0x00, 0x1F, 0x80, 0x00, 0x00, 0x3F, 0x80, 0x00, 0x00,
    0x7F, 0x00, 0x00, 0x00, 0xFE, 0x00, 0x00, 0x01, 0xFC, 0x00, 0x00, 0x07, 0xF8, 0x00, 0x00, 0x0F,
    0xF0, 0x00, 0x00, 0x1F, 0xC0, 0x00, 0x00, 0x3F, 0x80, 0x00, 0x00, 0x7F, 0x00, 0x00, 0x00, 0xFE,
    0x00, 0x00, 0x01, 0xFC, 0x00, 0x00, 0x03, 0xF8, 0x00, 0x00, 0x07, 0xF0, 0x00, 0x00, 0x07, 0xE0,
    0x00, 0x00, 0x0F, 0xC0, 0x00, 0x00, 0x0F, 0x80, 0x00, 0x00, 0x1F, 0x00, 0x00, 0x00, 0x1F, 0x00,
    0x00, 0x00, 0x1F, 0x00, 0x00, 0x00, 0x1F, 0x01, 0xFF, 0xE0, 0x1F, 0xFF, 0xFF, 0xF8, 0x0F, 0xFF,
    0xFF, 0xF8, 0x0F, 0xFF, 0xFF, 0xF8, 0x03, 0xFE, 0x01, 0xF8, 0x00, 0x00, 0x00, 0x00, 0x00, 0x00,
    0x00, 0x00, 0x00, 0x00, 0x00, 0x00, 0x00, 0x00, 0x00, 0x00, 0x00, 0x00, 0x00, 0x00, 0x00, 0x00,
    0x00, 0x00, 0x00, 0x00, 0x00, 0x00, 0x00, 0x00, 0x00, 0x00, 0x00, 0x00, 0x00, 0x00, 0x00, 0x00,
    0x00, 0x00, 0x00, 0x00, 0x00, 0x00, 0x00, 0x00, 0x00, 0x00, 0x00, 0x00, 0x00, 0x00, 0x00, 0x00,
    0x00, 0x00, 0x00, 0x00, 0x00, 0x00, 0x00, 0x00, 0x00, 0x00, 0x00, 0x00, 0x00, 0x00, 0x00, 0x00,
    0x00, 0x00, 0x00, 0x00, 0x00, 0x00, 0x00, 0x00, 0x00, 0x00, 0x00, 0x00, 0x00, 0x00, 0x00, 0x00,
    0x03, 0xFF, 0xFC, 0x07, 0xFF, 0xFE, 0x07, 0xFF, 0xFE, 0x07, 0xFF, 0xFC, 0x07, 0xC0, 0x00, 0x07,
    0xC0, 0x00, 0x07, 0x80, 0x00, 0x07, 0x80, 0x00, 0x07, 0x80, 0x00, 0x07, 0x80, 0x00, 0x07, 0x80,
    0x00, 0x07, 0x80, 0x00, 0x07, 0x80, 0x00, 0x07, 0x80, 0x00, 0x07, 0x80, 0x00, 0x07, 0x80, 0x00,
    0x07, 0x80, 0x00, 0x07, 0x80, 0x00, 0x07, 0x80, 0x00, 0x07, 0x80, 0x00, 0x07, 0x80, 0x00, 0x07,
    0x80, 0x00, 0x07, 0x80, 0x00, 0x07, 0x80, 0x00, 0x07, 0x80, 0x00, 0x07, 0x80, 0x00, 0x07, 0x80,
    0x00, 0x07, 0x80, 0x00, 0x07, 0x80, 0x00, 0x07, 0x80, 0x00, 0x07, 0x80, 0x00, 0x07, 0x80, 0x00,
    0x07, 0x80, 0x00, 0x07, 0x80, 0x00, 0x07, 0x80, 0x00, 0x07, 0x80, 0x00, 0x07, 0x80, 0x00, 0x07,
    0x80, 0x00, 0x07, 0x80, 0x00, 0x07, 0x80, 0x00, 0x07, 0x80, 0x00, 0x07, 0xC0, 0x00, 0x07, 0xC0,
    0x00, 0x07, 0xC0, 0x00, 0x07, 0xC0, 0x00, 0x07, 0xC0, 0x00, 0x07, 0xC0, 0x00, 0x07, 0xC0, 0x00,
    0x03, 0xC0, 0x00, 0x03, 0xFF, 0xFE, 0x03, 0xFF, 0xFE, 0x01, 0xFF, 0xFE, 0x01, 0xFF, 0xFC, 0x00,
    0xC0, 0x00, 0x00, 0x00, 0x00, 0x00, 0x00, 0x00, 0x00, 0x00, 0x00, 0x00, 0x00, 0x00, 0x00, 0x00,
    0x00, 0x00, 0x00, 0x00, 0x00, 0x00, 0x00, 0x00, 0x00, 0x00, 0x00, 0x00, 0x00, 0x00, 0x00, 0x00,
    0x70, 0x00, 0x00, 0x78, 0x00, 0x00, 0x78, 0x00, 0x00, 0xF8, 0x00, 0x00, 0x7C, 0x00, 0x00, 0x7C,
    0x00, 0x00, 0x7C, 0x00, 0x00, 0x7C, 0x00, 0x00, 0x7C, 0x00, 0x00, 0x7C, 0x00, 0x00, 0x7C, 0x00,
    0x00, 0x7C, 0x00, 0x00, 0x3E, 0x00, 0x00, 0x3E, 0x00, 0x00, 0x3E, 0x00, 0x00, 0x3E, 0x00, 0x00,
    0x3E, 0x00, 0x00, 0x1F, 0x00, 0x00, 0x1F, 0x00, 0x00, 0x1F, 0x00, 0x00, 0x1F, 0x00, 0x00, 0x0F,
    0x80, 0x00, 0x0F, 0x80, 0x00, 0x0F, 0x80, 0x00, 0x0F, 0x80, 0x00, 0x07, 0xC0, 0x00, 0x07, 0xC0,
    0x00, 0x07, 0xC0, 0x00, 0x07, 0xE0, 0x00, 0x03, 0xE0, 0x00, 0x03, 0xE0, 0x00, 0x03, 0xF0, 0x00,
    0x01, 0xF0, 0x00, 0x01, 0xF0, 0x00, 0x01, 0xF8, 0x00, 0x00, 0xF8, 0x00, 0x00, 0xF8, 0x00, 0x00,
    0x7C, 0x00, 0x00, 0x7C, 0x00, 0x00, 0x7E, 0x00, 0x00, 0x3E, 0x00, 0x00, 0x3E, 0x00, 0x00, 0x3F,
    0x00, 0x00, 0x1F, 0x00, 0x00, 0x1F, 0x80, 0x00, 0x0F, 0x80, 0x00, 0x0F, 0xC0, 0x00, 0x07, 0xC0,
    0x00, 0x07, 0xC0, 0x00, 0x07, 0xE0, 0x00, 0x03, 0xE0, 0x00, 0x01, 0xC0, 0x00, 0x00, 0x00, 0x00,
    0x00, 0x00, 0x00, 0x00, 0x00, 0x00, 0x00, 0x00, 0x00, 0x00, 0x00, 0x00, 0x00, 0x00, 0x00, 0x00,
    0x00, 0x00, 0x00, 0x00, 0x00, 0x00, 0x00, 0x00, 0x00, 0x00, 0x00, 0x00, 0x00, 0x00, 0x00, 0x00,
    0x00, 0x00, 0x00, 0x00, 0x00, 0x00, 0x00, 0x00, 0x00, 0x00, 0x00, 0x00, 0x00, 0x00, 0x00, 0x3F,
    0xE7, 0x00, 0x7F, 0xFF, 0x80, 0x3F, 0xFF, 0x80, 0x1F, 0xFF, 0x80, 0x00, 0x7F, 0x80, 0x00, 0x07,
    0x80, 0x00, 0x07, 0x80, 0x00, 0x07, 0x80, 0x00, 0x07, 0x80, 0x00, 0x07, 0x80, 0x00, 0x07, 0x80,
    0x00, 0x07, 0x80, 0x00, 0x07, 0x80, 0x00, 0x07, 0x80, 0x00, 0x07, 0x80, 0x00, 0x07, 0x80, 0x00,
    0x07, 0x80, 0x00, 0x07, 0x80, 0x00, 0x07, 0x80, 0x00, 0x07, 0xC0, 0x00, 0x07, 0xC0, 0x00, 0x07,
    0xC0, 0x00, 0x07, 0xC0, 0x00, 0x07, 0xC0, 0x00, 0x07, 0xC0, 0x00, 0x03, 0xC0, 0x00, 0x03, 0xC0,
    0x00, 0x03, 0xC0, 0x00, 0x03, 0xC0, 0x00, 0x03, 0xE0, 0x00, 0x03, 0xE0, 0x00, 0x03, 0xE0, 0x00,
    0x01, 0xE0, 0x00, 0x01, 0xE0, 0x00, 0x01, 0xE0, 0x00, 0x01, 0xE0, 0x00, 0x01, 0xE0, 0x00, 0x01,
    0xE0, 0x00, 0x01, 0xE0, 0x00, 0x01, 0xE0, 0x00, 0x01, 0xE0, 0x00, 0x01, 0xE0, 0x00, 0x01, 0xE0,
    0x00, 0x01, 0xE0, 0x00, 0x01, 0xE0, 0x00, 0x01, 0xE0, 0x00, 0x01, 0xE0, 0x00, 0x01, 0xE0, 0x00,
    0x01, 0xE0, 0x00, 0x03, 0xE0, 0x00, 0xFF, 0xE0, 0x3F, 0xFF, 0xE0, 0x7F, 0xFF, 0xC0, 0x3F, 0xFE,
    0x00, 0x1F, 0xC0, 0x00, 0x00, 0x00, 0x00, 0x00, 0x00, 0x00, 0x00, 0x00, 0x00, 0x00, 0x00, 0x00,
    0x00, 0x00, 0x00, 0x00, 0x00, 0x00, 0x00, 0x00, 0x00, 0x00, 0x00, 0x00, 0x00, 0x00, 0x00, 0x00,
    0x00, 0x00, 0x00, 0x00, 0x00, 0x00, 0x00, 0x00, 0x00, 0x00, 0x00, 0x00, 0x00, 0x00, 0x00, 0x00,
    0x00, 0x00, 0x00, 0x00, 0x00, 0x00, 0x00, 0x00, 0x00, 0x00, 0x00, 0x00, 0x00, 0x01, 0x00, 0x00,
    0x00, 0x07, 0xC0, 0x00, 0x00, 0x0F, 0xE0, 0x00, 0x00, 0x1F, 0xE0, 0x00, 0x00, 0x7F, 0xF0, 0x00,
    0x00, 0xFF, 0xF8, 0x00, 0x01, 0xFC, 0xFC, 0x00, 0x03, 0xF8, 0x7E, 0x00, 0x07, 0xF0, 0x3F, 0x00,
    0x0F, 0xE0, 0x3F, 0x80, 0x1F, 0xC0, 0x1F, 0xC0, 0x1F, 0x80, 0x0F, 0xE0, 0x1F, 0x00, 0x07, 0xE0,
    0x0E, 0x00, 0x01, 0xC0, 0x00, 0x00, 0x00, 0x00, 0x00, 0x00, 0x00, 0x00, 0x00, 0x00, 0x00, 0x00,
    0x00, 0x00, 0x00, 0x00, 0x00, 0x00, 0x00, 0x00, 0x00, 0x00, 0x00, 0x00, 0x00, 0x00, 0x00, 0x00,
    0x00, 0x00, 0x00, 0x00, 0x00, 0x00, 0x00, 0x00, 0x00, 0x00, 0x00, 0x00, 0x00, 0x00, 0x00, 0x00,
    0x00, 0x00, 0x00, 0x00, 0x00, 0x00, 0x00, 0x00, 0x00, 0x00, 0x00, 0x00, 0x00, 0x00, 0x00, 0x00,
    0x00, 0x00, 0x00, 0x00, 0x00, 0x00, 0x00, 0x00, 0x00, 0x00, 0x00, 0x00, 0x00, 0x00, 0x00, 0x00,
    0x00, 0x00, 0x00, 0x00, 0x00, 0x00, 0x00, 0x00, 0x00, 0x00, 0x00, 0x00, 0x00, 0x00, 0x00, 0x00,
    0x00, 0x00, 0x00, 0x00, 0x00, 0x00, 0x00, 0x00, 0x00, 0x00, 0x00, 0x00, 0x00, 0x00, 0x00, 0x00,
    0x00, 0x00, 0x00, 0x00, 0x00, 0x00, 0x00, 0x00, 0x00, 0x00, 0x00, 0x00, 0x00, 0x00, 0x00, 0x00,
    0x00, 0x00, 0x00, 0x00, 0x00, 0x00, 0x00, 0x00, 0x00, 0x00, 0x00, 0x00, 0x00, 0x00, 0x00, 0x00,
    0x00, 0x00, 0x00, 0x00, 0x00, 0x00, 0x00, 0x00, 0x00, 0x00, 0x00, 0x00, 0x00, 0x00, 0x00, 0x00,
    0x00, 0x00, 0x00, 0x00, 0x00, 0x00, 0x00, 0x00, 0x00, 0x00, 0x00, 0x00, 0x00, 0x00, 0x00, 0x00,
    0x00, 0x00, 0x00, 0x00, 0x00, 0x00, 0x00, 0x00, 0x00, 0x00, 0x00, 0x00, 0x00, 0x00, 0x00, 0x00,
    0x00, 0x00, 0x00, 0x00, 0x00, 0x00, 0x00, 0x00, 0x00, 0x00, 0x00, 0x00, 0x00, 0x00, 0x00, 0x00,
    0x00, 0x00, 0x00, 0x00, 0x00, 0x00, 0x00, 0x00, 0x00, 0x00, 0x00, 0x00, 0x00, 0x00, 0x00, 0x00,
    0x00, 0x00, 0x00, 0x00, 0x00, 0x00, 0x00, 0x00, 0x00, 0x00, 0x00, 0x00, 0x00, 0x00, 0x00, 0x00,
    0x00, 0x00, 0x00, 0x00, 0x00, 0x00, 0x00, 0x00, 0x00, 0x00, 0x00, 0x00, 0x00, 0x00, 0x00, 0x00,
    0x00, 0x00, 0x00, 0x00, 0x00, 0x00, 0x00, 0x00, 0x00, 0x00, 0x00, 0x00, 0x00, 0x00, 0x00, 0x00,
    0x00, 0x00, 0x00, 0x00, 0x00, 0x00, 0x00, 0x00, 0x00, 0x00, 0x00, 0x00, 0x00, 0x00, 0x00, 0x00,
    0x00, 0x00, 0x00, 0x00, 0x00, 0x00, 0x00, 0x00, 0x00, 0x00, 0x00, 0x00, 0x00, 0x00, 0x00, 0x00,
    0x00, 0x00, 0x00, 0x00, 0x00, 0x00, 0x00, 0x00, 0x00, 0x00, 0x00, 0x00, 0x00, 0x00, 0x00, 0x00,
    0x00, 0x00, 0x00, 0x00, 0x00, 0x00, 0x00, 0x00, 0x00, 0x00, 0x00, 0x00, 0x00, 0x00, 0x00, 0x00,
    0x00, 0x00, 0x00, 0x00, 0x00, 0x00, 0x00, 0x00, 0x00, 0x00, 0x00, 0x00, 0x00, 0x00, 0x00, 0x00,
    0x00, 0x00, 0x00, 0x00, 0x00, 0x00, 0x00, 0x00, 0x00, 0x00, 0x00, 0x00, 0x00, 0x00, 0x00, 0x00,
    0x00, 0x00, 0x00, 0x00, 0x00, 0x00, 0x00, 0x00, 0x00, 0x00, 0x00, 0x00, 0x00, 0x00, 0x00, 0x00,
    0x00, 0x00, 0x00, 0x00, 0x00, 0x00, 0x00, 0x00, 0x00, 0x00, 0x00, 0x00, 0x00, 0x00, 0x00, 0x00,
    0x00, 0x00, 0x00, 0x00, 0x00, 0x00, 0x00, 0x00, 0x00, 0x00, 0x00, 0x00, 0x00, 0x00, 0x00, 0x00,
    0x00, 0x00, 0x00, 0x00, 0x00, 0x00, 0x00, 0x00, 0x00, 0x00, 0x00, 0x00, 0x00, 0x00, 0x00, 0x00,
    0x00, 0x00, 0x00, 0x00, 0x00, 0x00, 0x00, 0x00, 0x00, 0x0F, 0xFF, 0xFF, 0xFE, 0x00, 0x1F, 0xFF,
    0xFF, 0xFF, 0x80, 0x1F, 0xFF, 0xFF, 0xFF, 0x80, 0x0F, 0xFF, 0xFF, 0xFF, 0x00, 0x00, 0x00, 0x00,
    0x00, 0x00, 0x00, 0x00, 0x00, 0x00, 0x00, 0x00, 0x00, 0x00, 0x00, 0x00, 0x00, 0x00, 0x00, 0x00,
    0x00, 0x00, 0x00, 0x00, 0x00, 0x00, 0x00, 0x00, 0x00, 0x00, 0x00, 0x00, 0x00, 0x00, 0x00, 0x00,
    0x00, 0x00, 0x00, 0x00, 0x00, 0x00, 0x00, 0x00, 0x00, 0x00, 0x00, 0x00, 0x00, 0x00, 0x00, 0x00,
    0x00, 0x00, 0x00, 0x00, 0x38, 0x00, 0x00, 0x7C, 0x00, 0x00, 0x7E, 0x00, 0x00, 0x7F, 0x00, 0x00,
    0x7F, 0x00, 0x00, 0x3F, 0x80, 0x00, 0x3F, 0x80, 0x00, 0x1F, 0xC0, 0x00, 0x0F, 0xC0, 0x00, 0x0F,
    0xE0, 0x00, 0x07, 0xF0, 0x00, 0x03, 0xF8, 0x00, 0x01, 0xFC, 0x00, 0x00, 0xFE, 0x00, 0x00, 0x7F,
    0x00, 0x00, 0x3F, 0x00, 0x00, 0x0E, 0x00, 0x00, 0x00, 0x00, 0x00, 0x00, 0x00, 0x00, 0x00, 0x00,
    0x00, 0x00, 0x00, 0x00, 0x00, 0x00, 0x00, 0x00, 0x00, 0x00, 0x00, 0x00, 0x00, 0x00, 0x00, 0x00,
    0x00, 0x00, 0x00, 0x00, 0x00, 0x00, 0x00, 0x00, 0x00, 0x00, 0x00, 0x00, 0x00, 0x00, 0x00, 0x00,
    0x00, 0x00, 0x00, 0x00, 0x00, 0x00, 0x00, 0x00, 0x00, 0x00, 0x00, 0x00, 0x00, 0x00, 0x00, 0x00,
    0x00, 0x00, 0x00, 0x00, 0x00, 0x00, 0x00, 0x00, 0x00, 0x00, 0x00, 0x00, 0x00, 0x00, 0x00, 0x00,
    0x00, 0x00, 0x00, 0x00, 0x00, 0x00, 0x00, 0x00, 0x00, 0x00, 0x00, 0x00, 0x00, 0x00, 0x00, 0x00,
    0x00, 0x00, 0x00, 0x00, 0x00, 0x00, 0x00, 0x00, 0x00, 0x00, 0x00, 0x00, 0x00, 0x00, 0x00, 0x00,
    0x00, 0x00, 0x00, 0x00, 0x00, 0x00, 0x00, 0x00, 0x00, 0x00, 0x00, 0x00, 0x00, 0x00, 0x00, 0x00,
    0x00, 0x00, 0x00, 0x00, 0x00, 0x00, 0x00, 0x00, 0x00, 0x00, 0x00, 0x00, 0x00, 0x00, 0x00, 0x00,
    0x00, 0x00, 0x00, 0x00, 0x00, 0x00, 0x00, 0x00, 0x00, 0x00, 0x00, 0x00, 0x00, 0x00, 0x00, 0x00,
    0x00, 0x00, 0x00, 0x00, 0x00, 0x00, 0x00, 0x00, 0x00, 0x00, 0x00, 0x00, 0x00, 0x00, 0x00, 0x00,
    0x00, 0x00, 0x00, 0x00, 0x00, 0x00, 0x00, 0x00, 0x00, 0x00, 0x00, 0x00, 0x00, 0x00, 0x00, 0x00,
    0x00, 0x00, 0x00, 0x00, 0x00, 0x00, 0x00, 0x00, 0x00, 0x00, 0x00, 0x00, 0x00, 0x00, 0x00, 0x00,
    0x00, 0x00, 0x00, 0x00, 0x00, 0x00, 0x00, 0x00, 0x00, 0x00, 0x00, 0x00, 0x00, 0x00, 0x00, 0x00,
    0x00, 0x00, 0x00, 0x00, 0x00, 0x00, 0x00, 0x00, 0x00, 0x00, 0x00, 0x00, 0x00, 0x01, 0xF0, 0x00,
    0x00, 0x0F, 0xF8, 0x00, 0x00, 0x1F, 0xF8, 0x00, 0x00, 0x7F, 0xF8, 0x00, 0x00, 0xFF, 0xC6, 0x00,
    0x01, 0xFE, 0x0F, 0x00, 0x01, 0xF8, 0x0F, 0x80, 0x03, 0xF0, 0x0F, 0x80, 0x07, 0xE0, 0x1F, 0x80,
    0x07, 0xC0, 0x1F, 0x80, 0x0F, 0x80, 0x1F, 0x80, 0x0F, 0x80, 0x1F, 0xC0, 0x0F, 0x00, 0x3F, 0xC0,
    0x1F, 0x00, 0x3F, 0xC0, 0x1F, 0x00, 0x7F, 0xC0, 0x1F, 0x00, 0x7B, 0xE0, 0x1E, 0x00, 0xF9, 0xE0,
    0x1E, 0x00, 0xF9, 0xF0, 0x1F, 0x01, 0xF1, 0xF0, 0x1F, 0x03, 0xE0, 0xF8, 0x0F, 0x0F, 0xE0, 0xF8,
    0x0F, 0xFF, 0xC0, 0x7C, 0x07, 0xFF, 0x80, 0x7E, 0x03, 0xFE, 0x00, 0x3E, 0x01, 0xF8, 0x00, 0x1E,
    0x00, 0x00, 0x00, 0x1C, 0x00, 0x00, 0x00, 0x00, 0x00, 0x00, 0x00, 0x00, 0x00, 0x00, 0x00, 0x00,
    0x00, 0x00, 0x00, 0x00, 0x00, 0x00, 0x00, 0x00, 0x00, 0x00, 0x00, 0x00, 0x00, 0x00, 0x00, 0x00,
    0x00, 0x00, 0x00, 0x00, 0x00, 0x00, 0x00, 0x00, 0x00, 0x00, 0x00, 0x00, 0x00, 0x00, 0x00, 0x00,
    0x00, 0x00, 0x00, 0x00, 0x00, 0x00, 0x00, 0x00, 0x00, 0x00, 0x00, 0x00, 0x00, 0x00, 0x00, 0x00,
    0x00, 0x00, 0x00, 0x00, 0x00, 0x00, 0x00, 0x00, 0x00, 0x00, 0x00, 0x00, 0x00, 0x00, 0x00, 0x00,
    0x00, 0x00, 0x00, 0x00, 0x00, 0x00, 0x00, 0x00, 0x00, 0x00, 0x00, 0x00, 0x00, 0x00, 0x00, 0x00,
    0x00, 0x00, 0x00, 0x00, 0x00, 0x00, 0x00, 0x00, 0x06, 0x00, 0x00, 0x00, 0x0F, 0x00, 0x00, 0x00,
    0x0F, 0x00, 0x00, 0x00, 0x0F, 0x00, 0x00, 0x00, 0x0F, 0x00, 0x00, 0x00, 0x0F, 0x00, 0x00, 0x00,
    0x0F, 0x00, 0x00, 0x00, 0x0F, 0x00, 0x00, 0x00, 0x0F, 0x00, 0x00, 0x00, 0x0F, 0x00, 0x00, 0x00,
    0x1F, 0x00, 0x00, 0x00, 0x1F, 0x00, 0x00, 0x00, 0x1E, 0x00, 0x00, 0x00, 0x1E, 0x00, 0x00, 0x00,
    0x1E, 0x01, 0xF8, 0x00, 0x1E, 0x07, 0xFE, 0x00, 0x1E, 0x0F, 0xFF, 0x00, 0x1E, 0x1F, 0xFF, 0x00,
    0x1E, 0x3F, 0x1F, 0x80, 0x1E, 0x7C, 0x07, 0x80, 0x1E, 0x78, 0x07, 0xC0, 0x1E, 0xF0, 0x07, 0xC0,
    0x1F, 0xF0, 0x07, 0xC0, 0x1F, 0xE0, 0x03, 0xC0, 0x1F, 0xE0, 0x03, 0xC0, 0x0F, 0xC0, 0x07, 0xC0,
    0x0F, 0xC0, 0x07, 0xC0, 0x0F, 0xC0, 0x07, 0xC0, 0x0F, 0x80, 0x07, 0x80, 0x0F, 0x80, 0x0F, 0x80,
    0x0F, 0x80, 0x1F, 0x80, 0x0F, 0x80, 0x3F, 0x00, 0x07, 0x00, 0x7E, 0x00, 0x07, 0x01, 0xFE, 0x00,
    0x0F, 0x0F, 0xFC, 0x00, 0x1F, 0xFF, 0xF0, 0x00, 0x1F, 0xFF, 0xE0, 0x00, 0x0F, 0xFF, 0x80, 0x00,
    0x03, 0xFC, 0x00, 0x00, 0x00, 0x00, 0x00, 0x00, 0x00, 0x00, 0x00, 0x00, 0x00, 0x00, 0x00, 0x00,
    0x00, 0x00, 0x00, 0x00, 0x00, 0x00, 0x00, 0x00, 0x00, 0x00, 0x00, 0x00, 0x00, 0x00, 0x00, 0x00,
    0x00, 0x00, 0x00, 0x00, 0x00, 0x00, 0x00, 0x00, 0x00, 0x00, 0x00, 0x00, 0x00, 0x00, 0x00, 0x00,
    0x00, 0x00, 0x00, 0x00, 0x00, 0x00, 0x00, 0x00, 0x00, 0x00, 0x00, 0x00, 0x00, 0x00, 0x00, 0x00,
    0x00, 0x00, 0x00, 0x00, 0x00, 0x00, 0x00, 0x00, 0x00, 0x00, 0x00, 0x00, 0x00, 0x00, 0x00, 0x00,
    0x00, 0x00, 0x00, 0x00, 0x00, 0x00, 0x00, 0x00, 0x00, 0x00, 0x00, 0x00, 0x00, 0x00, 0x00, 0x00,
    0x00, 0x00, 0x00, 0x00, 0x00, 0x00, 0x00, 0x00, 0x00, 0x00, 0x00, 0x00, 0x00, 0x00, 0x00, 0x00,
    0x00, 0x00, 0x00, 0x00, 0x00, 0x00, 0x00, 0x00, 0x00, 0x00, 0x00, 0x00, 0x00, 0x00, 0x00, 0x00,
    0x00, 0x00, 0x00, 0x00, 0x00, 0x00, 0x00, 0x00, 0x00, 0x00, 0x00, 0x00, 0x00, 0x00, 0x00, 0x00,
    0x00, 0x00, 0x00, 0x00, 0x00, 0x00, 0x00, 0x00, 0x00, 0x00, 0x00, 0x00, 0x00, 0x00, 0x00, 0x00,
    0x00, 0x00, 0x00, 0x00, 0x00, 0x07, 0xF0, 0x00, 0x00, 0x1F, 0xF8, 0x00, 0x00, 0x7F, 0xF8, 0x00,
    0x00, 0xFF, 0xF8, 0x00, 0x01, 0xFC, 0x30, 0x00, 0x03, 0xF0, 0x00, 0x00, 0x07, 0xE0, 0x00, 0x00,
    0x07, 0xC0, 0x00, 0x00, 0x0F, 0x80, 0x00, 0x00, 0x0F, 0x00, 0x00, 0x00, 0x1F, 0x00, 0x00, 0x00,
    0x1F, 0x00, 0x00, 0x00, 0x1F, 0x00, 0x00, 0x00, 0x1E, 0x00, 0x00, 0x00, 0x1E, 0x00, 0x00, 0x00,
    0x1F, 0x00, 0x00, 0x00, 0x1F, 0x00, 0x00, 0x00, 0x1F, 0x00, 0x00, 0x00, 0x0F, 0x80, 0x0E, 0x00,
    0x0F, 0xC0, 0x1E, 0x00, 0x07, 0xF0, 0x7E, 0x00, 0x03, 0xFF, 0xFC, 0x00, 0x01, 0xFF, 0xFC, 0x00,
    0x00, 0xFF, 0xF0, 0x00, 0x00, 0x3F, 0xC0, 0x00, 0x00, 0x00, 0x00, 0x00, 0x00, 0x00, 0x00, 0x00,
    0x00, 0x00, 0x00, 0x00, 0x00, 0x00, 0x00, 0x00, 0x00, 0x00, 0x00, 0x00, 0x00, 0x00, 0x00, 0x00,
    0x00, 0x00, 0x00, 0x00, 0x00, 0x00, 0x00, 0x00, 0x00, 0x00, 0x00, 0x00, 0x00, 0x00, 0x00, 0x00,
    0x00, 0x00, 0x00, 0x00, 0x00, 0x00, 0x00, 0x00, 0x00, 0x00, 0x00, 0x00, 0x00, 0x00, 0x00, 0x00,
    0x00, 0x00, 0x00, 0x00, 0x00, 0x00, 0x00, 0x00, 0x00, 0x00, 0x00, 0x00, 0x00, 0x00, 0x00, 0x00,
    0x00, 0x00, 0x00, 0x00, 0x00, 0x00, 0x00, 0x00, 0x00, 0x00, 0x00, 0x00, 0x00, 0x00, 0x00, 0x00,
    0x00, 0x00, 0x00, 0x00, 0x00, 0x00, 0x00, 0x00, 0x00, 0x00, 0x00, 0x00, 0x00, 0x00, 0x00, 0x00,
    0x00, 0x00, 0x00, 0x00, 0x00, 0x00, 0x00, 0x00, 0x00, 0x00, 0x00, 0x00, 0x00, 0x00, 0x01, 0xC0,
    0x00, 0x00, 0x01, 0xE0, 0x00, 0x00, 0x01, 0xE0, 0x00, 0x00, 0x01, 0xE0, 0x00, 0x00, 0x01, 0xE0,
    0x00, 0x00, 0x01, 0xE0, 0x00, 0x00, 0x01, 0xE0, 0x00, 0x00, 0x03, 0xE0, 0x00, 0x00, 0x03, 0xE0,
    0x00, 0x00, 0x03, 0xE0, 0x00, 0x00, 0x03, 0xE0, 0x00, 0x00, 0x03, 0xE0, 0x00, 0x00, 0x03, 0xE0,
    0x00, 0x00, 0x03, 0xE0, 0x00, 0x3F, 0xC3, 0xE0, 0x00, 0xFF, 0xF3, 0xE0, 0x03, 0xFF, 0xFB, 0xE0,
    0x07, 0xFF, 0xFF, 0xE0, 0x07, 0xE0, 0x7F, 0xE0, 0x0F, 0xC0, 0x1F, 0xC0, 0x0F, 0x80, 0x07, 0xC0,
    0x1F, 0x00, 0x07, 0xC0, 0x1F, 0x00, 0x07, 0xC0, 0x1F, 0x00, 0x07, 0xC0, 0x1E, 0x00, 0x07, 0xC0,
    0x1E, 0x00, 0x0F, 0xE0, 0x1F, 0x00, 0x0F, 0xE0, 0x1F, 0x00, 0x0F, 0xE0, 0x1F, 0x00, 0x1F, 0xE0,
    0x0F, 0x00, 0x1F, 0xE0, 0x0F, 0x80, 0x3F, 0xE0, 0x0F, 0x80, 0x3F, 0xF0, 0x07, 0xC0, 0x7D, 0xF0,
    0x07, 0xE0, 0xF9, 0xF8, 0x03, 0xF1, 0xF8, 0xF8, 0x01, 0xFF, 0xF0, 0xFC, 0x00, 0xFF, 0xE0, 0x7C,
    0x00, 0x7F, 0xC0, 0x7C, 0x00, 0x1F, 0x00, 0x1C, 0x00, 0x00, 0x00, 0x00, 0x00, 0x00, 0x00, 0x00,
    0x00, 0x00, 0x00, 0x00, 0x00, 0x00, 0x00, 0x00, 0x00, 0x00, 0x00, 0x00, 0x00, 0x00, 0x00, 0x00,
    0x00, 0x00, 0x00, 0x00, 0x00, 0x00, 0x00, 0x00, 0x00, 0x00, 0x00, 0x00, 0x00, 0x00, 0x00, 0x00,
    0x00, 0x00, 0x00, 0x00, 0x00, 0x00, 0x00, 0x00, 0x00, 0x00, 0x00, 0x00, 0x00, 0x00, 0x00, 0x00,
    0x00, 0x00, 0x00, 0x00, 0x00, 0x00, 0x00, 0x00, 0x00, 0x00, 0x00, 0x00, 0x00, 0x00, 0x00, 0x00,
    0x00, 0x00, 0x00, 0x00, 0x00, 0x00, 0x00, 0x00, 0x00, 0x00, 0x00, 0x00, 0x00, 0x00, 0x00, 0x00,
    0x00, 0x00, 0x00, 0x00, 0x00, 0x00, 0x00, 0x00, 0x00, 0x00, 0x00, 0x00, 0x00, 0x00, 0x00, 0x00,
    0x00, 0x00, 0x00, 0x00, 0x00, 0x00, 0x00, 0x00, 0x00, 0x00, 0x00, 0x00, 0x00, 0x00, 0x00, 0x00,
    0x00, 0x00, 0x00, 0x00, 0x00, 0x00, 0x00, 0x00, 0x00, 0x00, 0x00, 0x00, 0x00, 0x00, 0x00, 0x00,
    0x00, 0x00, 0x00, 0x00, 0x00, 0x00, 0x00, 0x00, 0x00, 0x00, 0x00, 0x00, 0x00, 0x07, 0xF0, 0x00,
    0x00, 0x1F, 0xFC, 0x00, 0x00, 0x7F, 0xFE, 0x00, 0x00, 0xFF, 0xFE, 0x00, 0x01, 0xFC, 0x3F, 0x00,
    0x03, 0xF0, 0x1F, 0x00, 0x03, 0xE0, 0x0F, 0x00, 0x07, 0xC0, 0x0F, 0x00, 0x07, 0x80, 0x0F, 0x00,
    0x0F, 0x80, 0x0F, 0x00, 0x0F, 0x00, 0x1F, 0x00, 0x1F, 0x00, 0x3F, 0x00, 0x1F, 0x01, 0xFE, 0x00,
    0x1F, 0xFF, 0xFC, 0x00, 0x1F, 0xFF, 0xF8, 0x00, 0x1F, 0xFF, 0xF0, 0x00, 0x1F, 0xFF, 0x80, 0x00,
    0x1F, 0x00, 0x00, 0x00, 0x1F, 0x00, 0x00, 0x00, 0x1F, 0x00, 0x01, 0xC0, 0x0F, 0x80, 0x03, 0xC0,
    0x0F, 0x80, 0x0F, 0xC0, 0x07, 0xE0, 0x7F, 0x80, 0x07, 0xFF, 0xFF, 0x00, 0x03, 0xFF, 0xFE, 0x00,
    0x00, 0xFF, 0xF8, 0x00, 0x00, 0x3F, 0xC0, 0x00, 0x00, 0x00, 0x00, 0x00, 0x00, 0x00, 0x00, 0x00,
    0x00, 0x00, 0x00, 0x00, 0x00, 0x00, 0x00, 0x00, 0x00, 0x00, 0x00, 0x00, 0x00, 0x00, 0x00, 0x00,
    0x00, 0x00, 0x00, 0x00, 0x00, 0x00, 0x00, 0x00, 0x00, 0x00, 0x00, 0x00, 0x00, 0x00, 0x00, 0x00,
    0x00, 0x00, 0x00, 0x00, 0x00, 0x00, 0x00, 0x00, 0x00, 0x00, 0x00, 0x00, 0x00, 0x00, 0x00, 0x00,
    0x00, 0x00, 0x00, 0x00, 0x00, 0x00, 0x00, 0x00, 0x00, 0x00, 0x00, 0x00, 0x00, 0x00, 0x00, 0x00,
    0x00, 0x00, 0x00, 0x00, 0x00, 0x00, 0x00, 0x00, 0x00, 0x00, 0x00, 0x00, 0x00, 0x00, 0x00, 0x00,
    0x00, 0x00, 0x00, 0x00, 0x00, 0x00, 0x00, 0x00, 0x00, 0x00, 0x00, 0x00, 0x0F, 0x80, 0x00, 0x3F,
    0xC0, 0x00, 0x7F, 0xC0, 0x01, 0xFF, 0x80, 0x01, 0xFC, 0x00, 0x03, 0xF0, 0x00, 0x07, 0xE0, 0x00,
    0x07, 0xC0, 0x00, 0x0F, 0x80, 0x00, 0x0F, 0x80, 0x00, 0x0F, 0x00, 0x00, 0x1F, 0x00, 0x00, 0x1F,
    0x00, 0x00, 0x1F, 0x7F, 0x80, 0x1F, 0xFF, 0xC0, 0x1F, 0xFF, 0xC0, 0x1F, 0xFF, 0xC0, 0x1F, 0xE0,
    0x00, 0x1F, 0x00, 0x00, 0x1E, 0x00, 0x00, 0x1E, 0x00, 0x00, 0x1F, 0x00, 0x00, 0x1F, 0x00, 0x00,
    0x1F, 0x00, 0x00, 0x1F, 0x00, 0x00, 0x1F, 0x00, 0x00, 0x1F, 0x00, 0x00, 0x0F, 0x00, 0x00, 0x0F,
    0x00, 0x00, 0x0F, 0x00, 0x00, 0x0F, 0x00, 0x00, 0x0F, 0x00, 0x00, 0x0F, 0x00, 0x00, 0x0F, 0x00,
    0x00, 0x0F, 0x00, 0x00, 0x0F, 0x00, 0x00, 0x0F, 0x00, 0x00, 0x0F, 0x00, 0x00, 0x0F, 0x00, 0x00,
    0x0F, 0x00, 0x00, 0x07, 0x00, 0x00, 0x02, 0x00, 0x00, 0x00, 0x00, 0x00, 0x00, 0x00, 0x00, 0x00,
    0x00, 0x00, 0x00, 0x00, 0x00, 0x00, 0x00, 0x00, 0x00, 0x00, 0x00, 0x00, 0x00, 0x00, 0x00, 0x00,
    0x00, 0x00, 0x00, 0x00, 0x00, 0x00, 0x00, 0x00, 0x00, 0x00, 0x00, 0x00, 0x00, 0x00, 0x00, 0x00,
    0x00, 0x00, 0x00, 0x00, 0x00, 0x00, 0x00, 0x00, 0x00, 0x00, 0x00, 0x00, 0x00, 0x00, 0x00, 0x00,
    0x00, 0x00, 0x00, 0x00, 0x00, 0x00, 0x00, 0x00, 0x00, 0x00, 0x00, 0x00, 0x00, 0x00, 0x00, 0x00,
    0x00, 0x00, 0x00, 0x00, 0x00, 0x00, 0x00, 0x00, 0x00, 0x00, 0x00, 0x00, 0x00, 0x00, 0x00, 0x00,
    0x00, 0x00, 0x00, 0x00, 0x00, 0x00, 0x00, 0x00, 0x00, 0x00, 0x00, 0x00, 0x00, 0x00, 0x00, 0x00,
    0x00, 0x00, 0x00, 0x00, 0x00, 0x00, 0x00, 0x00, 0x00, 0x00, 0x00, 0x00, 0x00, 0x00, 0x00, 0x00,
    0x00, 0x00, 0x00, 0x00, 0x00, 0x00, 0x00, 0x00, 0x00, 0x00, 0x00, 0x00, 0x00, 0x00, 0x00, 0x00,
    0x00, 0x00, 0x00, 0x1F, 0xE0, 0x00, 0x00, 0x7F, 0xF0, 0x00, 0x00, 0xFF, 0xFF, 0x80, 0x01, 0xFF,
    0xFF, 0xC0, 0x03, 0xF8, 0x3F, 0xC0, 0x07, 0xE0, 0x1F, 0xC0, 0x0F, 0xC0, 0x1F, 0xC0, 0x0F, 0x80,
    0x07, 0xC0, 0x0F, 0x00, 0x07, 0xC0, 0x1F, 0x00, 0x0F, 0xE0, 0x1F, 0x00, 0x0F, 0xE0, 0x1E, 0x00,
    0x0F, 0xE0, 0x1E, 0x00, 0x1F, 0xE0, 0x1F, 0x00, 0x1F, 0xE0, 0x1F, 0x00, 0x3F, 0xF0, 0x0F, 0x80,
    0x7D, 0xF0, 0x0F, 0xC1, 0xFD, 0xF0, 0x07, 0xFF, 0xF9, 0xF0, 0x07, 0xFF, 0xF0, 0xF0, 0x01, 0xFF,
    0xC0, 0xF8, 0x00, 0x7F, 0x00, 0xF8, 0x00, 0x00, 0x00, 0xF8, 0x00, 0x00, 0x00, 0x78, 0x00, 0x00,
    0x00, 0x78, 0x00, 0x00, 0x00, 0x78, 0x00, 0x00, 0x00, 0x78, 0x00, 0x00, 0x00, 0x78, 0x01, 0xC0,
    0x00, 0x78, 0x03, 0xC0, 0x00, 0x78, 0x03, 0xE0, 0x00, 0x78, 0x03, 0xE0, 0x00, 0x78, 0x03, 0xE0,
    0x00, 0x78, 0x01, 0xF0, 0x00, 0xF8, 0x01, 0xFC, 0x01, 0xF8, 0x00, 0xFF, 0x03, 0xF0, 0x00, 0x7F,
    0xFF, 0xE0, 0x00, 0x3F, 0xFF, 0xE0, 0x00, 0x0F, 0xFF, 0x80, 0x00, 0x01, 0xFE, 0x00, 0x00, 0x00,
    0x00, 0x00, 0x00, 0x00, 0x00, 0x00, 0x00, 0x00, 0x00, 0x00, 0x00, 0x00, 0x00, 0x00, 0x00, 0x00,
    0x00, 0x00, 0x00, 0x00, 0x00, 0x00, 0x00, 0x00, 0x00, 0x00, 0x00, 0x00, 0x00, 0x00, 0x00, 0x00,
    0x00, 0x00, 0x00, 0x00, 0x00, 0x00, 0x00, 0x00, 0x00, 0x00, 0x00, 0x00, 0x00, 0x00, 0x00, 0x00,
    0x00, 0x00, 0x00, 0x00, 0x00, 0x00, 0x01, 0x80, 0x00, 0x00, 0x03, 0xC0, 0x00, 0x00, 0x03, 0xC0,
    0x00, 0x00, 0x03, 0xE0, 0x00, 0x00, 0x03, 0xE0, 0x00, 0x00, 0x03, 0xE0, 0x00, 0x00, 0x03, 0xE0,
    0x00, 0x00, 0x03, 0xE0, 0x00, 0x00, 0x03, 0xC0, 0x00, 0x00, 0x03, 0xC0, 0x00, 0x00, 0x03, 0xC0,
    0x00, 0x00, 0x03, 0xC0, 0x00, 0x00, 0x07, 0xC0, 0x00, 0x00, 0x07, 0xC0, 0x7E, 0x00, 0x07, 0xC1,
    0xFF, 0x00, 0x07, 0x83, 0xFF, 0x00, 0x07, 0x87, 0xFF, 0x80, 0x07, 0x87, 0xFF, 0x80, 0x0F, 0x8F,
    0xCF, 0x80, 0x0F, 0x9F, 0x87, 0x80, 0x0F, 0x1F, 0x07, 0xC0, 0x0F, 0x3E, 0x07, 0xC0, 0x0F, 0x3E,
    0x07, 0xC0, 0x0F, 0x7C, 0x07, 0xC0, 0x1F, 0x7C, 0x03, 0xC0, 0x1F, 0xF8, 0x03, 0xC0, 0x1F, 0xF8,
    0x03, 0xC0, 0x1F, 0xF0, 0x03, 0xC0, 0x1F, 0xF0, 0x03, 0xE0, 0x1F, 0xE0, 0x03, 0xE0, 0x1F, 0xE0,
    0x03, 0xE0, 0x1F, 0xC0, 0x03, 0xE0, 0x1F, 0xC0, 0x01, 0xE0, 0x1F, 0xC0, 0x01, 0xF0, 0x1F, 0x80,
    0x01, 0xF0, 0x1F, 0x80, 0x01, 0xF8, 0x1F, 0x80, 0x00, 0xF8, 0x0F, 0x00, 0x00, 0x78, 0x07, 0x00,
    0x00, 0x70, 0x00, 0x00, 0x00, 0x00, 0x00, 0x00, 0x00, 0x00, 0x00, 0x00, 0x00, 0x00, 0x00, 0x00,
    0x00, 0x00, 0x00, 0x00, 0x00, 0x00, 0x00, 0x00, 0x00, 0x00, 0x00, 0x00, 0x00, 0x00, 0x00, 0x00,
    0x00, 0x00, 0x00, 0x00, 0x00, 0x00, 0x00, 0x00, 0x00, 0x00, 0x00, 0x00, 0x00, 0x00, 0x00, 0x00,
    0x00, 0x00, 0x00, 0x00, 0x00, 0x00, 0x00, 0x00, 0x00, 0x00, 0x00, 0x00, 0x00, 0x00, 0x00, 0x00,
    0x00, 0x00, 0x00, 0x00, 0x00, 0x00, 0x00, 0x00, 0x00, 0x00, 0x00, 0x00, 0x00, 0x00, 0x00, 0x00,
    0x00, 0x00, 0x00, 0x00, 0x00, 0x00, 0x00, 0x00, 0x07, 0x00, 0x0F, 0x80, 0x1F, 0xC0, 0x1F, 0xC0,
    0x1F, 0xC0, 0x0F, 0xC0, 0x07, 0x80, 0x00, 0x00, 0x00, 0x00, 0x00, 0x00, 0x00, 0x00, 0x00, 0x00,
    0x00, 0x00, 0x07, 0x00, 0x07, 0x80, 0x07, 0x80, 0x07, 0x80, 0x07, 0x80, 0x07, 0x80, 0x07, 0x80,
    0x07, 0x80, 0x07, 0x80, 0x07, 0x80, 0x07, 0x80, 0x07, 0x80, 0x07, 0x80, 0x07, 0x80, 0x07, 0x80,
    0x07, 0x80, 0x07, 0x80, 0x07, 0x80, 0x07, 0x80, 0x07, 0x80, 0x07, 0x80, 0x07, 0x80, 0x07, 0x80,
    0x03, 0x00, 0x00, 0x00, 0x00, 0x00, 0x00, 0x00, 0x00, 0x00, 0x00, 0x00, 0x00, 0x00, 0x00, 0x00,
    0x00, 0x00, 0x00, 0x00, 0x00, 0x00, 0x00, 0x00, 0x00, 0x00, 0x00, 0x00, 0x00, 0x00, 0x00, 0x00,
    0x00, 0x00, 0x00, 0x00, 0x00, 0x00, 0x00, 0x00, 0x00, 0x00, 0x00, 0x00, 0x00, 0x00, 0x00, 0x00,
    0x00, 0x00, 0x00, 0x00, 0x00, 0x00, 0x00, 0x00, 0x00, 0x00, 0x00, 0x00, 0x00, 0x00, 0x00, 0x00,
    0x00, 0x00, 0x00, 0x00, 0x00, 0x00, 0x00, 0x00, 0x00, 0x00, 0x00, 0x00, 0xE0, 0x00, 0x01, 0xF0,
    0x00, 0x03, 0xF8, 0x00, 0x03, 0xF8, 0x00, 0x03, 0xF8, 0x00, 0x01, 0xF8, 0x00, 0x00, 0xF0, 0x00,
    0x00, 0x00, 0x00, 0x00, 0x00, 0x00, 0x00, 0x00, 0x00, 0x00, 0x00, 0x00, 0x00, 0x00, 0x00, 0x00,
    0xE0, 0x00, 0x01, 0xF0, 0x00, 0x01, 0xF0, 0x00, 0x01, 0xF0, 0x00, 0x01, 0xF8, 0x00, 0x00, 0xF8,
    0x00, 0x00, 0xF8, 0x00, 0x00, 0xF8, 0x00, 0x00, 0xF8, 0x00, 0x00, 0xFC, 0x00, 0x00, 0x7C, 0x00,
    0x00, 0x7C, 0x00, 0x00, 0x7C, 0x00, 0x00, 0x7C, 0x00, 0x00, 0x7C, 0x00, 0x00, 0x7C, 0x00, 0x00,
    0x7C, 0x00, 0x00, 0x3C, 0x00, 0x00, 0x3C, 0x00, 0x00, 0x3C, 0x00, 0x00, 0x3C, 0x00, 0x00, 0x3C,
    0x00, 0x00, 0x3C, 0x00, 0x00, 0x3C, 0x00, 0x00, 0x3C, 0x00, 0x00, 0x3C, 0x00, 0x00, 0x3C, 0x00,
    0x00, 0x3C, 0x00, 0x00, 0x3C, 0x00, 0x00, 0x3C, 0x00, 0x00, 0x3C, 0x00, 0x00, 0x7C, 0x00, 0x00,
    0x7C, 0x00, 0xF0, 0xF8, 0x00, 0xFF, 0xF8, 0x00, 0xFF, 0xF0, 0x00, 0x7F, 0xE0, 0x00, 0x1F, 0xC0,
    0x00, 0x00, 0x00, 0x00, 0x00, 0x00, 0x00, 0x00, 0x00, 0x00, 0x00, 0x00, 0x00, 0x00, 0x00, 0x00,
    0x00, 0x00, 0x00, 0x00, 0x00, 0x00, 0x00, 0x00, 0x00, 0x00, 0x00, 0x00, 0x00, 0x00, 0x00, 0x00,
    0x00, 0x00, 0x00, 0x00, 0x00, 0x00, 0x00, 0x00, 0x00, 0x00, 0x00, 0x00, 0x00, 0x00, 0x00, 0x00,
    0x00, 0x00, 0x00, 0x00, 0x00, 0xC0, 0x00, 0x00, 0x01, 0xE0, 0x00, 0x00, 0x01, 0xE0, 0x00, 0x00,
    0x01, 0xE0, 0x00, 0x00, 0x01, 0xE0, 0x00, 0x00, 0x01, 0xE0, 0x00, 0x00, 0x01, 0xE0, 0x00, 0x00,
    0x01, 0xE0, 0x00, 0x00, 0x01, 0xE0, 0x00, 0x00, 0x01, 0xE0, 0x00, 0x00, 0x03, 0xE0, 0x00, 0x00,
    0x03, 0xE0, 0x00, 0x00, 0x03, 0xE0, 0x00, 0x00, 0x03, 0xC0, 0x00, 0x00, 0x03, 0xC0, 0x07, 0x80,
    0x03, 0xC0, 0x1F, 0x80, 0x03, 0xC0, 0x3F, 0x80, 0x03, 0xC0, 0xFF, 0x80, 0x07, 0xC1, 0xFE, 0x00,
    0x07, 0x83, 0xF8, 0x00, 0x07, 0x87, 0xF0, 0x00, 0x07, 0x8F, 0xC0, 0x00, 0x07, 0x8F, 0x80, 0x00,
    0x07, 0x9F, 0x00, 0x00, 0x07, 0xBE, 0x00, 0x00, 0x07, 0xBE, 0x00, 0x00, 0x0F, 0x3C, 0x00, 0x00,
    0x0F, 0x3C, 0x00, 0x00, 0x0F, 0x3E, 0x00, 0x00, 0x0F, 0x3E, 0x00, 0x00, 0x0F, 0x1F, 0x00, 0x00,
    0x0F, 0x1F, 0xC0, 0x00, 0x0F, 0x0F, 0xE0, 0x00, 0x0F, 0x07, 0xFC, 0x00, 0x0F, 0x03, 0xFF, 0x00,
    0x0F, 0x00, 0xFF, 0xC0, 0x0F, 0x00, 0x7F, 0xE0, 0x07, 0x00, 0x1F, 0xE0, 0x03, 0x00, 0x03, 0xE0,
    0x00, 0x00, 0x00, 0x00, 0x00, 0x00, 0x00, 0x00, 0x00, 0x00, 0x00, 0x00, 0x00, 0x00, 0x00, 0x00,
    0x00, 0x00, 0x00, 0x00, 0x00, 0x00, 0x00, 0x00, 0x00, 0x00, 0x00, 0x00, 0x00, 0x00, 0x00, 0x00,
    0x00, 0x00, 0x00, 0x00, 0x00, 0x00, 0x00, 0x00, 0x00, 0x00, 0x00, 0x00, 0x00, 0x00, 0x00, 0x00,
    0x00, 0x00, 0x00, 0x00, 0x00, 0x00, 0x00, 0x00, 0x00, 0x00, 0x00, 0x00, 0x00, 0x00, 0x00, 0x00,
    0x00, 0x00, 0x00, 0x00, 0x00, 0x00, 0x00, 0x00, 0x00, 0x00, 0x00, 0x00, 0x00, 0x00, 0x00, 0x00,
    0x00, 0x00, 0x00, 0x00, 0x07, 0x00, 0x07, 0x00, 0x0F, 0x00, 0x0F, 0x80, 0x0F, 0x80, 0x0F, 0x00,
    0x0F, 0x00, 0x1F, 0x00, 0x1F, 0x00, 0x1F, 0x00, 0x1F, 0x00, 0x1F, 0x00, 0x1F, 0x00, 0x1F, 0x00,
    0x1E, 0x00, 0x1E, 0x00, 0x1E, 0x00, 0x1E, 0x00, 0x1E, 0x00, 0x1E, 0x00, 0x1E, 0x00, 0x1E, 0x00,
    0x1E, 0x00, 0x1E, 0x00, 0x1E, 0x00, 0x1E, 0x00, 0x1E, 0x00, 0x1F, 0x00, 0x1F, 0x00, 0x1F, 0x00,
    0x1F, 0x00, 0x0F, 0x00, 0x0F, 0x00, 0x0F, 0x80, 0x0F, 0x8E, 0x07, 0xFE, 0x07, 0xFE, 0x03, 0xFC,
    0x01, 0xF8, 0x00, 0x00, 0x00, 0x00, 0x00, 0x00, 0x00, 0x00, 0x00, 0x00, 0x00, 0x00, 0x00, 0x00,
    0x00, 0x00, 0x00, 0x00, 0x00, 0x00, 0x00, 0x00, 0x00, 0x00, 0x00, 0x00, 0x00, 0x00, 0x00, 0x00,
    0x00, 0x00, 0x00, 0x00, 0x00, 0x00, 0x00, 0x00, 0x00, 0x00, 0x00, 0x00, 0x00, 0x00, 0x00, 0x00,
    0x00, 0x00, 0x00, 0x00, 0x00, 0x00, 0x00, 0x00, 0x00, 0x00, 0x00, 0x00, 0x00, 0x00, 0x00, 0x00,
    0x00, 0x00, 0x00, 0x00, 0x00, 0x00, 0x00, 0x00, 0x00, 0x00, 0x00, 0x00, 0x00, 0x00, 0x00, 0x00,
    0x00, 0x00, 0x00, 0x00, 0x00, 0x00, 0x00, 0x00, 0x00, 0x00, 0x00, 0x00, 0x00, 0x00, 0x00, 0x00,
    0x00, 0x00, 0x00, 0x00, 0x00, 0x00, 0x00, 0x00, 0x00, 0x00, 0x00, 0x00, 0x00, 0x00, 0x00, 0x00,
    0x00, 0x00, 0x00, 0x00, 0x00, 0x00, 0x00, 0x00, 0x00, 0x00, 0x00, 0x00, 0x00, 0x00, 0x00, 0x00,
    0x00, 0x00, 0x00, 0x00, 0x00, 0x00, 0x00, 0x00, 0x00, 0x00, 0x00, 0x00, 0x00, 0x00, 0x00, 0x00,
    0x00, 0x00, 0x00, 0x00, 0x00, 0x00, 0x00, 0x00, 0x00, 0x00, 0x00, 0x00, 0x00, 0x00, 0x00, 0x00,
    0x00, 0x00, 0x00, 0x00, 0x00, 0x00, 0x00, 0x00, 0x00, 0x00, 0x00, 0x00, 0x00, 0x00, 0x00, 0x00,
    0x00, 0x00, 0x00, 0x00, 0x00, 0x00, 0x00, 0x00, 0x00, 0x00, 0x00, 0x00, 0x00, 0x00, 0x00, 0x00,
    0x00, 0x00, 0x00, 0x0F, 0x00, 0x03, 0xC0, 0x00, 0x00, 0x1F, 0x80, 0x07, 0xF0, 0x00, 0x0E, 0x3F,
    0xC0, 0x0F, 0xF0, 0x00, 0x1F, 0x7F, 0xC0, 0x1F, 0xF8, 0x00, 0x0F, 0x7F, 0xE0, 0x3F, 0xF8, 0x00,
    0x0F, 0xF9, 0xE0, 0x3E, 0x78, 0x00, 0x0F, 0xF1, 0xF0, 0x7C, 0x7C, 0x00, 0x0F, 0xF1, 0xF0, 0x78,
    0x7C, 0x00, 0x0F, 0xE0, 0xF0, 0xF8, 0x3C, 0x00, 0x0F, 0xE0, 0xF0, 0xF0, 0x3C, 0x00, 0x0F, 0xE0,
    0xF0, 0xF0, 0x3C, 0x00, 0x0F, 0xC0, 0xF9, 0xF0, 0x3E, 0x00, 0x0F, 0xC0, 0xF9, 0xE0, 0x3E, 0x00,
    0x0F, 0xC0, 0x7B, 0xE0, 0x3E, 0x00, 0x1F, 0xC0, 0x7B, 0xE0, 0x3E, 0x00, 0x1F, 0x80, 0x7B, 0xC0,
    0x1E, 0x00, 0x1F, 0x80, 0x7F, 0xC0, 0x1E, 0x00, 0x1F, 0x80, 0x7F, 0xC0, 0x1E, 0x00, 0x1F, 0x80,
    0x7F, 0x80, 0x1F, 0x00, 0x1F, 0x80, 0x3F, 0x80, 0x1F, 0x00, 0x0F, 0x80, 0x3F, 0x80, 0x1F, 0x00,
    0x0F, 0x00, 0x3F, 0x80, 0x0F, 0x80, 0x0F, 0x00, 0x1F, 0x00, 0x0F, 0x80, 0x0F, 0x00, 0x1F, 0x00,
    0x07, 0x80, 0x07, 0x00, 0x0E, 0x00, 0x03, 0x00, 0x00, 0x00, 0x00, 0x00, 0x00, 0x00, 0x00, 0x00,
    0x00, 0x00, 0x00, 0x00, 0x00, 0x00, 0x00, 0x00, 0x00, 0x00, 0x00, 0x00, 0x00, 0x00, 0x00, 0x00,
    0x00, 0x00, 0x00, 0x00, 0x00, 0x00, 0x00, 0x00, 0x00, 0x00, 0x00, 0x00, 0x00, 0x00, 0x00, 0x00,
    0x00, 0x00, 0x00, 0x00, 0x00, 0x00, 0x00, 0x00, 0x00, 0x00, 0x00, 0x00, 0x00, 0x00, 0x00, 0x00,
    0x00, 0x00, 0x00, 0x00, 0x00, 0x00, 0x00, 0x00, 0x00, 0x00, 0x00, 0x00, 0x00, 0x00, 0x00, 0x00,
    0x00, 0x00, 0x00, 0x00, 0x00, 0x00, 0x00, 0x00, 0x00, 0x00, 0x00, 0x00, 0x00, 0x00, 0x00, 0x00,
    0x00, 0x00, 0x00, 0x00, 0x00, 0x00, 0x00, 0x00, 0x00, 0x00, 0x00, 0x00, 0x00, 0x00, 0x00, 0x00,
    0x00, 0x00, 0x00, 0x00, 0x00, 0x00, 0x00, 0x00, 0x00, 0x00, 0x00, 0x00, 0x00, 0x00, 0x00, 0x00,
    0x00, 0x00, 0x00, 0x00, 0x00, 0x00, 0x00, 0x00, 0x00, 0x00, 0x00, 0x00, 0x00, 0x00, 0x00, 0x00,
    0x00, 0x00, 0x00, 0x00, 0x00, 0x00, 0x00, 0x00, 0x00, 0x00, 0x00, 0x00, 0x00, 0x00, 0x00, 0x00,
    0x00, 0x00, 0x00, 0x00, 0x00, 0x00, 0x00, 0x00, 0x00, 0x00, 0x00, 0x00, 0x00, 0x00, 0x00, 0x00,
    0x00, 0x00, 0x00, 0x00, 0x00, 0x00, 0x00, 0x00, 0x00, 0x00, 0x00, 0x00, 0x00, 0x00, 0x00, 0x00,
    0x00, 0x00, 0x00, 0x00, 0x00, 0x00, 0x00, 0x00, 0x00, 0x00, 0x3E, 0x00, 0x03, 0x80, 0x7F, 0x00,
    0x03, 0xC0, 0xFF, 0x80, 0x03, 0xC1, 0xFF, 0x80, 0x03, 0xC3, 0xE7, 0xC0, 0x07, 0xC7, 0xC7, 0xC0,
    0x07, 0xC7, 0x83, 0xC0, 0x07, 0xCF, 0x83, 0xC0, 0x07, 0xCF, 0x03, 0xC0, 0x07, 0x9E, 0x03, 0xC0,
    0x07, 0x9E, 0x03, 0xC0, 0x07, 0xBC, 0x03, 0xC0, 0x0F, 0xBC, 0x03, 0xC0, 0x0F, 0xF8, 0x03, 0xC0,
    0x0F, 0xF8, 0x03, 0xC0, 0x0F, 0xF8, 0x03, 0xC0, 0x0F, 0xF0, 0x03, 0xC0, 0x0F, 0xF0, 0x03, 0xC0,
    0x0F, 0xF0, 0x03, 0xC0, 0x0F, 0xE0, 0x03, 0xE0, 0x0F, 0xE0, 0x03, 0xE0, 0x0F, 0xE0, 0x01, 0xF0,
    0x07, 0xE0, 0x01, 0xF8, 0x07, 0xC0, 0x01, 0xF8, 0x07, 0xC0, 0x00, 0xF8, 0x03, 0x80, 0x00, 0x78,
    0x00, 0x00, 0x00, 0x00, 0x00, 0x00, 0x00, 0x00, 0x00, 0x00, 0x00, 0x00, 0x00, 0x00, 0x00, 0x00,
    0x00, 0x00, 0x00, 0x00, 0x00, 0x00, 0x00, 0x00, 0x00, 0x00, 0x00, 0x00, 0x00, 0x00, 0x00, 0x00,
    0x00, 0x00, 0x00, 0x00, 0x00, 0x00, 0x00, 0x00, 0x00, 0x00, 0x00, 0x00, 0x00, 0x00, 0x00, 0x00,
    0x00, 0x00, 0x00, 0x00, 0x00, 0x00, 0x00, 0x00, 0x00, 0x00, 0x00, 0x00, 0x00, 0x00, 0x00, 0x00,
    0x00, 0x00, 0x00, 0x00, 0x00, 0x00, 0x00, 0x00, 0x00, 0x00, 0x00, 0x00, 0x00, 0x00, 0x00, 0x00,
    0x00, 0x00, 0x00, 0x00, 0x00, 0x00, 0x00, 0x00, 0x00, 0x00, 0x00, 0x00, 0x00, 0x00, 0x00, 0x00,
    0x00, 0x00, 0x00, 0x00, 0x00, 0x00, 0x00, 0x00, 0x00, 0x00, 0x00, 0x00, 0x00, 0x00, 0x00, 0x00,
    0x00, 0x00, 0x00, 0x00, 0x00, 0x00, 0x00, 0x00, 0x00, 0x00, 0x00, 0x00, 0x00, 0x00, 0x00, 0x00,
    0x00, 0x00, 0x00, 0x00, 0x00, 0x00, 0x00, 0x00, 0x00, 0x00, 0x00, 0x00, 0x00, 0x00, 0x00, 0x00,
    0x00, 0x00, 0x00, 0x00, 0x00, 0x00, 0x00, 0x00, 0x00, 0x1F, 0xF0, 0x00, 0x00, 0x7F, 0xFC, 0x00,
    0x00, 0xFF, 0xFE, 0x00, 0x01, 0xFF, 0xFF, 0x00, 0x03, 0xFC, 0x3F, 0x80, 0x07, 0xF8, 0x0F, 0xC0,
    0x07, 0xF0, 0x07, 0xC0, 0x0F, 0xE0, 0x03, 0xC0, 0x0F, 0xC0, 0x03, 0xE0, 0x1F, 0x00, 0x03, 0xE0,
    0x1F, 0x00, 0x03, 0xE0, 0x1E, 0x00, 0x01, 0xE0, 0x1E, 0x00, 0x01, 0xE0, 0x1E, 0x00, 0x03, 0xE0,
    0x1F, 0x00, 0x03, 0xE0, 0x1F, 0x00, 0x03, 0xE0, 0x0F, 0x00, 0x03, 0xC0, 0x0F, 0x80, 0x07, 0xC0,
    0x0F, 0xC0, 0x07, 0xC0, 0x07, 0xE0, 0x0F, 0x80, 0x03, 0xF8, 0x3F, 0x00, 0x01, 0xFF, 0xFF, 0x00,
    0x00, 0xFF, 0xFE, 0x00, 0x00, 0x7F, 0xF8, 0x00, 0x00, 0x0F, 0xE0, 0x00, 0x00, 0x00, 0x00, 0x00,
    0x00, 0x00, 0x00, 0x00, 0x00, 0x00, 0x00, 0x00, 0x00, 0x00, 0x00, 0x00, 0x00, 0x00, 0x00, 0x00,
    0x00, 0x00, 0x00, 0x00, 0x00, 0x00, 0x00, 0x00, 0x00, 0x00, 0x00, 0x00, 0x00, 0x00, 0x00, 0x00,
    0x00, 0x00, 0x00, 0x00, 0x00, 0x00, 0x00, 0x00, 0x00, 0x00, 0x00, 0x00, 0x00, 0x00, 0x00, 0x00,
    0x00, 0x00, 0x00, 0x00, 0x00, 0x00, 0x00, 0x00, 0x00, 0x00, 0x00, 0x00, 0x00, 0x00, 0x00, 0x00,
    0x00, 0x00, 0x00, 0x00, 0x00, 0x00, 0x00, 0x00, 0x00, 0x00, 0x00, 0x00, 0x00, 0x00, 0x00, 0x00,
    0x00, 0x00, 0x00, 0x00, 0x00, 0x00, 0x00, 0x00, 0x00, 0x00, 0x00, 0x00, 0x00, 0x00, 0x00, 0x00,
    0x00, 0x00, 0x00, 0x00, 0x00, 0x00, 0x00, 0x00, 0x00, 0x00, 0x00, 0x00, 0x00, 0x00, 0x00, 0x00,
    0x00, 0x00, 0x00, 0x00, 0x00, 0x00, 0x00, 0x00, 0x00, 0x00, 0x00, 0x00, 0x00, 0x00, 0x00, 0x00,
    0x00, 0x00, 0x00, 0x00, 0x00, 0x00, 0x00, 0x00, 0x00, 0x00, 0x00, 0x00, 0x00, 0x00, 0x00, 0x00,
    0x00, 0x00, 0x00, 0x00, 0x00, 0x00, 0x00, 0x00, 0x00, 0x00, 0x00, 0x00, 0x00, 0x00, 0x00, 0x00,
    0x03, 0xFE, 0x00, 0x00, 0x07, 0xFF, 0xC0, 0x00, 0x1F, 0xFF, 0xF0, 0x00, 0x1F, 0xFF, 0xF8, 0x00,
    0x1F, 0x03, 0xFC, 0x00, 0x1E, 0x00, 0x7E, 0x00, 0x1E, 0x00, 0x3F, 0x00, 0x1E, 0x00, 0x1F, 0x00,
    0x1F, 0x00, 0x0F, 0x80, 0x1F, 0x00, 0x0F, 0x80, 0x0F, 0x00, 0x07, 0xC0, 0x0F, 0x00, 0x07, 0xC0,
    0x0F, 0x00, 0x07, 0xC0, 0x0F, 0x00, 0x03, 0xC0, 0x0F, 0x00, 0x03, 0xC0, 0x0F, 0x80, 0x07, 0xC0,
    0x07, 0x80, 0x07, 0xC0, 0x07, 0x80, 0x07, 0xC0, 0x07, 0x80, 0x0F, 0x80, 0x07, 0xE0, 0x1F, 0x80,
    0x07, 0xFF, 0xFF, 0x00, 0x03, 0xFF, 0xFE, 0x00, 0x03, 0xFF, 0xFC, 0x00, 0x03, 0xFF, 0xF8, 0x00,
    0x03, 0xC1, 0x00, 0x00, 0x03, 0xC0, 0x00, 0x00, 0x03, 0xC0, 0x00, 0x00, 0x03, 0xC0, 0x00, 0x00,
    0x03, 0xC0, 0x00, 0x00, 0x03, 0xC0, 0x00, 0x00, 0x03, 0xC0, 0x00, 0x00, 0x07, 0xC0, 0x00, 0x00,
    0x07, 0xC0, 0x00, 0x00, 0x07, 0xC0, 0x00, 0x00, 0x0F, 0xC0, 0x00, 0x00, 0x0F, 0x80, 0x00, 0x00,
    0x0F, 0x80, 0x00, 0x00, 0x07, 0x00, 0x00, 0x00, 0x00, 0x00, 0x00, 0x00, 0x00, 0x00, 0x00, 0x00,
    0x00, 0x00, 0x00, 0x00, 0x00, 0x00, 0x00, 0x00, 0x00, 0x00, 0x00, 0x00, 0x00, 0x00, 0x00, 0x00,
    0x00, 0x00, 0x00, 0x00, 0x00, 0x00, 0x00, 0x00, 0x00, 0x00, 0x00, 0x00, 0x00, 0x00, 0x00, 0x00,
    0x00, 0x00, 0x00, 0x00, 0x00, 0x00, 0x00, 0x00, 0x00, 0x00, 0x00, 0x00, 0x00, 0x00, 0x00, 0x00,
    0x00, 0x00, 0x00, 0x00, 0x00, 0x00, 0x00, 0x00, 0x00, 0x00, 0x00, 0x00, 0x00, 0x00, 0x00, 0x00,
    0x00, 0x00, 0x00, 0x00, 0x00, 0x00, 0x00, 0x00, 0x00, 0x00, 0x00, 0x00, 0x00, 0x00, 0x00, 0x00,
    0x00, 0x00, 0x00, 0x00, 0x00, 0x00, 0x00, 0x00, 0x00, 0x00, 0x00, 0x00, 0x00, 0x00, 0x00, 0x00,
    0x00, 0x00, 0x00, 0x00, 0x00, 0x00, 0x00, 0x00, 0x00, 0x00, 0x00, 0x00, 0x00, 0x00, 0x00, 0x00,
    0x00, 0x00, 0x00, 0x00, 0x00, 0x00, 0x00, 0x00, 0x00, 0x00, 0x00, 0x00, 0x00, 0x07, 0xF0, 0x00,
    0x00, 0x00, 0x1F, 0xFC, 0x00, 0x00, 0x00, 0x3F, 0xFE, 0x00, 0x00, 0x00, 0x7F, 0xFF, 0x00, 0x00,
    0x00, 0xFE, 0x1F, 0x00, 0x00, 0x01, 0xF8, 0x0F, 0x00, 0x00, 0x03, 0xF0, 0x0F, 0xC0, 0x00, 0x03,
    0xE0, 0x07, 0xE0, 0x00, 0x07, 0xC0, 0x01, 0xE0, 0x00, 0x07, 0xC0, 0x03, 0xE0, 0x00, 0x0F, 0x80,
    0x03, 0xE0, 0x00, 0x0F, 0x80, 0x03, 0xE0, 0x00, 0x1F, 0x00, 0x07, 0xE0, 0x00, 0x1F, 0x00, 0x07,
    0xC0, 0x00, 0x1F, 0x00, 0x07, 0xC0, 0x00, 0x1F, 0x00, 0x0F, 0xC0, 0x00, 0x1E, 0x00, 0x1F, 0xC0,
    0x00, 0x1E, 0x00, 0x1F, 0xC0, 0x00, 0x1F, 0x00, 0x3F, 0xC0, 0x00, 0x1F, 0x00, 0x7F, 0xC0, 0x00,
    0x0F, 0x81, 0xFF, 0xC0, 0x00, 0x0F, 0xFF, 0xF3, 0xC0, 0x00, 0x07, 0xFF, 0xE3, 0xC0, 0x00, 0x03,
    0xFF, 0xC3, 0xC0, 0x00, 0x01, 0xFF, 0x03, 0xC0, 0x00, 0x00, 0x10, 0x03, 0xC0, 0x00, 0x00, 0x00,
    0x03, 0xC0, 0x00, 0x00, 0x00, 0x03, 0xC0, 0x00, 0x00, 0x00, 0x03, 0xC0, 0x00, 0x00, 0x00, 0x03,
    0xC1, 0x00, 0x00, 0x00, 0x03, 0xC7, 0x80, 0x00, 0x00, 0x03, 0xDF, 0x80, 0x00, 0x00, 0x03, 0xFF,
    0x80, 0x00, 0x00, 0x03, 0xFF, 0x00, 0x00, 0x00, 0x03, 0xFE, 0x00, 0x00, 0x00, 0x03, 0xF8, 0x00,
    0x00, 0x00, 0x03, 0xF0, 0x00, 0x00, 0x00, 0x01, 0xC0, 0x00, 0x00, 0x00, 0x00, 0x00, 0x00, 0x00,
    0x00, 0x00, 0x00, 0x00, 0x00, 0x00, 0x00, 0x00, 0x00, 0x00, 0x00, 0x00, 0x00, 0x00, 0x00, 0x00,
    0x00, 0x00, 0x00, 0x00, 0x00, 0x00, 0x00, 0x00, 0x00, 0x00, 0x00, 0x00, 0x00, 0x00, 0x00, 0x00,
    0x00, 0x00, 0x00, 0x00, 0x00, 0x00, 0x00, 0x00, 0x00, 0x00, 0x00, 0x00, 0x00, 0x00, 0x00, 0x00,
    0x00, 0x00, 0x00, 0x00, 0x00, 0x00, 0x00, 0x00, 0x00, 0x00, 0x00, 0x00, 0x00, 0x00, 0x00, 0x00,
    0x00, 0x00, 0x00, 0x00, 0x00, 0x00, 0x00, 0x00, 0x00, 0x00, 0x00, 0x00, 0x00, 0x00, 0x00, 0x00,
    0x00, 0x00, 0x00, 0x00, 0x00, 0x00, 0x00, 0x00, 0x00, 0x00, 0x00, 0x00, 0x00, 0x00, 0x38, 0x07,
    0x00, 0xFC, 0x0F, 0x81, 0xFC, 0x0F, 0x83, 0xF8, 0x0F, 0xC7, 0xF0, 0x0F, 0xCF, 0xC0, 0x07, 0xCF,
    0x00, 0x07, 0xDE, 0x00, 0x07, 0xFC, 0x00, 0x03, 0xFC, 0x00, 0x03, 0xF8, 0x00, 0x03, 0xF8, 0x00,
    0x03, 0xF0, 0x00, 0x03, 0xF0, 0x00, 0x03, 0xF0, 0x00, 0x03, 0xF0, 0x00, 0x03, 0xE0, 0x00, 0x03,
    0xE0, 0x00, 0x03, 0xE0, 0x00, 0x03, 0xE0, 0x00, 0x03, 0xE0, 0x00, 0x03, 0xE0, 0x00, 0x03, 0xE0,
    0x00, 0x03, 0xE0, 0x00, 0x03, 0xC0, 0x00, 0x01, 0xC0, 0x00, 0x00, 0x00, 0x00, 0x00, 0x00, 0x00,
    0x00, 0x00, 0x00, 0x00, 0x00, 0x00, 0x00, 0x00, 0x00, 0x00, 0x00, 0x00, 0x00, 0x00, 0x00, 0x00,
    0x00, 0x00, 0x00, 0x00, 0x00, 0x00, 0x00, 0x00, 0x00, 0x00, 0x00, 0x00, 0x00, 0x00, 0x00, 0x00,
    0x00, 0x00, 0x00, 0x00, 0x00, 0x00, 0x00, 0x00, 0x00, 0x00, 0x00, 0x00, 0x00, 0x00, 0x00, 0x00,
    0x00, 0x00, 0x00, 0x00, 0x00, 0x00, 0x00, 0x00, 0x00, 0x00, 0x00, 0x00, 0x00, 0x00, 0x00, 0x00,
    0x00, 0x00, 0x00, 0x00, 0x00, 0x00, 0x00, 0x00, 0x00, 0x00, 0x00, 0x00, 0x00, 0x00, 0x00, 0x00,
    0x00, 0x00, 0x00, 0x00, 0x00, 0x00, 0x00, 0x00, 0x00, 0x00, 0x00, 0x00, 0x00, 0x00, 0x00, 0x00,
    0x00, 0x00, 0x00, 0x00, 0x00, 0x00, 0x00, 0x00, 0x00, 0x00, 0x00, 0x00, 0x00, 0x00, 0x00, 0x00,
    0x00, 0x00, 0x00, 0x00, 0x00, 0x00, 0x00, 0x00, 0x00, 0x00, 0x00, 0x00, 0x00, 0x00, 0x00, 0x00,
    0x00, 0x00, 0x00, 0x00, 0x00, 0x00, 0x00, 0x00, 0x00, 0x0F, 0xC0, 0x00, 0x00, 0x7F, 0xF0, 0x00,
    0x01, 0xFF, 0xF0, 0x00, 0x03, 0xFF, 0xF0, 0x00, 0x07, 0xF8, 0x00, 0x00, 0x0F, 0xC0, 0x00, 0x00,
    0x1F, 0x80, 0x00, 0x00, 0x1F, 0x00, 0x00, 0x00, 0x1E, 0x00, 0x00, 0x00, 0x1F, 0x00, 0x00, 0x00,
    0x1F, 0x80, 0x00, 0x00, 0x0F, 0xE0, 0x00, 0x00, 0x0F, 0xFC, 0x00, 0x00, 0x07, 0xFF, 0x80, 0x00,
    0x01, 0xFF, 0xE0, 0x00, 0x00, 0x3F, 0xF0, 0x00, 0x00, 0x07, 0xF8, 0x00, 0x00, 0x01, 0xFC, 0x00,
    0x00, 0x00, 0x7C, 0x00, 0x00, 0x00, 0x3C, 0x00, 0x00, 0x00, 0x3C, 0x00, 0x00, 0x00, 0x7C, 0x00,
    0x00, 0x01, 0xF8, 0x00, 0x3C, 0x07, 0xF8, 0x00, 0x3F, 0xFF, 0xF0, 0x00, 0x3F, 0xFF, 0xE0, 0x00,
    0x1F, 0xFF, 0x80, 0x00, 0x07, 0xFC, 0x00, 0x00, 0x00, 0x00, 0x00, 0x00, 0x00, 0x00, 0x00, 0x00,
    0x00, 0x00, 0x00, 0x00, 0x00, 0x00, 0x00, 0x00, 0x00, 0x00, 0x00, 0x00, 0x00, 0x00, 0x00, 0x00,
    0x00, 0x00, 0x00, 0x00, 0x00, 0x00, 0x00, 0x00, 0x00, 0x00, 0x00, 0x00, 0x00, 0x00, 0x00, 0x00,
    0x00, 0x00, 0x00, 0x00, 0x00, 0x00, 0x00, 0x00, 0x00, 0x00, 0x00, 0x00, 0x00, 0x00, 0x00, 0x00,
    0x00, 0x00, 0x00, 0x00, 0x00, 0x00, 0x00, 0x00, 0x00, 0x00, 0x00, 0x00, 0x00, 0x00, 0x00, 0x00,
    0x00, 0x00, 0x00, 0x00, 0x00, 0x00, 0x00, 0x00, 0x00, 0x00, 0x00, 0x00, 0x00, 0x00, 0x00, 0x00,
    0x00, 0x00, 0x00, 0x00, 0x00, 0x00, 0x07, 0x80, 0x00, 0x07, 0x80, 0x00, 0x07, 0x80, 0x00, 0x07,
    0x80, 0x00, 0x07, 0x80, 0x00, 0x07, 0x80, 0x00, 0x07, 0x80, 0x00, 0x07, 0x80, 0x00, 0x07, 0x80,
    0x00, 0x07, 0x80, 0x00, 0x0F, 0x80, 0x00, 0x0F, 0x8F, 0xE0, 0x0F, 0xFF, 0xE0, 0x0F, 0xFF, 0xF0,
    0x0F, 0xFF, 0xE0, 0x0F, 0xFC, 0x00, 0x1F, 0xC0, 0x00, 0x1F, 0x00, 0x00, 0x1F, 0x00, 0x00, 0x1F,
    0x00, 0x00, 0x1E, 0x00, 0x00, 0x1E, 0x00, 0x00, 0x1E, 0x00, 0x00, 0x1E, 0x00, 0x00, 0x1E, 0x00,
    0x00, 0x1F, 0x00, 0x00, 0x1F, 0x00, 0x00, 0x1F, 0x00, 0x00, 0x0F, 0x00, 0x00, 0x0F, 0x00, 0x00,
    0x0F, 0x80, 0x00, 0x07, 0xC0, 0x40, 0x07, 0xE1, 0xE0, 0x03, 0xFF, 0xE0, 0x01, 0xFF, 0xE0, 0x00,
    0xFF, 0xC0, 0x00, 0x3F, 0x00, 0x00, 0x00, 0x00, 0x00, 0x00, 0x00, 0x00, 0x00, 0x00, 0x00, 0x00,
    0x00, 0x00, 0x00, 0x00, 0x00, 0x00, 0x00, 0x00, 0x00, 0x00, 0x00, 0x00, 0x00, 0x00, 0x00, 0x00,
    0x00, 0x00, 0x00, 0x00, 0x00, 0x00, 0x00, 0x00, 0x00, 0x00, 0x00, 0x00, 0x00, 0x00, 0x00, 0x00,
    0x00, 0x00, 0x00, 0x00, 0x00, 0x00, 0x00, 0x00, 0x00, 0x00, 0x00, 0x00, 0x00, 0x00, 0x00, 0x00,
    0x00, 0x00, 0x00, 0x00, 0x00, 0x00, 0x00, 0x00, 0x00, 0x00, 0x00, 0x00, 0x00, 0x00, 0x00, 0x00,
    0x00, 0x00, 0x00, 0x00, 0x00, 0x00, 0x00, 0x00, 0x00, 0x00, 0x00, 0x00, 0x00, 0x00, 0x00, 0x00,
    0x00, 0x00, 0x00, 0x00, 0x00, 0x00, 0x00, 0x00, 0x00, 0x00, 0x00, 0x00, 0x00, 0x00, 0x00, 0x00,
    0x00, 0x00, 0x00, 0x00, 0x00, 0x00, 0x00, 0x00, 0x00, 0x00, 0x00, 0x00, 0x00, 0x00, 0x00, 0x00,
    0x00, 0x00, 0x00, 0x00, 0x00, 0x00, 0x00, 0x00, 0x00, 0x00, 0x00, 0x00, 0x00, 0x00, 0x00, 0x00,
    0x00, 0x00, 0x02, 0x00, 0x00, 0x00, 0x07, 0x00, 0x07, 0x80, 0x0F, 0x80, 0x07, 0x80, 0x0F, 0x80,
    0x07, 0xC0, 0x0F, 0x00, 0x07, 0xC0, 0x1F, 0x00, 0x07, 0xC0, 0x1F, 0x00, 0x03, 0xC0, 0x1F, 0x00,
    0x03, 0xC0, 0x1F, 0x00, 0x03, 0xC0, 0x1E, 0x00, 0x03, 0xC0, 0x1E, 0x00, 0x07, 0xC0, 0x1E, 0x00,
    0x07, 0xC0, 0x1F, 0x00, 0x07, 0xC0, 0x1F, 0x00, 0x07, 0xC0, 0x1F, 0x00, 0x07, 0x80, 0x0F, 0x00,
    0x07, 0x80, 0x0F, 0x80, 0x0F, 0x80, 0x0F, 0x80, 0x0F, 0x80, 0x07, 0xC0, 0x0F, 0x00, 0x07, 0xE0,
    0x1F, 0x00, 0x03, 0xF0, 0x3E, 0x00, 0x01, 0xFF, 0xFE, 0x00, 0x00, 0xFF, 0xFC, 0x00, 0x00, 0x7F,
    0xF8, 0x00, 0x00, 0x3F, 0xF0, 0x00, 0x00, 0x03, 0x00, 0x00, 0x00, 0x00, 0x00, 0x00, 0x00, 0x00,
    0x00, 0x00, 0x00, 0x00, 0x00, 0x00, 0x00, 0x00, 0x00, 0x00, 0x00, 0x00, 0x00, 0x00, 0x00, 0x00,
    0x00, 0x00, 0x00, 0x00, 0x00, 0x00, 0x00, 0x00, 0x00, 0x00, 0x00, 0x00, 0x00, 0x00, 0x00, 0x00,
    0x00, 0x00, 0x00, 0x00, 0x00, 0x00, 0x00, 0x00, 0x00, 0x00, 0x00, 0x00, 0x00, 0x00, 0x00, 0x00,
    0x00, 0x00, 0x00, 0x00, 0x00, 0x00, 0x00, 0x00, 0x00, 0x00, 0x00, 0x00, 0x00, 0x00, 0x00, 0x00,
    0x00, 0x00, 0x00, 0x00, 0x00, 0x00, 0x00, 0x00, 0x00, 0x00, 0x00, 0x00, 0x00, 0x00, 0x00, 0x00,
    0x00, 0x00, 0x00, 0x00, 0x00, 0x00, 0x00, 0x00, 0x00, 0x00, 0x00, 0x00, 0x00, 0x00, 0x00, 0x00,
    0x00, 0x00, 0x00, 0x00, 0x00, 0x00, 0x00, 0x00, 0x00, 0x00, 0x00, 0x00, 0x00, 0x00, 0x00, 0x00,
    0x00, 0x00, 0x00, 0x00, 0x00, 0x00, 0x00, 0x00, 0x00, 0x00, 0x00, 0x00, 0x00, 0x00, 0x00, 0x00,
    0x00, 0x00, 0x00, 0x00, 0x00, 0x00, 0x00, 0x00, 0x00, 0x00, 0x00, 0x00, 0x00, 0x00, 0x00, 0x00,
    0x00, 0x00, 0x00, 0x00, 0x00, 0x00, 0x00, 0x00, 0x00, 0x00, 0x00, 0x00, 0x00, 0x00, 0x00, 0x00,
    0x00, 0x00, 0x3C, 0x00, 0x01, 0xE0, 0x3E, 0x00, 0x03, 0xE0, 0x3E, 0x00, 0x07, 0xE0, 0x1F, 0x00,
    0x07, 0xC0, 0x1F, 0x00, 0x0F, 0xC0, 0x0F, 0x80, 0x0F, 0x80, 0x0F, 0x80, 0x1F, 0x00, 0x07, 0xC0,
    0x1F, 0x00, 0x07, 0xC0, 0x3E, 0x00, 0x07, 0xC0, 0x3E, 0x00, 0x03, 0xE0, 0x7C, 0x00, 0x03, 0xE0,
    0x7C, 0x00, 0x01, 0xE0, 0x78, 0x00, 0x01, 0xF0, 0xF8, 0x00, 0x01, 0xF0, 0xF0, 0x00, 0x00, 0xF1,
    0xF0, 0x00, 0x00, 0xF9, 0xF0, 0x00, 0x00, 0xF9, 0xE0, 0x00, 0x00, 0x7F, 0xE0, 0x00, 0x00, 0x7F,
    0xE0, 0x00, 0x00, 0x3F, 0xC0, 0x00, 0x00, 0x3F, 0xC0, 0x00, 0x00, 0x3F, 0x80, 0x00, 0x00, 0x1F,
    0x80, 0x00, 0x00, 0x0F, 0x00, 0x00, 0x00, 0x07, 0x00, 0x00, 0x00, 0x00, 0x00, 0x00, 0x00, 0x00,
    0x00, 0x00, 0x00, 0x00, 0x00, 0x00, 0x00, 0x00, 0x00, 0x00, 0x00, 0x00, 0x00, 0x00, 0x00, 0x00,
    0x00, 0x00, 0x00, 0x00, 0x00, 0x00, 0x00, 0x00, 0x00, 0x00, 0x00, 0x00, 0x00, 0x00, 0x00, 0x00,
    0x00, 0x00, 0x00, 0x00, 0x00, 0x00, 0x00, 0x00, 0x00, 0x00, 0x00, 0x00, 0x00, 0x00, 0x00, 0x00,
    0x00, 0x00, 0x00, 0x00, 0x00, 0x00, 0x00, 0x00, 0x00, 0x00, 0x00, 0x00, 0x00, 0x00, 0x00, 0x00,
    0x00, 0x00, 0x00, 0x00, 0x00, 0x00, 0x00, 0x00, 0x00, 0x00, 0x00, 0x00, 0x00, 0x00, 0x00, 0x00,
    0x00, 0x00, 0x00, 0x00, 0x00, 0x00, 0x00, 0x00, 0x00, 0x00, 0x00, 0x00, 0x00, 0x00, 0x00, 0x00,
    0x00, 0x00, 0x00, 0x00, 0x00, 0x00, 0x00, 0x00, 0x00, 0x00, 0x00, 0x00, 0x00, 0x00, 0x00, 0x00,
    0x00, 0x00, 0x00, 0x00, 0x00, 0x00, 0x00, 0x00, 0x00, 0x00, 0x00, 0x00, 0x00, 0x00, 0x00, 0x00,
    0x00, 0x00, 0x00, 0x00, 0x00, 0x00, 0x00, 0x00, 0x00, 0x00, 0x00, 0x00, 0x00, 0x00, 0x00, 0x00,
    0x00, 0x00, 0x00, 0x00, 0x00, 0x00, 0x00, 0x00, 0x00, 0x00, 0x00, 0x00, 0x00, 0x00, 0x00, 0x00,
    0x00, 0x00, 0x00, 0x00, 0x00, 0x00, 0x00, 0x00, 0x00, 0x00, 0x00, 0x00, 0x00, 0x00, 0x00, 0x00,
    0x00, 0x00, 0x00, 0x00, 0x00, 0x00, 0x00, 0x00, 0x00, 0x00, 0x00, 0x00, 0x00, 0x00, 0x00, 0x00,
    0x00, 0x00, 0x00, 0x00, 0x00, 0x00, 0x00, 0x00, 0x00, 0x00, 0x00, 0x00, 0x00, 0x00, 0x00, 0x00,
    0x00, 0x00, 0x00, 0x00, 0x78, 0x00, 0x1F, 0x00, 0x01, 0xE0, 0x7C, 0x00, 0x3F, 0x80, 0x03, 0xE0,
    0x7E, 0x00, 0x7F, 0x80, 0x07, 0xE0, 0x3E, 0x00, 0x7F, 0xC0, 0x07, 0xC0, 0x1F, 0x00, 0x7F, 0xC0,
    0x0F, 0x80, 0x1F, 0x00, 0xFB, 0xE0, 0x0F, 0x80, 0x1F, 0x00, 0xF1, 0xE0, 0x0F, 0x00, 0x0F, 0x81,
    0xF1, 0xF0, 0x0F, 0x00, 0x0F, 0x81, 0xF1, 0xF0, 0x1F, 0x00, 0x0F, 0x81, 0xE0, 0xF8, 0x1F, 0x00,
    0x07, 0x83, 0xE0, 0xF8, 0x1E, 0x00, 0x07, 0x83, 0xE0, 0x78, 0x1E, 0x00, 0x07, 0xC3, 0xC0, 0x7C,
    0x1E, 0x00, 0x07, 0xC3, 0xC0, 0x7C, 0x1E, 0x00, 0x03, 0xC7, 0xC0, 0x3C, 0x3E, 0x00, 0x03, 0xC7,
    0x80, 0x3E, 0x3E, 0x00, 0x03, 0xE7, 0x80, 0x3E, 0x3C, 0x00, 0x03, 0xEF, 0x80, 0x1F, 0x3C, 0x00,
    0x01, 0xEF, 0x00, 0x1F, 0x7C, 0x00, 0x01, 0xFF, 0x00, 0x0F, 0xFC, 0x00, 0x01, 0xFF, 0x00, 0x0F,
    0xF8, 0x00, 0x00, 0xFE, 0x00, 0x07, 0xF8, 0x00, 0x00, 0xFE, 0x00, 0x03, 0xF8, 0x00, 0x00, 0x7C,
    0x00, 0x03, 0xF0, 0x00, 0x00, 0x38, 0x00, 0x00, 0xE0, 0x00, 0x00, 0x00, 0x00, 0x00, 0x00, 0x00,
    0x00, 0x00, 0x00, 0x00, 0x00, 0x00, 0x00, 0x00, 0x00, 0x00, 0x00, 0x00, 0x00, 0x00, 0x00, 0x00,
    0x00, 0x00, 0x00, 0x00, 0x00, 0x00, 0x00, 0x00, 0x00, 0x00, 0x00, 0x00, 0x00, 0x00, 0x00, 0x00,
    0x00, 0x00, 0x00, 0x00, 0x00, 0x00, 0x00, 0x00, 0x00, 0x00, 0x00, 0x00, 0x00, 0x00, 0x00, 0x00,
    0x00, 0x00, 0x00, 0x00, 0x00, 0x00, 0x00, 0x00, 0x00, 0x00, 0x00, 0x00, 0x00, 0x00, 0x00, 0x00,
    0x00, 0x00, 0x00, 0x00, 0x00, 0x00, 0x00, 0x00, 0x00, 0x00, 0x00, 0x00, 0x00, 0x00, 0x00, 0x00,
    0x00, 0x00, 0x00, 0x00, 0x00, 0x00, 0x00, 0x00, 0x00, 0x00, 0x00, 0x00, 0x00, 0x00, 0x00, 0x00,
    0x00, 0x00, 0x00, 0x00, 0x00, 0x00, 0x00, 0x00, 0x00, 0x00, 0x00, 0x00, 0x00, 0x00, 0x00, 0x00,
    0x00, 0x00, 0x00, 0x00, 0x00, 0x00, 0x00, 0x00, 0x00, 0x00, 0x00, 0x00, 0x00, 0x00, 0x00, 0x00,
    0x00, 0x00, 0x00, 0x00, 0x00, 0x00, 0x00, 0x00, 0x00, 0x00, 0x00, 0x00, 0x00, 0x00, 0x00, 0x00,
    0x00, 0x00, 0x00, 0x00, 0x00, 0x00, 0x00, 0x00, 0x00, 0x00, 0x00, 0x00, 0x00, 0x00, 0x00, 0x00,
    0x00, 0x00, 0x00, 0x00, 0x00, 0x00, 0x00, 0x00, 0x00, 0x00, 0x00, 0x00, 0x00, 0x00, 0x00, 0x00,
    0x00, 0x00, 0x00, 0x00, 0x00, 0x00, 0x00, 0x00, 0x00, 0x00, 0x38, 0x00, 0x07, 0x00, 0x3E, 0x00,
    0x0F, 0x80, 0x3F, 0x00, 0x3F, 0x80, 0x1F, 0x80, 0x7F, 0x00, 0x1F, 0xC0, 0xFE, 0x00, 0x0F, 0xE1,
    0xFC, 0x00, 0x03, 0xF3, 0xF0, 0x00, 0x01, 0xFF, 0xE0, 0x00, 0x00, 0xFF, 0xC0, 0x00, 0x00, 0x7F,
    0x80, 0x00, 0x00, 0x7F, 0x00, 0x00, 0x00, 0x3F, 0x00, 0x00, 0x00, 0x7F, 0x80, 0x00, 0x00, 0xFF,
    0xC0, 0x00, 0x01, 0xFF, 0xC0, 0x00, 0x01, 0xF3, 0xE0, 0x00, 0x03, 0xE3, 0xF0, 0x00, 0x03, 0xE1,
    0xF8, 0x00, 0x07, 0xC0, 0xF8, 0x00, 0x0F, 0xC0, 0x7C, 0x00, 0x0F, 0x80, 0x7E, 0x00, 0x1F, 0x00,
    0x3E, 0x00, 0x1F, 0x00, 0x1F, 0x00, 0x1E, 0x00, 0x1F, 0x00, 0x3E, 0x00, 0x0F, 0x00, 0x3C, 0x00,
    0x07, 0x00, 0x3C, 0x00, 0x00, 0x00, 0x18, 0x00, 0x00, 0x00, 0x00, 0x00, 0x00, 0x00, 0x00, 0x00,
    0x00, 0x00, 0x00, 0x00, 0x00, 0x00, 0x00, 0x00, 0x00, 0x00, 0x00, 0x00, 0x00, 0x00, 0x00, 0x00,
    0x00, 0x00, 0x00, 0x00, 0x00, 0x00, 0x00, 0x00, 0x00, 0x00, 0x00, 0x00, 0x00, 0x00, 0x00, 0x00,
    0x00, 0x00, 0x00, 0x00, 0x00, 0x00, 0x00, 0x00, 0x00, 0x00, 0x00, 0x00, 0x00, 0x00, 0x00, 0x00,
    0x00, 0x00, 0x00, 0x00, 0x00, 0x00, 0x00, 0x00, 0x00, 0x00, 0x00, 0x00, 0x00, 0x00, 0x00, 0x00,
    0x00, 0x00, 0x00, 0x00, 0x00, 0x00, 0x00, 0x00, 0x00, 0x00, 0x00, 0x00, 0x00, 0x00, 0x00, 0x00,
    0x00, 0x00, 0x00, 0x00, 0x00, 0x00, 0x00, 0x00, 0x00, 0x00, 0x00, 0x00, 0x00, 0x00, 0x00, 0x00,
    0x00, 0x00, 0x00, 0x00, 0x00, 0x00, 0x00, 0x00, 0x00, 0x00, 0x00, 0x00, 0x00, 0x00, 0x00, 0x00,
    0x00, 0x00, 0x00, 0x00, 0x00, 0x00, 0x00, 0x00, 0x00, 0x00, 0x00, 0x00, 0x00, 0x00, 0x00, 0x00,
    0x00, 0x00, 0x04, 0x00, 0x04, 0x00, 0x0E, 0x00, 0x0F, 0x00, 0x0E, 0x00, 0x0F, 0x00, 0x1E, 0x00,
    0x0F, 0x00, 0x1E, 0x00, 0x1F, 0x00, 0x1E, 0x00, 0x1F, 0x00, 0x1E, 0x00, 0x1F, 0x00, 0x1E, 0x00,
    0x1F, 0x00, 0x1E, 0x00, 0x1F, 0x00, 0x1E, 0x00, 0x1F, 0x00, 0x1E, 0x00, 0x3F, 0x00, 0x1E, 0x00,
    0x3F, 0x00, 0x1F, 0x00, 0x3F, 0x00, 0x1F, 0x00, 0x3F, 0x00, 0x1F, 0x00, 0x7F, 0x00, 0x0F, 0x00,
    0x7F, 0x00, 0x0F, 0x00, 0xFF, 0x00, 0x0F, 0x81, 0xFF, 0x80, 0x0F, 0x81, 0xFF, 0x80, 0x07, 0xC7,
    0xEF, 0x80, 0x07, 0xFF, 0xCF, 0x80, 0x03, 0xFF, 0x8F, 0x80, 0x01, 0xFF, 0x0F, 0x80, 0x00, 0x7E,
    0x0F, 0x80, 0x00, 0x00, 0x0F, 0x80, 0x00, 0x00, 0x07, 0x80, 0x00, 0x00, 0x07, 0x80, 0x00, 0x00,
    0x07, 0x80, 0x00, 0x00, 0x07, 0x80, 0x00, 0x00, 0x0F, 0x80, 0x00, 0x00, 0x0F, 0x80, 0x00, 0x00,
    0x0F, 0x80, 0x00, 0x00, 0x0F, 0x00, 0x00, 0x00, 0x1F, 0x00, 0x03, 0x00, 0x3F, 0x00, 0x07, 0xE0,
    0x7E, 0x00, 0x07, 0xFF, 0xFC, 0x00, 0x07, 0xFF, 0xF8, 0x00, 0x01, 0xFF, 0xF0, 0x00, 0x00, 0x7F,
    0xC0, 0x00, 0x00, 0x00, 0x00, 0x00, 0x00, 0x00, 0x00, 0x00, 0x00, 0x00, 0x00, 0x00, 0x00, 0x00,
    0x00, 0x00, 0x00, 0x00, 0x00, 0x00, 0x00, 0x00, 0x00, 0x00, 0x00, 0x00, 0x00, 0x00, 0x00, 0x00,
    0x00, 0x00, 0x00, 0x00, 0x00, 0x00, 0x00, 0x00, 0x00, 0x00, 0x00, 0x00, 0x00, 0x00, 0x00, 0x00,
    0x00, 0x00, 0x00, 0x00, 0x00, 0x00, 0x00, 0x00, 0x00, 0x00, 0x00, 0x00, 0x00, 0x00, 0x00, 0x00,
    0x00, 0x00, 0x00, 0x00, 0x00, 0x00, 0x00, 0x00, 0x00, 0x00, 0x00, 0x00, 0x00, 0x00, 0x00, 0x00,
    0x00, 0x00, 0x00, 0x00, 0x00, 0x00, 0x00, 0x00, 0x00, 0x00, 0x00, 0x00, 0x00, 0x00, 0x00, 0x00,
    0x00, 0x00, 0x00, 0x00, 0x00, 0x00, 0x00, 0x00, 0x00, 0x00, 0x00, 0x00, 0x00, 0x00, 0x00, 0x00,
    0x00, 0x00, 0x00, 0x00, 0x00, 0x00, 0x00, 0x00, 0x00, 0x00, 0x00, 0x3F, 0xFC, 0x00, 0x07, 0xFF,
    0xFF, 0x00, 0x0F, 0xFF, 0xFF, 0x80, 0x0F, 0xFF, 0xFF, 0xC0, 0x0F, 0xE0, 0x0F, 0xC0, 0x06, 0x00,
    0x03, 0xC0, 0x00, 0x00, 0x07, 0xC0, 0x00, 0x00, 0x07, 0xC0, 0x00, 0x00, 0x0F, 0xC0, 0x00, 0x00,
    0x1F, 0x80, 0x00, 0x00, 0x3F, 0x00, 0x00, 0x00, 0x7F, 0x00, 0x00, 0x01, 0xFE, 0x00, 0x00, 0x03,
    0xF8, 0x00, 0x00, 0x0F, 0xF0, 0x00, 0x00, 0x3F, 0xE0, 0x00, 0x00, 0xFF, 0x80, 0x00, 0x07, 0xFE,
    0x00, 0x00, 0x0F, 0xF8, 0x00, 0x00, 0x0F, 0xE0, 0x00, 0x00, 0x1F, 0x80, 0x00, 0x00, 0x0F, 0x80,
    0x3F, 0xC0, 0x0F, 0xFF, 0xFF, 0xE0, 0x0F, 0xFF, 0xFF, 0xF0, 0x07, 0xFF, 0xFF, 0xF0, 0x01, 0xFF,
    0xFF, 0xE0, 0x00, 0x00, 0x00, 0x00, 0x00, 0x00, 0x00, 0x00, 0x00, 0x00, 0x00, 0x00, 0x00, 0x00,
    0x00, 0x00, 0x00, 0x00, 0x00, 0x00, 0x00, 0x00, 0x00, 0x00, 0x00, 0x00, 0x00, 0x00, 0x00, 0x00,
    0x00, 0x00, 0x00, 0x00, 0x00, 0x00, 0x00, 0x00, 0x00, 0x00, 0x00, 0x00, 0x00, 0x00, 0x00, 0x00,
    0x00, 0x00, 0x00, 0x00, 0x00, 0x00, 0x00, 0x00, 0x00, 0x00, 0x00, 0x00, 0x00, 0x00, 0x00, 0x00,
    0x00, 0x00, 0x00, 0x00, 0x00, 0x00, 0x00, 0x00, 0x00, 0x00, 0x00, 0x00, 0x00, 0x00, 0x00, 0x00,
    0x00, 0x00, 0x00, 0x00, 0x00, 0x00, 0x00, 0x00, 0x00, 0x00, 0x00, 0x00, 0x1F, 0x80, 0x00, 0x00,
    0x7F, 0xC0, 0x00, 0x00, 0xFF, 0xC0, 0x00, 0x03, 0xFF, 0x80, 0x00, 0x03, 0xFC, 0x00, 0x00, 0x07,
    0xF0, 0x00, 0x00, 0x0F, 0xC0, 0x00, 0x00, 0x0F, 0x80, 0x00, 0x00, 0x1F, 0x00, 0x00, 0x00, 0x1F,
    0x00, 0x00, 0x00, 0x1E, 0x00, 0x00, 0x00, 0x1E, 0x00, 0x00, 0x00, 0x1F, 0x00, 0x00, 0x00, 0x1F,
    0x00, 0x00, 0x00, 0x0F, 0x00, 0x00, 0x00, 0x0F, 0x80, 0x00, 0x00, 0x0F, 0x80, 0x00, 0x00, 0x07,
    0x80, 0x00, 0x00, 0x07, 0x80, 0x00, 0x00, 0x07, 0x80, 0x00, 0x00, 0x07, 0x80, 0x00, 0x00, 0x07,
    0x80, 0x00, 0x00, 0x0F, 0x80, 0x00, 0x00, 0x1F, 0x00, 0x00, 0x00, 0x7F, 0x00, 0x00, 0x01, 0xFE,
    0x00, 0x00, 0x0F, 0xFC, 0x00, 0x00, 0x1F, 0xF0, 0x00, 0x00, 0x3F, 0xF8, 0x00, 0x00, 0x1F, 0xFE,
    0x00, 0x00, 0x1F, 0xFF, 0x00, 0x00, 0x01, 0xFF, 0x80, 0x00, 0x00, 0x1F, 0xC0, 0x00, 0x00, 0x07,
    0xC0, 0x00, 0x00, 0x03, 0xE0, 0x00, 0x00, 0x03, 0xE0, 0x00, 0x00, 0x01, 0xE0, 0x00, 0x00, 0x01,
    0xE0, 0x00, 0x00, 0x03, 0xE0, 0x00, 0x00, 0x03, 0xC0, 0x00, 0x00, 0x07, 0xC0, 0x00, 0x00, 0x07,
    0x80, 0x00, 0x00, 0x07, 0x80, 0x00, 0x00, 0x07, 0x80, 0x00, 0x00, 0x07, 0x80, 0x00, 0x00, 0x07,
    0xC0, 0x00, 0x00, 0x07, 0xC0, 0x00, 0x00, 0x07, 0xF0, 0x00, 0x00, 0x03, 0xFC, 0x00, 0x00, 0x01,
    0xFF, 0x00, 0x00, 0x00, 0xFF, 0xC0, 0x00, 0x00, 0x7F, 0xE0, 0x00, 0x00, 0x1F, 0xC0, 0x00, 0x00,
    0x07, 0x80, 0x00, 0x00, 0x00, 0x00, 0x00, 0x00, 0x00, 0x00, 0x00, 0x00, 0x00, 0x00, 0x00, 0x00,
    0x00, 0x00, 0x00, 0x00, 0x00, 0x00, 0x00, 0x00, 0x00, 0x00, 0x00, 0x00, 0x00, 0x00, 0x07, 0x80,
    0x07, 0x80, 0x07, 0x80, 0x07, 0x80, 0x07, 0x80, 0x07, 0x80, 0x07, 0x80, 0x07, 0x80, 0x07, 0x80,
    0x07, 0x80, 0x07, 0x80, 0x07, 0x80, 0x07, 0x80, 0x07, 0x80, 0x07, 0x80, 0x07, 0x80, 0x07, 0x80,
    0x07, 0x80, 0x07, 0x80, 0x07, 0x80, 0x07, 0x80, 0x07, 0x80, 0x07, 0x80, 0x07, 0x80, 0x07, 0x80,
    0x07, 0x80, 0x07, 0x80, 0x07, 0x80, 0x07, 0x80, 0x07, 0x80, 0x07, 0x80, 0x07, 0x80, 0x07, 0x80,
    0x07, 0x80, 0x07, 0x80, 0x07, 0x80, 0x07, 0xC0, 0x07, 0xC0, 0x07, 0xC0, 0x07, 0xC0, 0x07, 0xC0,
    0x07, 0xC0, 0x07, 0xC0, 0x07, 0xC0, 0x07, 0xC0, 0x07, 0xC0, 0x03, 0xC0, 0x03, 0xC0, 0x01, 0x80,
    0x00, 0x00, 0x00, 0x00, 0x00, 0x00, 0x00, 0x00, 0x00, 0x00, 0x00, 0x00, 0x00, 0x00, 0x00, 0x00,
    0x00, 0x00, 0x00, 0x00, 0x00, 0x00, 0x00, 0x00, 0x00, 0x00, 0x00, 0x00, 0x00, 0x00, 0x00, 0x00,
    0x00, 0x00, 0x00, 0x00, 0x00, 0x00, 0x00, 0x00, 0x00, 0x00, 0x00, 0x00, 0x00, 0x00, 0x00, 0x00,
    0x00, 0x00, 0x00, 0x00, 0x00, 0x00, 0x00, 0x00, 0x00, 0x00, 0x00, 0x00, 0x00, 0x00, 0x30, 0x00,
    0x00, 0x00, 0x7F, 0x00, 0x00, 0x00, 0xFF, 0xC0, 0x00, 0x00, 0x7F, 0xF0, 0x00, 0x00, 0x3F, 0xF8,
    0x00, 0x00, 0x07, 0xFC, 0x00, 0x00, 0x00, 0xFE, 0x00, 0x00, 0x00, 0x3E, 0x00, 0x00, 0x00, 0x1F,
    0x00, 0x00, 0x00, 0x1F, 0x00, 0x00, 0x00, 0x1F, 0x00, 0x00, 0x00, 0x0F, 0x00, 0x00, 0x00, 0x1F,
    0x00, 0x00, 0x00, 0x1F, 0x00, 0x00, 0x00, 0x1E, 0x00, 0x00, 0x00, 0x3E, 0x00, 0x00, 0x00, 0x3C,
    0x00, 0x00, 0x00, 0x7C, 0x00, 0x00, 0x00, 0x7C, 0x00, 0x00, 0x00, 0x78, 0x00, 0x00, 0x00, 0x7C,
    0x00, 0x00, 0x00, 0x7C, 0x00, 0x00, 0x00, 0x3F, 0x00, 0x00, 0x00, 0x3F, 0xC0, 0x00, 0x00, 0x1F,
    0xFC, 0x00, 0x00, 0x0F, 0xFF, 0x80, 0x00, 0x07, 0xFF, 0x80, 0x00, 0x01, 0xFF, 0xC0, 0x00, 0x01,
    0xFF, 0x80, 0x00, 0x03, 0xFF, 0x00, 0x00, 0x07, 0xF8, 0x00, 0x00, 0x0F, 0xC0, 0x00, 0x00, 0x1F,
    0x00, 0x00, 0x00, 0x3E, 0x00, 0x00, 0x00, 0x3C, 0x00, 0x00, 0x00, 0x3C, 0x00, 0x00, 0x00, 0x3C,
    0x00, 0x00, 0x00, 0x3C, 0x00, 0x00, 0x00, 0x3E, 0x00, 0x00, 0x00, 0x3E, 0x00, 0x00, 0x00, 0x3E,
    0x00, 0x00, 0x00, 0x1F, 0x00, 0x00, 0x00, 0x1F, 0x00, 0x00, 0x00, 0x0F, 0x00, 0x00, 0x00, 0x0F,
    0x00, 0x00, 0x00, 0x0F, 0x00, 0x00, 0x00, 0x0F, 0x00, 0x00, 0x00, 0x1F, 0x00, 0x00, 0x00, 0x1F,
    0x00, 0x00, 0x00, 0x7E, 0x00, 0x00, 0x01, 0xFE, 0x00, 0x00, 0x3F, 0xFC, 0x00, 0x00, 0x7F, 0xF8,
    0x00, 0x00, 0x3F, 0xE0, 0x00, 0x00, 0x1F, 0x80, 0x00, 0x00, 0x00, 0x00, 0x00, 0x00, 0x00, 0x00,
    0x00, 0x00, 0x00, 0x00, 0x00, 0x00, 0x00, 0x00, 0x00, 0x00, 0x00, 0x00, 0x00, 0x00, 0x00, 0x00,
    0x00, 0x00, 0x00, 0x00, 0x00, 0x00, 0x00, 0x00, 0x00, 0x00, 0x00, 0x00, 0x00, 0x00, 0x00, 0x00,
    0x00, 0x00, 0x00, 0x00, 0x00, 0x00, 0x00, 0x00, 0x00, 0x00, 0x00, 0x00, 0x00, 0x00, 0x00, 0x00,
    0x00, 0x00, 0x00, 0x00, 0x00, 0x00, 0x00, 0x00, 0x00, 0x00, 0x00, 0x00, 0x00, 0x00, 0x00, 0x00,
    0x00, 0x00, 0x00, 0x00, 0x00, 0x00, 0x00, 0x00, 0x00, 0x00, 0x00, 0x00, 0x00, 0x00, 0x00, 0x00,
    0x00, 0x00, 0x00, 0x00, 0x00, 0x00, 0x00, 0x00, 0x00, 0x00, 0x00, 0x00, 0x00, 0x00, 0x00, 0x00,
    0x00, 0x00, 0x00, 0x00, 0x00, 0x00, 0x00, 0x00, 0x00, 0x00, 0x00, 0x00, 0x00, 0x00, 0x00, 0x00,
    0x00, 0x00, 0x00, 0x00, 0x00, 0x00, 0x00, 0x00, 0x00, 0x00, 0x00, 0x00, 0x00, 0x00, 0x00, 0x00,
    0x00, 0x00, 0x00, 0x00, 0x00, 0x00, 0x00, 0x00, 0x00, 0x00, 0x00, 0x00, 0x00, 0x00, 0x00, 0x00,
    0x00, 0x00, 0x00, 0x00, 0x00, 0x00, 0xFC, 0x00, 0x00, 0x00, 0x01, 0xFF, 0x00, 0x00, 0x00, 0x03,
    0xFF, 0x80, 0x06, 0x00, 0x07, 0xFF, 0xC0, 0x0F, 0x00, 0x07, 0xFF, 0xE0, 0x0F, 0x00, 0x0F, 0xC7,
    0xF0, 0x0F, 0x00, 0x0F, 0x81, 0xF8, 0x1F, 0x00, 0x0F, 0x80, 0xFC, 0x1F, 0x00, 0x0F, 0x80, 0xFE,
    0x3F, 0x00, 0x0F, 0x00, 0x7F, 0xFE, 0x00, 0x07, 0x00, 0x3F, 0xFE, 0x00, 0x00, 0x00, 0x1F, 0xFC,
    0x00, 0x00, 0x00, 0x0F, 0xF8, 0x00, 0x00, 0x00, 0x03, 0xE0, 0x00, 0x00, 0x00, 0x00, 0x00, 0x00,
    0x00, 0x00, 0x00, 0x00, 0x00, 0x00, 0x00, 0x00, 0x00, 0x00, 0x00, 0x00, 0x00, 0x00, 0x00, 0x00,
    0x00, 0x00, 0x00, 0x00, 0x00, 0x00, 0x00, 0x00, 0x00, 0x00, 0x00, 0x00, 0x00, 0x00, 0x00, 0x00,
    0x00, 0x00, 0x00, 0x00, 0x00, 0x00, 0x00, 0x00, 0x00, 0x00, 0x00, 0x00, 0x00, 0x00, 0x00, 0x00,
    0x00, 0x00, 0x00, 0x00, 0x00, 0x00, 0x00, 0x00, 0x00, 0x00, 0x00, 0x00, 0x00, 0x00, 0x00, 0x00,
    0x00, 0x00, 0x00, 0x00, 0x00, 0x00, 0x00, 0x00, 0x00, 0x00, 0x00, 0x00, 0x00, 0x00, 0x00, 0x00,
    0x00, 0x00, 0x00, 0x00, 0x00, 0x00, 0x00, 0x00, 0x00, 0x00, 0x00, 0x00, 0x00, 0x00, 0x00, 0x00,
    0x00, 0x00, 0x00, 0x00,
};

static const FontGlyph shantell_xlarge_glyphs[] = {
    {0, 17, 17, 0},  // ' '
    {198, 13, 13, 0},  // '!'
    {330, 22, 22, 0},  // '"'
    {528, 47, 47, 0},  // '#'
    {924, 35, 35, 0},  // '$'
    {1254, 46, 46, 0},  // '%'
    {1650, 32, 31, 0},  // '&'
    {1914, 13, 13, 0},  // '''
    {2046, 22, 22, 0},  // '('
    {2244, 20, 20, 0},  // ')'
    {2442, 24, 24, 0},  // '*'
    {2640, 35, 35, 0},  // '+'
    {2970, 13, 13, 0},  // ','
    {3102, 25, 25, 0},  // '-'
    {3366, 13, 13, 0},  // '.'
    {3498, 22, 18, 0},  // '/'
    {3696, 35, 35, 0},  // '0'
    {4026, 20, 20, 0},  // '1'
    {4224, 35, 35, 0},  // '2'
    {4554, 35, 35, 0},  // '3'
    {4884, 35, 35, 0},  // '4'
    {5214, 30, 30, 0},  // '5'
    {5478, 35, 35, 0},  // '6'
    {5808, 35, 35, 0},  // '7'
    {6138, 35, 35, 0},  // '8'
    {6468, 35, 35, 0},  // '9'
    {6798, 13, 13, 0},  // ':'
    {6930, 13, 13, 0},  // ';'
    {7062, 35, 35, 0},  // '<'
    {7392, 35, 35, 0},  // '='
    {7722, 35, 35, 0},  // '>'
    {8052, 24, 24, 0},  // '?'
    {8250, 43, 43, 0},  // '@'
    {8646, 36, 36, 0},  // 'A'
    {8976, 30, 30, 0},  // 'B'
    {9240, 31, 31, 0},  // 'C'
    {9504, 33, 33, 0},  // 'D'
    {9834, 32, 32, 0},  // 'E'
    {10098, 28, 28, 0},  // 'F'
    {10362, 38, 38, 0},  // 'G'
    {10692, 37, 37, 0},  // 'H'
    {11022, 28, 28, 0},  // 'I'
    {11286, 29, 29, 0},  // 'J'
    {11550, 33, 33, 0},  // 'K'
    {11880, 28, 28, 0},  // 'L'
    {12144, 48, 48, 0},  // 'M'
    {12540, 38, 38, 0},  // 'N'
    {12870, 35, 35, 0},  // 'O'
    {13200, 28, 28, 0},  // 'P'
    {13464, 37, 37, 0},  // 'Q'
    {13794, 35, 35, 0},  // 'R'
    {14124, 28, 28, 0},  // 'S'
    {14388, 31, 31, 0},  // 'T'
    {14652, 32, 32, 0},  // 'U'
    {14916, 34, 34, 0},  // 'V'
    {15246, 48, 48, 0},  // 'W'
    {15642, 32, 32, 0},  // 'X'
    {15906, 31, 31, 0},  // 'Y'
    {16170, 31, 31, 0},  // 'Z'
    {16434, 24, 24, 0},  // '['
    {16632, 19, 18, 0},  // '\'
    {16830, 23, 23, 0},  // ']'
    {17028, 30, 30, 0},  // '^'
    {17292, 36, 36, 0},  // '_'
    {17622, 18, 18, 0},  // '`'
    {17820, 32, 32, 0},  // 'a'
    {18084, 29, 29, 0},  // 'b'
    {18348, 25, 25, 0},  // 'c'
    {18612, 32, 32, 0},  // 'd'
    {18876, 29, 29, 0},  // 'e'
    {19140, 19, 19, 0},  // 'f'
    {19338, 32, 32, 0},  // 'g'
    {19602, 31, 31, 0},  // 'h'
    {19866, 14, 14, 0},  // 'i'
    {19998, 18, 14, -4},  // 'j'
    {20196, 29, 29, 0},  // 'k'
    {20460, 16, 16, 0},  // 'l'
    {20592, 43, 43, 0},  // 'm'
    {20988, 31, 31, 0},  // 'n'
    {21252, 30, 30, 0},  // 'o'
    {21516, 29, 29, 0},  // 'p'
    {21780, 33, 30, 0},  // 'q'
    {22110, 24, 24, 0},  // 'r'
    {22308, 25, 25, 0},  // 's'
    {22572, 22, 22, 0},  // 't'
    {22770, 29, 29, 0},  // 'u'
    {23034, 28, 28, 0},  // 'v'
    {23298, 44, 44, 0},  // 'w'
    {23694, 26, 26, 0},  // 'x'
    {23958, 29, 29, 0},  // 'y'
    {24222, 31, 31, 0},  // 'z'
    {24486, 27, 26, 0},  // '{'
    {24750, 14, 14, 0},  // '|'
    {24882, 26, 26, 0},  // '}'
    {25146, 36, 36, 0},  // '~'
};

static const Font shantell_xlarge = {
    66, 51, 70, 32, 126,
    shantell_xlarge_glyphs, shantell_xlarge_bitmap,
};
